delta_v_magnitude,maneuver_proportion,mc_iteration,times_found
0.001,0.0,0,1.0
0.001,0.0,1,1.0
0.001,0.0,2,1.0
0.001,0.0,3,1.0
0.001,0.0,4,1.0
0.001,0.0,5,1.0
0.001,0.0,6,1.0
0.001,0.0,7,1.0
0.001,0.0,8,1.0
0.001,0.0,9,1.0
0.001,0.0,10,1.0
0.001,0.0,11,1.0
0.001,0.0,12,1.0
0.001,0.0,13,1.0
0.001,0.0,14,1.0
0.001,0.0,15,1.0
0.001,0.0,16,1.0
0.001,0.0,17,1.0
0.001,0.0,18,1.0
0.001,0.0,19,1.0
0.001,0.02631578947368421,0,1.0
0.001,0.02631578947368421,1,1.0
0.001,0.02631578947368421,2,1.0
0.001,0.02631578947368421,3,1.0
0.001,0.02631578947368421,4,1.0
0.001,0.02631578947368421,5,1.0
0.001,0.02631578947368421,6,1.0
0.001,0.02631578947368421,7,1.0
0.001,0.02631578947368421,8,1.0
0.001,0.02631578947368421,9,1.0
0.001,0.02631578947368421,10,1.0
0.001,0.02631578947368421,11,1.0
0.001,0.02631578947368421,12,1.0
0.001,0.02631578947368421,13,1.0
0.001,0.02631578947368421,14,1.0
0.001,0.02631578947368421,15,1.0
0.001,0.02631578947368421,16,1.0
0.001,0.02631578947368421,17,1.0
0.001,0.02631578947368421,18,1.0
0.001,0.02631578947368421,19,1.0
0.001,0.05263157894736842,0,1.0
0.001,0.05263157894736842,1,1.0
0.001,0.05263157894736842,2,1.0
0.001,0.05263157894736842,3,1.0
0.001,0.05263157894736842,4,1.0
0.001,0.05263157894736842,5,1.0
0.001,0.05263157894736842,6,1.0
0.001,0.05263157894736842,7,1.0
0.001,0.05263157894736842,8,1.0
0.001,0.05263157894736842,9,1.0
0.001,0.05263157894736842,10,1.0
0.001,0.05263157894736842,11,1.0
0.001,0.05263157894736842,12,1.0
0.001,0.05263157894736842,13,1.0
0.001,0.05263157894736842,14,1.0
0.001,0.05263157894736842,15,1.0
0.001,0.05263157894736842,16,1.0
0.001,0.05263157894736842,17,1.0
0.001,0.05263157894736842,18,1.0
0.001,0.05263157894736842,19,1.0
0.001,0.07894736842105263,0,1.0
0.001,0.07894736842105263,1,1.0
0.001,0.07894736842105263,2,1.0
0.001,0.07894736842105263,3,1.0
0.001,0.07894736842105263,4,1.0
0.001,0.07894736842105263,5,1.0
0.001,0.07894736842105263,6,1.0
0.001,0.07894736842105263,7,1.0
0.001,0.07894736842105263,8,1.0
0.001,0.07894736842105263,9,1.0
0.001,0.07894736842105263,10,1.0
0.001,0.07894736842105263,11,1.0
0.001,0.07894736842105263,12,1.0
0.001,0.07894736842105263,13,1.0
0.001,0.07894736842105263,14,1.0
0.001,0.07894736842105263,15,1.0
0.001,0.07894736842105263,16,1.0
0.001,0.07894736842105263,17,1.0
0.001,0.07894736842105263,18,1.0
0.001,0.07894736842105263,19,1.0
0.001,0.10526315789473684,0,1.0
0.001,0.10526315789473684,1,1.0
0.001,0.10526315789473684,2,1.0
0.001,0.10526315789473684,3,1.0
0.001,0.10526315789473684,4,1.0
0.001,0.10526315789473684,5,1.0
0.001,0.10526315789473684,6,1.0
0.001,0.10526315789473684,7,1.0
0.001,0.10526315789473684,8,1.0
0.001,0.10526315789473684,9,1.0
0.001,0.10526315789473684,10,1.0
0.001,0.10526315789473684,11,1.0
0.001,0.10526315789473684,12,1.0
0.001,0.10526315789473684,13,1.0
0.001,0.10526315789473684,14,1.0
0.001,0.10526315789473684,15,1.0
0.001,0.10526315789473684,16,1.0
0.001,0.10526315789473684,17,1.0
0.001,0.10526315789473684,18,1.0
0.001,0.10526315789473684,19,1.0
0.001,0.13157894736842105,0,1.0
0.001,0.13157894736842105,1,1.0
0.001,0.13157894736842105,2,1.0
0.001,0.13157894736842105,3,1.0
0.001,0.13157894736842105,4,1.0
0.001,0.13157894736842105,5,1.0
0.001,0.13157894736842105,6,1.0
0.001,0.13157894736842105,7,1.0
0.001,0.13157894736842105,8,1.0
0.001,0.13157894736842105,9,1.0
0.001,0.13157894736842105,10,1.0
0.001,0.13157894736842105,11,1.0
0.001,0.13157894736842105,12,1.0
0.001,0.13157894736842105,13,1.0
0.001,0.13157894736842105,14,1.0
0.001,0.13157894736842105,15,1.0
0.001,0.13157894736842105,16,1.0
0.001,0.13157894736842105,17,1.0
0.001,0.13157894736842105,18,1.0
0.001,0.13157894736842105,19,1.0
0.001,0.15789473684210525,0,1.0
0.001,0.15789473684210525,1,1.0
0.001,0.15789473684210525,2,1.0
0.001,0.15789473684210525,3,1.0
0.001,0.15789473684210525,4,1.0
0.001,0.15789473684210525,5,1.0
0.001,0.15789473684210525,6,1.0
0.001,0.15789473684210525,7,1.0
0.001,0.15789473684210525,8,1.0
0.001,0.15789473684210525,9,1.0
0.001,0.15789473684210525,10,1.0
0.001,0.15789473684210525,11,1.0
0.001,0.15789473684210525,12,1.0
0.001,0.15789473684210525,13,1.0
0.001,0.15789473684210525,14,1.0
0.001,0.15789473684210525,15,1.0
0.001,0.15789473684210525,16,1.0
0.001,0.15789473684210525,17,1.0
0.001,0.15789473684210525,18,1.0
0.001,0.15789473684210525,19,1.0
0.001,0.18421052631578946,0,1.0
0.001,0.18421052631578946,1,1.0
0.001,0.18421052631578946,2,1.0
0.001,0.18421052631578946,3,1.0
0.001,0.18421052631578946,4,1.0
0.001,0.18421052631578946,5,1.0
0.001,0.18421052631578946,6,1.0
0.001,0.18421052631578946,7,1.0
0.001,0.18421052631578946,8,1.0
0.001,0.18421052631578946,9,1.0
0.001,0.18421052631578946,10,1.0
0.001,0.18421052631578946,11,1.0
0.001,0.18421052631578946,12,1.0
0.001,0.18421052631578946,13,1.0
0.001,0.18421052631578946,14,1.0
0.001,0.18421052631578946,15,1.0
0.001,0.18421052631578946,16,1.0
0.001,0.18421052631578946,17,1.0
0.001,0.18421052631578946,18,1.0
0.001,0.18421052631578946,19,1.0
0.001,0.21052631578947367,0,1.0
0.001,0.21052631578947367,1,1.0
0.001,0.21052631578947367,2,1.0
0.001,0.21052631578947367,3,1.0
0.001,0.21052631578947367,4,1.0
0.001,0.21052631578947367,5,1.0
0.001,0.21052631578947367,6,1.0
0.001,0.21052631578947367,7,1.0
0.001,0.21052631578947367,8,1.0
0.001,0.21052631578947367,9,1.0
0.001,0.21052631578947367,10,1.0
0.001,0.21052631578947367,11,1.0
0.001,0.21052631578947367,12,1.0
0.001,0.21052631578947367,13,1.0
0.001,0.21052631578947367,14,1.0
0.001,0.21052631578947367,15,1.0
0.001,0.21052631578947367,16,1.0
0.001,0.21052631578947367,17,1.0
0.001,0.21052631578947367,18,1.0
0.001,0.21052631578947367,19,1.0
0.001,0.23684210526315788,0,1.0
0.001,0.23684210526315788,1,1.0
0.001,0.23684210526315788,2,1.0
0.001,0.23684210526315788,3,1.0
0.001,0.23684210526315788,4,1.0
0.001,0.23684210526315788,5,1.0
0.001,0.23684210526315788,6,1.0
0.001,0.23684210526315788,7,1.0
0.001,0.23684210526315788,8,1.0
0.001,0.23684210526315788,9,1.0
0.001,0.23684210526315788,10,1.0
0.001,0.23684210526315788,11,1.0
0.001,0.23684210526315788,12,1.0
0.001,0.23684210526315788,13,1.0
0.001,0.23684210526315788,14,1.0
0.001,0.23684210526315788,15,1.0
0.001,0.23684210526315788,16,1.0
0.001,0.23684210526315788,17,1.0
0.001,0.23684210526315788,18,1.0
0.001,0.23684210526315788,19,1.0
0.001,0.2631578947368421,0,1.0
0.001,0.2631578947368421,1,1.0
0.001,0.2631578947368421,2,1.0
0.001,0.2631578947368421,3,1.0
0.001,0.2631578947368421,4,1.0
0.001,0.2631578947368421,5,1.0
0.001,0.2631578947368421,6,1.0
0.001,0.2631578947368421,7,1.0
0.001,0.2631578947368421,8,1.0
0.001,0.2631578947368421,9,1.0
0.001,0.2631578947368421,10,1.0
0.001,0.2631578947368421,11,1.0
0.001,0.2631578947368421,12,1.0
0.001,0.2631578947368421,13,1.0
0.001,0.2631578947368421,14,1.0
0.001,0.2631578947368421,15,1.0
0.001,0.2631578947368421,16,1.0
0.001,0.2631578947368421,17,1.0
0.001,0.2631578947368421,18,1.0
0.001,0.2631578947368421,19,1.0
0.001,0.2894736842105263,0,1.0
0.001,0.2894736842105263,1,1.0
0.001,0.2894736842105263,2,1.0
0.001,0.2894736842105263,3,1.0
0.001,0.2894736842105263,4,1.0
0.001,0.2894736842105263,5,1.0
0.001,0.2894736842105263,6,1.0
0.001,0.2894736842105263,7,1.0
0.001,0.2894736842105263,8,1.0
0.001,0.2894736842105263,9,1.0
0.001,0.2894736842105263,10,1.0
0.001,0.2894736842105263,11,1.0
0.001,0.2894736842105263,12,1.0
0.001,0.2894736842105263,13,1.0
0.001,0.2894736842105263,14,1.0
0.001,0.2894736842105263,15,1.0
0.001,0.2894736842105263,16,1.0
0.001,0.2894736842105263,17,1.0
0.001,0.2894736842105263,18,1.0
0.001,0.2894736842105263,19,1.0
0.001,0.3157894736842105,0,1.0
0.001,0.3157894736842105,1,1.0
0.001,0.3157894736842105,2,1.0
0.001,0.3157894736842105,3,1.0
0.001,0.3157894736842105,4,1.0
0.001,0.3157894736842105,5,1.0
0.001,0.3157894736842105,6,1.0
0.001,0.3157894736842105,7,1.0
0.001,0.3157894736842105,8,1.0
0.001,0.3157894736842105,9,1.0
0.001,0.3157894736842105,10,1.0
0.001,0.3157894736842105,11,1.0
0.001,0.3157894736842105,12,1.0
0.001,0.3157894736842105,13,1.0
0.001,0.3157894736842105,14,1.0
0.001,0.3157894736842105,15,1.0
0.001,0.3157894736842105,16,1.0
0.001,0.3157894736842105,17,1.0
0.001,0.3157894736842105,18,1.0
0.001,0.3157894736842105,19,1.0
0.001,0.3421052631578947,0,1.0
0.001,0.3421052631578947,1,1.0
0.001,0.3421052631578947,2,1.0
0.001,0.3421052631578947,3,1.0
0.001,0.3421052631578947,4,1.0
0.001,0.3421052631578947,5,1.0
0.001,0.3421052631578947,6,1.0
0.001,0.3421052631578947,7,1.0
0.001,0.3421052631578947,8,1.0
0.001,0.3421052631578947,9,1.0
0.001,0.3421052631578947,10,1.0
0.001,0.3421052631578947,11,1.0
0.001,0.3421052631578947,12,1.0
0.001,0.3421052631578947,13,1.0
0.001,0.3421052631578947,14,1.0
0.001,0.3421052631578947,15,1.0
0.001,0.3421052631578947,16,1.0
0.001,0.3421052631578947,17,1.0
0.001,0.3421052631578947,18,1.0
0.001,0.3421052631578947,19,1.0
0.001,0.3684210526315789,0,1.0
0.001,0.3684210526315789,1,1.0
0.001,0.3684210526315789,2,1.0
0.001,0.3684210526315789,3,1.0
0.001,0.3684210526315789,4,1.0
0.001,0.3684210526315789,5,1.0
0.001,0.3684210526315789,6,1.0
0.001,0.3684210526315789,7,1.0
0.001,0.3684210526315789,8,1.0
0.001,0.3684210526315789,9,1.0
0.001,0.3684210526315789,10,1.0
0.001,0.3684210526315789,11,1.0
0.001,0.3684210526315789,12,1.0
0.001,0.3684210526315789,13,1.0
0.001,0.3684210526315789,14,1.0
0.001,0.3684210526315789,15,1.0
0.001,0.3684210526315789,16,1.0
0.001,0.3684210526315789,17,1.0
0.001,0.3684210526315789,18,1.0
0.001,0.3684210526315789,19,1.0
0.001,0.39473684210526316,0,1.0
0.001,0.39473684210526316,1,1.0
0.001,0.39473684210526316,2,1.0
0.001,0.39473684210526316,3,1.0
0.001,0.39473684210526316,4,1.0
0.001,0.39473684210526316,5,1.0
0.001,0.39473684210526316,6,1.0
0.001,0.39473684210526316,7,1.0
0.001,0.39473684210526316,8,1.0
0.001,0.39473684210526316,9,1.0
0.001,0.39473684210526316,10,1.0
0.001,0.39473684210526316,11,1.0
0.001,0.39473684210526316,12,1.0
0.001,0.39473684210526316,13,1.0
0.001,0.39473684210526316,14,1.0
0.001,0.39473684210526316,15,1.0
0.001,0.39473684210526316,16,1.0
0.001,0.39473684210526316,17,1.0
0.001,0.39473684210526316,18,1.0
0.001,0.39473684210526316,19,1.0
0.001,0.42105263157894735,0,1.0
0.001,0.42105263157894735,1,1.0
0.001,0.42105263157894735,2,1.0
0.001,0.42105263157894735,3,1.0
0.001,0.42105263157894735,4,1.0
0.001,0.42105263157894735,5,1.0
0.001,0.42105263157894735,6,1.0
0.001,0.42105263157894735,7,1.0
0.001,0.42105263157894735,8,1.0
0.001,0.42105263157894735,9,1.0
0.001,0.42105263157894735,10,1.0
0.001,0.42105263157894735,11,1.0
0.001,0.42105263157894735,12,1.0
0.001,0.42105263157894735,13,1.0
0.001,0.42105263157894735,14,1.0
0.001,0.42105263157894735,15,1.0
0.001,0.42105263157894735,16,1.0
0.001,0.42105263157894735,17,1.0
0.001,0.42105263157894735,18,1.0
0.001,0.42105263157894735,19,1.0
0.001,0.4473684210526315,0,1.0
0.001,0.4473684210526315,1,1.0
0.001,0.4473684210526315,2,1.0
0.001,0.4473684210526315,3,1.0
0.001,0.4473684210526315,4,1.0
0.001,0.4473684210526315,5,1.0
0.001,0.4473684210526315,6,1.0
0.001,0.4473684210526315,7,1.0
0.001,0.4473684210526315,8,1.0
0.001,0.4473684210526315,9,1.0
0.001,0.4473684210526315,10,1.0
0.001,0.4473684210526315,11,1.0
0.001,0.4473684210526315,12,1.0
0.001,0.4473684210526315,13,1.0
0.001,0.4473684210526315,14,1.0
0.001,0.4473684210526315,15,1.0
0.001,0.4473684210526315,16,1.0
0.001,0.4473684210526315,17,1.0
0.001,0.4473684210526315,18,1.0
0.001,0.4473684210526315,19,1.0
0.001,0.47368421052631576,0,1.0
0.001,0.47368421052631576,1,1.0
0.001,0.47368421052631576,2,1.0
0.001,0.47368421052631576,3,1.0
0.001,0.47368421052631576,4,1.0
0.001,0.47368421052631576,5,1.0
0.001,0.47368421052631576,6,1.0
0.001,0.47368421052631576,7,1.0
0.001,0.47368421052631576,8,1.0
0.001,0.47368421052631576,9,1.0
0.001,0.47368421052631576,10,1.0
0.001,0.47368421052631576,11,1.0
0.001,0.47368421052631576,12,1.0
0.001,0.47368421052631576,13,1.0
0.001,0.47368421052631576,14,1.0
0.001,0.47368421052631576,15,1.0
0.001,0.47368421052631576,16,1.0
0.001,0.47368421052631576,17,1.0
0.001,0.47368421052631576,18,1.0
0.001,0.47368421052631576,19,1.0
0.001,0.5,0,1.0
0.001,0.5,1,1.0
0.001,0.5,2,1.0
0.001,0.5,3,1.0
0.001,0.5,4,1.0
0.001,0.5,5,1.0
0.001,0.5,6,1.0
0.001,0.5,7,1.0
0.001,0.5,8,1.0
0.001,0.5,9,1.0
0.001,0.5,10,1.0
0.001,0.5,11,1.0
0.001,0.5,12,1.0
0.001,0.5,13,1.0
0.001,0.5,14,1.0
0.001,0.5,15,1.0
0.001,0.5,16,1.0
0.001,0.5,17,1.0
0.001,0.5,18,1.0
0.001,0.5,19,1.0
0.0014384498882876629,0.0,0,1.0
0.0014384498882876629,0.0,1,1.0
0.0014384498882876629,0.0,2,1.0
0.0014384498882876629,0.0,3,1.0
0.0014384498882876629,0.0,4,1.0
0.0014384498882876629,0.0,5,1.0
0.0014384498882876629,0.0,6,1.0
0.0014384498882876629,0.0,7,1.0
0.0014384498882876629,0.0,8,1.0
0.0014384498882876629,0.0,9,1.0
0.0014384498882876629,0.0,10,1.0
0.0014384498882876629,0.0,11,1.0
0.0014384498882876629,0.0,12,1.0
0.0014384498882876629,0.0,13,1.0
0.0014384498882876629,0.0,14,1.0
0.0014384498882876629,0.0,15,1.0
0.0014384498882876629,0.0,16,1.0
0.0014384498882876629,0.0,17,1.0
0.0014384498882876629,0.0,18,1.0
0.0014384498882876629,0.0,19,1.0
0.0014384498882876629,0.02631578947368421,0,1.0
0.0014384498882876629,0.02631578947368421,1,1.0
0.0014384498882876629,0.02631578947368421,2,1.0
0.0014384498882876629,0.02631578947368421,3,1.0
0.0014384498882876629,0.02631578947368421,4,1.0
0.0014384498882876629,0.02631578947368421,5,1.0
0.0014384498882876629,0.02631578947368421,6,1.0
0.0014384498882876629,0.02631578947368421,7,1.0
0.0014384498882876629,0.02631578947368421,8,1.0
0.0014384498882876629,0.02631578947368421,9,1.0
0.0014384498882876629,0.02631578947368421,10,1.0
0.0014384498882876629,0.02631578947368421,11,1.0
0.0014384498882876629,0.02631578947368421,12,1.0
0.0014384498882876629,0.02631578947368421,13,1.0
0.0014384498882876629,0.02631578947368421,14,1.0
0.0014384498882876629,0.02631578947368421,15,1.0
0.0014384498882876629,0.02631578947368421,16,1.0
0.0014384498882876629,0.02631578947368421,17,1.0
0.0014384498882876629,0.02631578947368421,18,1.0
0.0014384498882876629,0.02631578947368421,19,1.0
0.0014384498882876629,0.05263157894736842,0,1.0
0.0014384498882876629,0.05263157894736842,1,1.0
0.0014384498882876629,0.05263157894736842,2,1.0
0.0014384498882876629,0.05263157894736842,3,1.0
0.0014384498882876629,0.05263157894736842,4,1.0
0.0014384498882876629,0.05263157894736842,5,1.0
0.0014384498882876629,0.05263157894736842,6,1.0
0.0014384498882876629,0.05263157894736842,7,1.0
0.0014384498882876629,0.05263157894736842,8,1.0
0.0014384498882876629,0.05263157894736842,9,1.0
0.0014384498882876629,0.05263157894736842,10,1.0
0.0014384498882876629,0.05263157894736842,11,1.0
0.0014384498882876629,0.05263157894736842,12,1.0
0.0014384498882876629,0.05263157894736842,13,1.0
0.0014384498882876629,0.05263157894736842,14,1.0
0.0014384498882876629,0.05263157894736842,15,1.0
0.0014384498882876629,0.05263157894736842,16,1.0
0.0014384498882876629,0.05263157894736842,17,1.0
0.0014384498882876629,0.05263157894736842,18,1.0
0.0014384498882876629,0.05263157894736842,19,1.0
0.0014384498882876629,0.07894736842105263,0,1.0
0.0014384498882876629,0.07894736842105263,1,1.0
0.0014384498882876629,0.07894736842105263,2,1.0
0.0014384498882876629,0.07894736842105263,3,1.0
0.0014384498882876629,0.07894736842105263,4,1.0
0.0014384498882876629,0.07894736842105263,5,1.0
0.0014384498882876629,0.07894736842105263,6,1.0
0.0014384498882876629,0.07894736842105263,7,1.0
0.0014384498882876629,0.07894736842105263,8,1.0
0.0014384498882876629,0.07894736842105263,9,1.0
0.0014384498882876629,0.07894736842105263,10,1.0
0.0014384498882876629,0.07894736842105263,11,1.0
0.0014384498882876629,0.07894736842105263,12,1.0
0.0014384498882876629,0.07894736842105263,13,1.0
0.0014384498882876629,0.07894736842105263,14,1.0
0.0014384498882876629,0.07894736842105263,15,1.0
0.0014384498882876629,0.07894736842105263,16,1.0
0.0014384498882876629,0.07894736842105263,17,1.0
0.0014384498882876629,0.07894736842105263,18,1.0
0.0014384498882876629,0.07894736842105263,19,1.0
0.0014384498882876629,0.10526315789473684,0,1.0
0.0014384498882876629,0.10526315789473684,1,1.0
0.0014384498882876629,0.10526315789473684,2,1.0
0.0014384498882876629,0.10526315789473684,3,1.0
0.0014384498882876629,0.10526315789473684,4,1.0
0.0014384498882876629,0.10526315789473684,5,1.0
0.0014384498882876629,0.10526315789473684,6,1.0
0.0014384498882876629,0.10526315789473684,7,1.0
0.0014384498882876629,0.10526315789473684,8,1.0
0.0014384498882876629,0.10526315789473684,9,1.0
0.0014384498882876629,0.10526315789473684,10,1.0
0.0014384498882876629,0.10526315789473684,11,1.0
0.0014384498882876629,0.10526315789473684,12,1.0
0.0014384498882876629,0.10526315789473684,13,1.0
0.0014384498882876629,0.10526315789473684,14,1.0
0.0014384498882876629,0.10526315789473684,15,1.0
0.0014384498882876629,0.10526315789473684,16,1.0
0.0014384498882876629,0.10526315789473684,17,1.0
0.0014384498882876629,0.10526315789473684,18,1.0
0.0014384498882876629,0.10526315789473684,19,1.0
0.0014384498882876629,0.13157894736842105,0,1.0
0.0014384498882876629,0.13157894736842105,1,1.0
0.0014384498882876629,0.13157894736842105,2,1.0
0.0014384498882876629,0.13157894736842105,3,1.0
0.0014384498882876629,0.13157894736842105,4,1.0
0.0014384498882876629,0.13157894736842105,5,1.0
0.0014384498882876629,0.13157894736842105,6,1.0
0.0014384498882876629,0.13157894736842105,7,1.0
0.0014384498882876629,0.13157894736842105,8,1.0
0.0014384498882876629,0.13157894736842105,9,1.0
0.0014384498882876629,0.13157894736842105,10,1.0
0.0014384498882876629,0.13157894736842105,11,1.0
0.0014384498882876629,0.13157894736842105,12,1.0
0.0014384498882876629,0.13157894736842105,13,1.0
0.0014384498882876629,0.13157894736842105,14,1.0
0.0014384498882876629,0.13157894736842105,15,1.0
0.0014384498882876629,0.13157894736842105,16,1.0
0.0014384498882876629,0.13157894736842105,17,1.0
0.0014384498882876629,0.13157894736842105,18,1.0
0.0014384498882876629,0.13157894736842105,19,1.0
0.0014384498882876629,0.15789473684210525,0,1.0
0.0014384498882876629,0.15789473684210525,1,1.0
0.0014384498882876629,0.15789473684210525,2,1.0
0.0014384498882876629,0.15789473684210525,3,1.0
0.0014384498882876629,0.15789473684210525,4,1.0
0.0014384498882876629,0.15789473684210525,5,1.0
0.0014384498882876629,0.15789473684210525,6,1.0
0.0014384498882876629,0.15789473684210525,7,1.0
0.0014384498882876629,0.15789473684210525,8,1.0
0.0014384498882876629,0.15789473684210525,9,1.0
0.0014384498882876629,0.15789473684210525,10,1.0
0.0014384498882876629,0.15789473684210525,11,1.0
0.0014384498882876629,0.15789473684210525,12,1.0
0.0014384498882876629,0.15789473684210525,13,1.0
0.0014384498882876629,0.15789473684210525,14,1.0
0.0014384498882876629,0.15789473684210525,15,1.0
0.0014384498882876629,0.15789473684210525,16,1.0
0.0014384498882876629,0.15789473684210525,17,1.0
0.0014384498882876629,0.15789473684210525,18,1.0
0.0014384498882876629,0.15789473684210525,19,1.0
0.0014384498882876629,0.18421052631578946,0,1.0
0.0014384498882876629,0.18421052631578946,1,1.0
0.0014384498882876629,0.18421052631578946,2,1.0
0.0014384498882876629,0.18421052631578946,3,1.0
0.0014384498882876629,0.18421052631578946,4,1.0
0.0014384498882876629,0.18421052631578946,5,1.0
0.0014384498882876629,0.18421052631578946,6,1.0
0.0014384498882876629,0.18421052631578946,7,1.0
0.0014384498882876629,0.18421052631578946,8,1.0
0.0014384498882876629,0.18421052631578946,9,1.0
0.0014384498882876629,0.18421052631578946,10,1.0
0.0014384498882876629,0.18421052631578946,11,1.0
0.0014384498882876629,0.18421052631578946,12,1.0
0.0014384498882876629,0.18421052631578946,13,1.0
0.0014384498882876629,0.18421052631578946,14,1.0
0.0014384498882876629,0.18421052631578946,15,1.0
0.0014384498882876629,0.18421052631578946,16,1.0
0.0014384498882876629,0.18421052631578946,17,1.0
0.0014384498882876629,0.18421052631578946,18,1.0
0.0014384498882876629,0.18421052631578946,19,1.0
0.0014384498882876629,0.21052631578947367,0,1.0
0.0014384498882876629,0.21052631578947367,1,1.0
0.0014384498882876629,0.21052631578947367,2,1.0
0.0014384498882876629,0.21052631578947367,3,1.0
0.0014384498882876629,0.21052631578947367,4,1.0
0.0014384498882876629,0.21052631578947367,5,1.0
0.0014384498882876629,0.21052631578947367,6,1.0
0.0014384498882876629,0.21052631578947367,7,1.0
0.0014384498882876629,0.21052631578947367,8,1.0
0.0014384498882876629,0.21052631578947367,9,1.0
0.0014384498882876629,0.21052631578947367,10,1.0
0.0014384498882876629,0.21052631578947367,11,1.0
0.0014384498882876629,0.21052631578947367,12,1.0
0.0014384498882876629,0.21052631578947367,13,1.0
0.0014384498882876629,0.21052631578947367,14,1.0
0.0014384498882876629,0.21052631578947367,15,1.0
0.0014384498882876629,0.21052631578947367,16,1.0
0.0014384498882876629,0.21052631578947367,17,1.0
0.0014384498882876629,0.21052631578947367,18,1.0
0.0014384498882876629,0.21052631578947367,19,1.0
0.0014384498882876629,0.23684210526315788,0,1.0
0.0014384498882876629,0.23684210526315788,1,1.0
0.0014384498882876629,0.23684210526315788,2,1.0
0.0014384498882876629,0.23684210526315788,3,1.0
0.0014384498882876629,0.23684210526315788,4,1.0
0.0014384498882876629,0.23684210526315788,5,1.0
0.0014384498882876629,0.23684210526315788,6,1.0
0.0014384498882876629,0.23684210526315788,7,1.0
0.0014384498882876629,0.23684210526315788,8,1.0
0.0014384498882876629,0.23684210526315788,9,1.0
0.0014384498882876629,0.23684210526315788,10,1.0
0.0014384498882876629,0.23684210526315788,11,1.0
0.0014384498882876629,0.23684210526315788,12,1.0
0.0014384498882876629,0.23684210526315788,13,1.0
0.0014384498882876629,0.23684210526315788,14,1.0
0.0014384498882876629,0.23684210526315788,15,1.0
0.0014384498882876629,0.23684210526315788,16,1.0
0.0014384498882876629,0.23684210526315788,17,1.0
0.0014384498882876629,0.23684210526315788,18,1.0
0.0014384498882876629,0.23684210526315788,19,1.0
0.0014384498882876629,0.2631578947368421,0,1.0
0.0014384498882876629,0.2631578947368421,1,1.0
0.0014384498882876629,0.2631578947368421,2,1.0
0.0014384498882876629,0.2631578947368421,3,1.0
0.0014384498882876629,0.2631578947368421,4,1.0
0.0014384498882876629,0.2631578947368421,5,1.0
0.0014384498882876629,0.2631578947368421,6,1.0
0.0014384498882876629,0.2631578947368421,7,1.0
0.0014384498882876629,0.2631578947368421,8,1.0
0.0014384498882876629,0.2631578947368421,9,1.0
0.0014384498882876629,0.2631578947368421,10,1.0
0.0014384498882876629,0.2631578947368421,11,1.0
0.0014384498882876629,0.2631578947368421,12,1.0
0.0014384498882876629,0.2631578947368421,13,1.0
0.0014384498882876629,0.2631578947368421,14,1.0
0.0014384498882876629,0.2631578947368421,15,1.0
0.0014384498882876629,0.2631578947368421,16,1.0
0.0014384498882876629,0.2631578947368421,17,1.0
0.0014384498882876629,0.2631578947368421,18,1.0
0.0014384498882876629,0.2631578947368421,19,1.0
0.0014384498882876629,0.2894736842105263,0,1.0
0.0014384498882876629,0.2894736842105263,1,1.0
0.0014384498882876629,0.2894736842105263,2,1.0
0.0014384498882876629,0.2894736842105263,3,1.0
0.0014384498882876629,0.2894736842105263,4,1.0
0.0014384498882876629,0.2894736842105263,5,1.0
0.0014384498882876629,0.2894736842105263,6,1.0
0.0014384498882876629,0.2894736842105263,7,1.0
0.0014384498882876629,0.2894736842105263,8,1.0
0.0014384498882876629,0.2894736842105263,9,1.0
0.0014384498882876629,0.2894736842105263,10,1.0
0.0014384498882876629,0.2894736842105263,11,1.0
0.0014384498882876629,0.2894736842105263,12,1.0
0.0014384498882876629,0.2894736842105263,13,1.0
0.0014384498882876629,0.2894736842105263,14,1.0
0.0014384498882876629,0.2894736842105263,15,1.0
0.0014384498882876629,0.2894736842105263,16,1.0
0.0014384498882876629,0.2894736842105263,17,1.0
0.0014384498882876629,0.2894736842105263,18,1.0
0.0014384498882876629,0.2894736842105263,19,1.0
0.0014384498882876629,0.3157894736842105,0,1.0
0.0014384498882876629,0.3157894736842105,1,1.0
0.0014384498882876629,0.3157894736842105,2,1.0
0.0014384498882876629,0.3157894736842105,3,1.0
0.0014384498882876629,0.3157894736842105,4,1.0
0.0014384498882876629,0.3157894736842105,5,1.0
0.0014384498882876629,0.3157894736842105,6,1.0
0.0014384498882876629,0.3157894736842105,7,1.0
0.0014384498882876629,0.3157894736842105,8,1.0
0.0014384498882876629,0.3157894736842105,9,1.0
0.0014384498882876629,0.3157894736842105,10,1.0
0.0014384498882876629,0.3157894736842105,11,1.0
0.0014384498882876629,0.3157894736842105,12,1.0
0.0014384498882876629,0.3157894736842105,13,1.0
0.0014384498882876629,0.3157894736842105,14,1.0
0.0014384498882876629,0.3157894736842105,15,1.0
0.0014384498882876629,0.3157894736842105,16,1.0
0.0014384498882876629,0.3157894736842105,17,1.0
0.0014384498882876629,0.3157894736842105,18,1.0
0.0014384498882876629,0.3157894736842105,19,1.0
0.0014384498882876629,0.3421052631578947,0,1.0
0.0014384498882876629,0.3421052631578947,1,1.0
0.0014384498882876629,0.3421052631578947,2,1.0
0.0014384498882876629,0.3421052631578947,3,1.0
0.0014384498882876629,0.3421052631578947,4,1.0
0.0014384498882876629,0.3421052631578947,5,1.0
0.0014384498882876629,0.3421052631578947,6,1.0
0.0014384498882876629,0.3421052631578947,7,1.0
0.0014384498882876629,0.3421052631578947,8,1.0
0.0014384498882876629,0.3421052631578947,9,1.0
0.0014384498882876629,0.3421052631578947,10,1.0
0.0014384498882876629,0.3421052631578947,11,1.0
0.0014384498882876629,0.3421052631578947,12,1.0
0.0014384498882876629,0.3421052631578947,13,1.0
0.0014384498882876629,0.3421052631578947,14,1.0
0.0014384498882876629,0.3421052631578947,15,1.0
0.0014384498882876629,0.3421052631578947,16,1.0
0.0014384498882876629,0.3421052631578947,17,1.0
0.0014384498882876629,0.3421052631578947,18,1.0
0.0014384498882876629,0.3421052631578947,19,1.0
0.0014384498882876629,0.3684210526315789,0,1.0
0.0014384498882876629,0.3684210526315789,1,1.0
0.0014384498882876629,0.3684210526315789,2,1.0
0.0014384498882876629,0.3684210526315789,3,1.0
0.0014384498882876629,0.3684210526315789,4,1.0
0.0014384498882876629,0.3684210526315789,5,1.0
0.0014384498882876629,0.3684210526315789,6,1.0
0.0014384498882876629,0.3684210526315789,7,1.0
0.0014384498882876629,0.3684210526315789,8,1.0
0.0014384498882876629,0.3684210526315789,9,1.0
0.0014384498882876629,0.3684210526315789,10,1.0
0.0014384498882876629,0.3684210526315789,11,1.0
0.0014384498882876629,0.3684210526315789,12,1.0
0.0014384498882876629,0.3684210526315789,13,1.0
0.0014384498882876629,0.3684210526315789,14,1.0
0.0014384498882876629,0.3684210526315789,15,1.0
0.0014384498882876629,0.3684210526315789,16,1.0
0.0014384498882876629,0.3684210526315789,17,1.0
0.0014384498882876629,0.3684210526315789,18,1.0
0.0014384498882876629,0.3684210526315789,19,1.0
0.0014384498882876629,0.39473684210526316,0,1.0
0.0014384498882876629,0.39473684210526316,1,1.0
0.0014384498882876629,0.39473684210526316,2,1.0
0.0014384498882876629,0.39473684210526316,3,1.0
0.0014384498882876629,0.39473684210526316,4,1.0
0.0014384498882876629,0.39473684210526316,5,1.0
0.0014384498882876629,0.39473684210526316,6,1.0
0.0014384498882876629,0.39473684210526316,7,1.0
0.0014384498882876629,0.39473684210526316,8,1.0
0.0014384498882876629,0.39473684210526316,9,1.0
0.0014384498882876629,0.39473684210526316,10,1.0
0.0014384498882876629,0.39473684210526316,11,1.0
0.0014384498882876629,0.39473684210526316,12,1.0
0.0014384498882876629,0.39473684210526316,13,1.0
0.0014384498882876629,0.39473684210526316,14,1.0
0.0014384498882876629,0.39473684210526316,15,1.0
0.0014384498882876629,0.39473684210526316,16,1.0
0.0014384498882876629,0.39473684210526316,17,1.0
0.0014384498882876629,0.39473684210526316,18,1.0
0.0014384498882876629,0.39473684210526316,19,1.0
0.0014384498882876629,0.42105263157894735,0,1.0
0.0014384498882876629,0.42105263157894735,1,1.0
0.0014384498882876629,0.42105263157894735,2,1.0
0.0014384498882876629,0.42105263157894735,3,1.0
0.0014384498882876629,0.42105263157894735,4,1.0
0.0014384498882876629,0.42105263157894735,5,1.0
0.0014384498882876629,0.42105263157894735,6,1.0
0.0014384498882876629,0.42105263157894735,7,1.0
0.0014384498882876629,0.42105263157894735,8,1.0
0.0014384498882876629,0.42105263157894735,9,1.0
0.0014384498882876629,0.42105263157894735,10,1.0
0.0014384498882876629,0.42105263157894735,11,1.0
0.0014384498882876629,0.42105263157894735,12,1.0
0.0014384498882876629,0.42105263157894735,13,1.0
0.0014384498882876629,0.42105263157894735,14,1.0
0.0014384498882876629,0.42105263157894735,15,1.0
0.0014384498882876629,0.42105263157894735,16,1.0
0.0014384498882876629,0.42105263157894735,17,1.0
0.0014384498882876629,0.42105263157894735,18,1.0
0.0014384498882876629,0.42105263157894735,19,1.0
0.0014384498882876629,0.4473684210526315,0,1.0
0.0014384498882876629,0.4473684210526315,1,1.0
0.0014384498882876629,0.4473684210526315,2,1.0
0.0014384498882876629,0.4473684210526315,3,1.0
0.0014384498882876629,0.4473684210526315,4,1.0
0.0014384498882876629,0.4473684210526315,5,1.0
0.0014384498882876629,0.4473684210526315,6,1.0
0.0014384498882876629,0.4473684210526315,7,1.0
0.0014384498882876629,0.4473684210526315,8,1.0
0.0014384498882876629,0.4473684210526315,9,1.0
0.0014384498882876629,0.4473684210526315,10,1.0
0.0014384498882876629,0.4473684210526315,11,1.0
0.0014384498882876629,0.4473684210526315,12,1.0
0.0014384498882876629,0.4473684210526315,13,1.0
0.0014384498882876629,0.4473684210526315,14,1.0
0.0014384498882876629,0.4473684210526315,15,1.0
0.0014384498882876629,0.4473684210526315,16,1.0
0.0014384498882876629,0.4473684210526315,17,1.0
0.0014384498882876629,0.4473684210526315,18,1.0
0.0014384498882876629,0.4473684210526315,19,1.0
0.0014384498882876629,0.47368421052631576,0,1.0
0.0014384498882876629,0.47368421052631576,1,1.0
0.0014384498882876629,0.47368421052631576,2,1.0
0.0014384498882876629,0.47368421052631576,3,1.0
0.0014384498882876629,0.47368421052631576,4,1.0
0.0014384498882876629,0.47368421052631576,5,1.0
0.0014384498882876629,0.47368421052631576,6,1.0
0.0014384498882876629,0.47368421052631576,7,1.0
0.0014384498882876629,0.47368421052631576,8,1.0
0.0014384498882876629,0.47368421052631576,9,1.0
0.0014384498882876629,0.47368421052631576,10,1.0
0.0014384498882876629,0.47368421052631576,11,1.0
0.0014384498882876629,0.47368421052631576,12,1.0
0.0014384498882876629,0.47368421052631576,13,1.0
0.0014384498882876629,0.47368421052631576,14,1.0
0.0014384498882876629,0.47368421052631576,15,1.0
0.0014384498882876629,0.47368421052631576,16,1.0
0.0014384498882876629,0.47368421052631576,17,1.0
0.0014384498882876629,0.47368421052631576,18,1.0
0.0014384498882876629,0.47368421052631576,19,1.0
0.0014384498882876629,0.5,0,1.0
0.0014384498882876629,0.5,1,1.0
0.0014384498882876629,0.5,2,1.0
0.0014384498882876629,0.5,3,1.0
0.0014384498882876629,0.5,4,1.0
0.0014384498882876629,0.5,5,1.0
0.0014384498882876629,0.5,6,1.0
0.0014384498882876629,0.5,7,1.0
0.0014384498882876629,0.5,8,1.0
0.0014384498882876629,0.5,9,1.0
0.0014384498882876629,0.5,10,1.0
0.0014384498882876629,0.5,11,1.0
0.0014384498882876629,0.5,12,1.0
0.0014384498882876629,0.5,13,1.0
0.0014384498882876629,0.5,14,1.0
0.0014384498882876629,0.5,15,1.0
0.0014384498882876629,0.5,16,1.0
0.0014384498882876629,0.5,17,1.0
0.0014384498882876629,0.5,18,1.0
0.0014384498882876629,0.5,19,1.0
0.00206913808111479,0.0,0,1.0
0.00206913808111479,0.0,1,1.0
0.00206913808111479,0.0,2,1.0
0.00206913808111479,0.0,3,1.0
0.00206913808111479,0.0,4,1.0
0.00206913808111479,0.0,5,1.0
0.00206913808111479,0.0,6,1.0
0.00206913808111479,0.0,7,1.0
0.00206913808111479,0.0,8,1.0
0.00206913808111479,0.0,9,1.0
0.00206913808111479,0.0,10,1.0
0.00206913808111479,0.0,11,1.0
0.00206913808111479,0.0,12,1.0
0.00206913808111479,0.0,13,1.0
0.00206913808111479,0.0,14,1.0
0.00206913808111479,0.0,15,1.0
0.00206913808111479,0.0,16,1.0
0.00206913808111479,0.0,17,1.0
0.00206913808111479,0.0,18,1.0
0.00206913808111479,0.0,19,1.0
0.00206913808111479,0.02631578947368421,0,1.0
0.00206913808111479,0.02631578947368421,1,1.0
0.00206913808111479,0.02631578947368421,2,1.0
0.00206913808111479,0.02631578947368421,3,1.0
0.00206913808111479,0.02631578947368421,4,1.0
0.00206913808111479,0.02631578947368421,5,1.0
0.00206913808111479,0.02631578947368421,6,1.0
0.00206913808111479,0.02631578947368421,7,1.0
0.00206913808111479,0.02631578947368421,8,1.0
0.00206913808111479,0.02631578947368421,9,1.0
0.00206913808111479,0.02631578947368421,10,1.0
0.00206913808111479,0.02631578947368421,11,1.0
0.00206913808111479,0.02631578947368421,12,1.0
0.00206913808111479,0.02631578947368421,13,1.0
0.00206913808111479,0.02631578947368421,14,1.0
0.00206913808111479,0.02631578947368421,15,1.0
0.00206913808111479,0.02631578947368421,16,1.0
0.00206913808111479,0.02631578947368421,17,1.0
0.00206913808111479,0.02631578947368421,18,1.0
0.00206913808111479,0.02631578947368421,19,1.0
0.00206913808111479,0.05263157894736842,0,1.0
0.00206913808111479,0.05263157894736842,1,1.0
0.00206913808111479,0.05263157894736842,2,1.0
0.00206913808111479,0.05263157894736842,3,1.0
0.00206913808111479,0.05263157894736842,4,1.0
0.00206913808111479,0.05263157894736842,5,1.0
0.00206913808111479,0.05263157894736842,6,1.0
0.00206913808111479,0.05263157894736842,7,1.0
0.00206913808111479,0.05263157894736842,8,1.0
0.00206913808111479,0.05263157894736842,9,1.0
0.00206913808111479,0.05263157894736842,10,1.0
0.00206913808111479,0.05263157894736842,11,1.0
0.00206913808111479,0.05263157894736842,12,1.0
0.00206913808111479,0.05263157894736842,13,1.0
0.00206913808111479,0.05263157894736842,14,1.0
0.00206913808111479,0.05263157894736842,15,1.0
0.00206913808111479,0.05263157894736842,16,1.0
0.00206913808111479,0.05263157894736842,17,1.0
0.00206913808111479,0.05263157894736842,18,1.0
0.00206913808111479,0.05263157894736842,19,1.0
0.00206913808111479,0.07894736842105263,0,1.0
0.00206913808111479,0.07894736842105263,1,1.0
0.00206913808111479,0.07894736842105263,2,1.0
0.00206913808111479,0.07894736842105263,3,1.0
0.00206913808111479,0.07894736842105263,4,1.0
0.00206913808111479,0.07894736842105263,5,1.0
0.00206913808111479,0.07894736842105263,6,1.0
0.00206913808111479,0.07894736842105263,7,1.0
0.00206913808111479,0.07894736842105263,8,1.0
0.00206913808111479,0.07894736842105263,9,1.0
0.00206913808111479,0.07894736842105263,10,1.0
0.00206913808111479,0.07894736842105263,11,1.0
0.00206913808111479,0.07894736842105263,12,1.0
0.00206913808111479,0.07894736842105263,13,1.0
0.00206913808111479,0.07894736842105263,14,1.0
0.00206913808111479,0.07894736842105263,15,1.0
0.00206913808111479,0.07894736842105263,16,1.0
0.00206913808111479,0.07894736842105263,17,1.0
0.00206913808111479,0.07894736842105263,18,1.0
0.00206913808111479,0.07894736842105263,19,1.0
0.00206913808111479,0.10526315789473684,0,1.0
0.00206913808111479,0.10526315789473684,1,1.0
0.00206913808111479,0.10526315789473684,2,1.0
0.00206913808111479,0.10526315789473684,3,1.0
0.00206913808111479,0.10526315789473684,4,1.0
0.00206913808111479,0.10526315789473684,5,1.0
0.00206913808111479,0.10526315789473684,6,1.0
0.00206913808111479,0.10526315789473684,7,1.0
0.00206913808111479,0.10526315789473684,8,1.0
0.00206913808111479,0.10526315789473684,9,1.0
0.00206913808111479,0.10526315789473684,10,1.0
0.00206913808111479,0.10526315789473684,11,1.0
0.00206913808111479,0.10526315789473684,12,1.0
0.00206913808111479,0.10526315789473684,13,1.0
0.00206913808111479,0.10526315789473684,14,1.0
0.00206913808111479,0.10526315789473684,15,1.0
0.00206913808111479,0.10526315789473684,16,1.0
0.00206913808111479,0.10526315789473684,17,1.0
0.00206913808111479,0.10526315789473684,18,1.0
0.00206913808111479,0.10526315789473684,19,1.0
0.00206913808111479,0.13157894736842105,0,1.0
0.00206913808111479,0.13157894736842105,1,1.0
0.00206913808111479,0.13157894736842105,2,1.0
0.00206913808111479,0.13157894736842105,3,1.0
0.00206913808111479,0.13157894736842105,4,1.0
0.00206913808111479,0.13157894736842105,5,1.0
0.00206913808111479,0.13157894736842105,6,1.0
0.00206913808111479,0.13157894736842105,7,1.0
0.00206913808111479,0.13157894736842105,8,1.0
0.00206913808111479,0.13157894736842105,9,1.0
0.00206913808111479,0.13157894736842105,10,1.0
0.00206913808111479,0.13157894736842105,11,1.0
0.00206913808111479,0.13157894736842105,12,1.0
0.00206913808111479,0.13157894736842105,13,1.0
0.00206913808111479,0.13157894736842105,14,1.0
0.00206913808111479,0.13157894736842105,15,1.0
0.00206913808111479,0.13157894736842105,16,1.0
0.00206913808111479,0.13157894736842105,17,1.0
0.00206913808111479,0.13157894736842105,18,1.0
0.00206913808111479,0.13157894736842105,19,1.0
0.00206913808111479,0.15789473684210525,0,1.0
0.00206913808111479,0.15789473684210525,1,1.0
0.00206913808111479,0.15789473684210525,2,1.0
0.00206913808111479,0.15789473684210525,3,1.0
0.00206913808111479,0.15789473684210525,4,1.0
0.00206913808111479,0.15789473684210525,5,1.0
0.00206913808111479,0.15789473684210525,6,1.0
0.00206913808111479,0.15789473684210525,7,1.0
0.00206913808111479,0.15789473684210525,8,1.0
0.00206913808111479,0.15789473684210525,9,1.0
0.00206913808111479,0.15789473684210525,10,1.0
0.00206913808111479,0.15789473684210525,11,1.0
0.00206913808111479,0.15789473684210525,12,1.0
0.00206913808111479,0.15789473684210525,13,1.0
0.00206913808111479,0.15789473684210525,14,1.0
0.00206913808111479,0.15789473684210525,15,1.0
0.00206913808111479,0.15789473684210525,16,1.0
0.00206913808111479,0.15789473684210525,17,1.0
0.00206913808111479,0.15789473684210525,18,1.0
0.00206913808111479,0.15789473684210525,19,1.0
0.00206913808111479,0.18421052631578946,0,1.0
0.00206913808111479,0.18421052631578946,1,1.0
0.00206913808111479,0.18421052631578946,2,1.0
0.00206913808111479,0.18421052631578946,3,1.0
0.00206913808111479,0.18421052631578946,4,1.0
0.00206913808111479,0.18421052631578946,5,1.0
0.00206913808111479,0.18421052631578946,6,1.0
0.00206913808111479,0.18421052631578946,7,1.0
0.00206913808111479,0.18421052631578946,8,1.0
0.00206913808111479,0.18421052631578946,9,1.0
0.00206913808111479,0.18421052631578946,10,1.0
0.00206913808111479,0.18421052631578946,11,1.0
0.00206913808111479,0.18421052631578946,12,1.0
0.00206913808111479,0.18421052631578946,13,1.0
0.00206913808111479,0.18421052631578946,14,1.0
0.00206913808111479,0.18421052631578946,15,1.0
0.00206913808111479,0.18421052631578946,16,1.0
0.00206913808111479,0.18421052631578946,17,1.0
0.00206913808111479,0.18421052631578946,18,1.0
0.00206913808111479,0.18421052631578946,19,1.0
0.00206913808111479,0.21052631578947367,0,1.0
0.00206913808111479,0.21052631578947367,1,1.0
0.00206913808111479,0.21052631578947367,2,1.0
0.00206913808111479,0.21052631578947367,3,1.0
0.00206913808111479,0.21052631578947367,4,1.0
0.00206913808111479,0.21052631578947367,5,1.0
0.00206913808111479,0.21052631578947367,6,1.0
0.00206913808111479,0.21052631578947367,7,1.0
0.00206913808111479,0.21052631578947367,8,1.0
0.00206913808111479,0.21052631578947367,9,1.0
0.00206913808111479,0.21052631578947367,10,1.0
0.00206913808111479,0.21052631578947367,11,1.0
0.00206913808111479,0.21052631578947367,12,1.0
0.00206913808111479,0.21052631578947367,13,1.0
0.00206913808111479,0.21052631578947367,14,1.0
0.00206913808111479,0.21052631578947367,15,1.0
0.00206913808111479,0.21052631578947367,16,1.0
0.00206913808111479,0.21052631578947367,17,1.0
0.00206913808111479,0.21052631578947367,18,1.0
0.00206913808111479,0.21052631578947367,19,1.0
0.00206913808111479,0.23684210526315788,0,1.0
0.00206913808111479,0.23684210526315788,1,1.0
0.00206913808111479,0.23684210526315788,2,1.0
0.00206913808111479,0.23684210526315788,3,1.0
0.00206913808111479,0.23684210526315788,4,1.0
0.00206913808111479,0.23684210526315788,5,1.0
0.00206913808111479,0.23684210526315788,6,1.0
0.00206913808111479,0.23684210526315788,7,1.0
0.00206913808111479,0.23684210526315788,8,1.0
0.00206913808111479,0.23684210526315788,9,1.0
0.00206913808111479,0.23684210526315788,10,1.0
0.00206913808111479,0.23684210526315788,11,1.0
0.00206913808111479,0.23684210526315788,12,1.0
0.00206913808111479,0.23684210526315788,13,1.0
0.00206913808111479,0.23684210526315788,14,1.0
0.00206913808111479,0.23684210526315788,15,1.0
0.00206913808111479,0.23684210526315788,16,1.0
0.00206913808111479,0.23684210526315788,17,1.0
0.00206913808111479,0.23684210526315788,18,1.0
0.00206913808111479,0.23684210526315788,19,1.0
0.00206913808111479,0.2631578947368421,0,1.0
0.00206913808111479,0.2631578947368421,1,1.0
0.00206913808111479,0.2631578947368421,2,1.0
0.00206913808111479,0.2631578947368421,3,1.0
0.00206913808111479,0.2631578947368421,4,1.0
0.00206913808111479,0.2631578947368421,5,1.0
0.00206913808111479,0.2631578947368421,6,1.0
0.00206913808111479,0.2631578947368421,7,1.0
0.00206913808111479,0.2631578947368421,8,1.0
0.00206913808111479,0.2631578947368421,9,1.0
0.00206913808111479,0.2631578947368421,10,1.0
0.00206913808111479,0.2631578947368421,11,1.0
0.00206913808111479,0.2631578947368421,12,1.0
0.00206913808111479,0.2631578947368421,13,1.0
0.00206913808111479,0.2631578947368421,14,1.0
0.00206913808111479,0.2631578947368421,15,1.0
0.00206913808111479,0.2631578947368421,16,1.0
0.00206913808111479,0.2631578947368421,17,1.0
0.00206913808111479,0.2631578947368421,18,1.0
0.00206913808111479,0.2631578947368421,19,1.0
0.00206913808111479,0.2894736842105263,0,1.0
0.00206913808111479,0.2894736842105263,1,1.0
0.00206913808111479,0.2894736842105263,2,1.0
0.00206913808111479,0.2894736842105263,3,1.0
0.00206913808111479,0.2894736842105263,4,1.0
0.00206913808111479,0.2894736842105263,5,1.0
0.00206913808111479,0.2894736842105263,6,1.0
0.00206913808111479,0.2894736842105263,7,1.0
0.00206913808111479,0.2894736842105263,8,1.0
0.00206913808111479,0.2894736842105263,9,1.0
0.00206913808111479,0.2894736842105263,10,1.0
0.00206913808111479,0.2894736842105263,11,1.0
0.00206913808111479,0.2894736842105263,12,1.0
0.00206913808111479,0.2894736842105263,13,1.0
0.00206913808111479,0.2894736842105263,14,1.0
0.00206913808111479,0.2894736842105263,15,1.0
0.00206913808111479,0.2894736842105263,16,1.0
0.00206913808111479,0.2894736842105263,17,1.0
0.00206913808111479,0.2894736842105263,18,1.0
0.00206913808111479,0.2894736842105263,19,1.0
0.00206913808111479,0.3157894736842105,0,1.0
0.00206913808111479,0.3157894736842105,1,1.0
0.00206913808111479,0.3157894736842105,2,1.0
0.00206913808111479,0.3157894736842105,3,1.0
0.00206913808111479,0.3157894736842105,4,1.0
0.00206913808111479,0.3157894736842105,5,1.0
0.00206913808111479,0.3157894736842105,6,1.0
0.00206913808111479,0.3157894736842105,7,1.0
0.00206913808111479,0.3157894736842105,8,1.0
0.00206913808111479,0.3157894736842105,9,1.0
0.00206913808111479,0.3157894736842105,10,1.0
0.00206913808111479,0.3157894736842105,11,1.0
0.00206913808111479,0.3157894736842105,12,1.0
0.00206913808111479,0.3157894736842105,13,1.0
0.00206913808111479,0.3157894736842105,14,1.0
0.00206913808111479,0.3157894736842105,15,1.0
0.00206913808111479,0.3157894736842105,16,1.0
0.00206913808111479,0.3157894736842105,17,1.0
0.00206913808111479,0.3157894736842105,18,1.0
0.00206913808111479,0.3157894736842105,19,1.0
0.00206913808111479,0.3421052631578947,0,1.0
0.00206913808111479,0.3421052631578947,1,1.0
0.00206913808111479,0.3421052631578947,2,1.0
0.00206913808111479,0.3421052631578947,3,1.0
0.00206913808111479,0.3421052631578947,4,1.0
0.00206913808111479,0.3421052631578947,5,1.0
0.00206913808111479,0.3421052631578947,6,1.0
0.00206913808111479,0.3421052631578947,7,1.0
0.00206913808111479,0.3421052631578947,8,1.0
0.00206913808111479,0.3421052631578947,9,1.0
0.00206913808111479,0.3421052631578947,10,1.0
0.00206913808111479,0.3421052631578947,11,1.0
0.00206913808111479,0.3421052631578947,12,1.0
0.00206913808111479,0.3421052631578947,13,1.0
0.00206913808111479,0.3421052631578947,14,1.0
0.00206913808111479,0.3421052631578947,15,1.0
0.00206913808111479,0.3421052631578947,16,1.0
0.00206913808111479,0.3421052631578947,17,1.0
0.00206913808111479,0.3421052631578947,18,1.0
0.00206913808111479,0.3421052631578947,19,1.0
0.00206913808111479,0.3684210526315789,0,1.0
0.00206913808111479,0.3684210526315789,1,1.0
0.00206913808111479,0.3684210526315789,2,1.0
0.00206913808111479,0.3684210526315789,3,1.0
0.00206913808111479,0.3684210526315789,4,1.0
0.00206913808111479,0.3684210526315789,5,1.0
0.00206913808111479,0.3684210526315789,6,1.0
0.00206913808111479,0.3684210526315789,7,1.0
0.00206913808111479,0.3684210526315789,8,1.0
0.00206913808111479,0.3684210526315789,9,1.0
0.00206913808111479,0.3684210526315789,10,1.0
0.00206913808111479,0.3684210526315789,11,1.0
0.00206913808111479,0.3684210526315789,12,1.0
0.00206913808111479,0.3684210526315789,13,1.0
0.00206913808111479,0.3684210526315789,14,1.0
0.00206913808111479,0.3684210526315789,15,1.0
0.00206913808111479,0.3684210526315789,16,1.0
0.00206913808111479,0.3684210526315789,17,1.0
0.00206913808111479,0.3684210526315789,18,1.0
0.00206913808111479,0.3684210526315789,19,1.0
0.00206913808111479,0.39473684210526316,0,1.0
0.00206913808111479,0.39473684210526316,1,1.0
0.00206913808111479,0.39473684210526316,2,1.0
0.00206913808111479,0.39473684210526316,3,1.0
0.00206913808111479,0.39473684210526316,4,1.0
0.00206913808111479,0.39473684210526316,5,1.0
0.00206913808111479,0.39473684210526316,6,1.0
0.00206913808111479,0.39473684210526316,7,1.0
0.00206913808111479,0.39473684210526316,8,1.0
0.00206913808111479,0.39473684210526316,9,1.0
0.00206913808111479,0.39473684210526316,10,1.0
0.00206913808111479,0.39473684210526316,11,1.0
0.00206913808111479,0.39473684210526316,12,1.0
0.00206913808111479,0.39473684210526316,13,1.0
0.00206913808111479,0.39473684210526316,14,1.0
0.00206913808111479,0.39473684210526316,15,1.0
0.00206913808111479,0.39473684210526316,16,1.0
0.00206913808111479,0.39473684210526316,17,1.0
0.00206913808111479,0.39473684210526316,18,1.0
0.00206913808111479,0.39473684210526316,19,1.0
0.00206913808111479,0.42105263157894735,0,1.0
0.00206913808111479,0.42105263157894735,1,1.0
0.00206913808111479,0.42105263157894735,2,1.0
0.00206913808111479,0.42105263157894735,3,1.0
0.00206913808111479,0.42105263157894735,4,1.0
0.00206913808111479,0.42105263157894735,5,1.0
0.00206913808111479,0.42105263157894735,6,1.0
0.00206913808111479,0.42105263157894735,7,1.0
0.00206913808111479,0.42105263157894735,8,1.0
0.00206913808111479,0.42105263157894735,9,1.0
0.00206913808111479,0.42105263157894735,10,1.0
0.00206913808111479,0.42105263157894735,11,1.0
0.00206913808111479,0.42105263157894735,12,1.0
0.00206913808111479,0.42105263157894735,13,1.0
0.00206913808111479,0.42105263157894735,14,1.0
0.00206913808111479,0.42105263157894735,15,1.0
0.00206913808111479,0.42105263157894735,16,1.0
0.00206913808111479,0.42105263157894735,17,1.0
0.00206913808111479,0.42105263157894735,18,1.0
0.00206913808111479,0.42105263157894735,19,1.0
0.00206913808111479,0.4473684210526315,0,1.0
0.00206913808111479,0.4473684210526315,1,1.0
0.00206913808111479,0.4473684210526315,2,1.0
0.00206913808111479,0.4473684210526315,3,1.0
0.00206913808111479,0.4473684210526315,4,1.0
0.00206913808111479,0.4473684210526315,5,1.0
0.00206913808111479,0.4473684210526315,6,1.0
0.00206913808111479,0.4473684210526315,7,1.0
0.00206913808111479,0.4473684210526315,8,1.0
0.00206913808111479,0.4473684210526315,9,1.0
0.00206913808111479,0.4473684210526315,10,1.0
0.00206913808111479,0.4473684210526315,11,1.0
0.00206913808111479,0.4473684210526315,12,1.0
0.00206913808111479,0.4473684210526315,13,1.0
0.00206913808111479,0.4473684210526315,14,1.0
0.00206913808111479,0.4473684210526315,15,1.0
0.00206913808111479,0.4473684210526315,16,1.0
0.00206913808111479,0.4473684210526315,17,1.0
0.00206913808111479,0.4473684210526315,18,1.0
0.00206913808111479,0.4473684210526315,19,1.0
0.00206913808111479,0.47368421052631576,0,1.0
0.00206913808111479,0.47368421052631576,1,1.0
0.00206913808111479,0.47368421052631576,2,1.0
0.00206913808111479,0.47368421052631576,3,1.0
0.00206913808111479,0.47368421052631576,4,1.0
0.00206913808111479,0.47368421052631576,5,1.0
0.00206913808111479,0.47368421052631576,6,1.0
0.00206913808111479,0.47368421052631576,7,1.0
0.00206913808111479,0.47368421052631576,8,1.0
0.00206913808111479,0.47368421052631576,9,1.0
0.00206913808111479,0.47368421052631576,10,1.0
0.00206913808111479,0.47368421052631576,11,1.0
0.00206913808111479,0.47368421052631576,12,1.0
0.00206913808111479,0.47368421052631576,13,1.0
0.00206913808111479,0.47368421052631576,14,1.0
0.00206913808111479,0.47368421052631576,15,1.0
0.00206913808111479,0.47368421052631576,16,1.0
0.00206913808111479,0.47368421052631576,17,1.0
0.00206913808111479,0.47368421052631576,18,1.0
0.00206913808111479,0.47368421052631576,19,1.0
0.00206913808111479,0.5,0,1.0
0.00206913808111479,0.5,1,1.0
0.00206913808111479,0.5,2,1.0
0.00206913808111479,0.5,3,1.0
0.00206913808111479,0.5,4,1.0
0.00206913808111479,0.5,5,1.0
0.00206913808111479,0.5,6,1.0
0.00206913808111479,0.5,7,1.0
0.00206913808111479,0.5,8,1.0
0.00206913808111479,0.5,9,1.0
0.00206913808111479,0.5,10,1.0
0.00206913808111479,0.5,11,1.0
0.00206913808111479,0.5,12,1.0
0.00206913808111479,0.5,13,1.0
0.00206913808111479,0.5,14,1.0
0.00206913808111479,0.5,15,1.0
0.00206913808111479,0.5,16,1.0
0.00206913808111479,0.5,17,1.0
0.00206913808111479,0.5,18,1.0
0.00206913808111479,0.5,19,1.0
0.002976351441631319,0.0,0,1.0
0.002976351441631319,0.0,1,1.0
0.002976351441631319,0.0,2,1.0
0.002976351441631319,0.0,3,1.0
0.002976351441631319,0.0,4,1.0
0.002976351441631319,0.0,5,1.0
0.002976351441631319,0.0,6,1.0
0.002976351441631319,0.0,7,1.0
0.002976351441631319,0.0,8,1.0
0.002976351441631319,0.0,9,1.0
0.002976351441631319,0.0,10,1.0
0.002976351441631319,0.0,11,1.0
0.002976351441631319,0.0,12,1.0
0.002976351441631319,0.0,13,1.0
0.002976351441631319,0.0,14,1.0
0.002976351441631319,0.0,15,1.0
0.002976351441631319,0.0,16,1.0
0.002976351441631319,0.0,17,1.0
0.002976351441631319,0.0,18,1.0
0.002976351441631319,0.0,19,1.0
0.002976351441631319,0.02631578947368421,0,1.0
0.002976351441631319,0.02631578947368421,1,1.0
0.002976351441631319,0.02631578947368421,2,1.0
0.002976351441631319,0.02631578947368421,3,1.0
0.002976351441631319,0.02631578947368421,4,1.0
0.002976351441631319,0.02631578947368421,5,1.0
0.002976351441631319,0.02631578947368421,6,1.0
0.002976351441631319,0.02631578947368421,7,1.0
0.002976351441631319,0.02631578947368421,8,1.0
0.002976351441631319,0.02631578947368421,9,1.0
0.002976351441631319,0.02631578947368421,10,1.0
0.002976351441631319,0.02631578947368421,11,1.0
0.002976351441631319,0.02631578947368421,12,1.0
0.002976351441631319,0.02631578947368421,13,1.0
0.002976351441631319,0.02631578947368421,14,1.0
0.002976351441631319,0.02631578947368421,15,1.0
0.002976351441631319,0.02631578947368421,16,1.0
0.002976351441631319,0.02631578947368421,17,1.0
0.002976351441631319,0.02631578947368421,18,1.0
0.002976351441631319,0.02631578947368421,19,1.0
0.002976351441631319,0.05263157894736842,0,1.0
0.002976351441631319,0.05263157894736842,1,1.0
0.002976351441631319,0.05263157894736842,2,1.0
0.002976351441631319,0.05263157894736842,3,1.0
0.002976351441631319,0.05263157894736842,4,1.0
0.002976351441631319,0.05263157894736842,5,1.0
0.002976351441631319,0.05263157894736842,6,1.0
0.002976351441631319,0.05263157894736842,7,1.0
0.002976351441631319,0.05263157894736842,8,1.0
0.002976351441631319,0.05263157894736842,9,1.0
0.002976351441631319,0.05263157894736842,10,1.0
0.002976351441631319,0.05263157894736842,11,1.0
0.002976351441631319,0.05263157894736842,12,1.0
0.002976351441631319,0.05263157894736842,13,1.0
0.002976351441631319,0.05263157894736842,14,1.0
0.002976351441631319,0.05263157894736842,15,1.0
0.002976351441631319,0.05263157894736842,16,1.0
0.002976351441631319,0.05263157894736842,17,1.0
0.002976351441631319,0.05263157894736842,18,1.0
0.002976351441631319,0.05263157894736842,19,1.0
0.002976351441631319,0.07894736842105263,0,1.0
0.002976351441631319,0.07894736842105263,1,1.0
0.002976351441631319,0.07894736842105263,2,1.0
0.002976351441631319,0.07894736842105263,3,1.0
0.002976351441631319,0.07894736842105263,4,1.0
0.002976351441631319,0.07894736842105263,5,1.0
0.002976351441631319,0.07894736842105263,6,1.0
0.002976351441631319,0.07894736842105263,7,1.0
0.002976351441631319,0.07894736842105263,8,1.0
0.002976351441631319,0.07894736842105263,9,1.0
0.002976351441631319,0.07894736842105263,10,1.0
0.002976351441631319,0.07894736842105263,11,1.0
0.002976351441631319,0.07894736842105263,12,1.0
0.002976351441631319,0.07894736842105263,13,1.0
0.002976351441631319,0.07894736842105263,14,1.0
0.002976351441631319,0.07894736842105263,15,1.0
0.002976351441631319,0.07894736842105263,16,1.0
0.002976351441631319,0.07894736842105263,17,1.0
0.002976351441631319,0.07894736842105263,18,1.0
0.002976351441631319,0.07894736842105263,19,1.0
0.002976351441631319,0.10526315789473684,0,1.0
0.002976351441631319,0.10526315789473684,1,1.0
0.002976351441631319,0.10526315789473684,2,1.0
0.002976351441631319,0.10526315789473684,3,1.0
0.002976351441631319,0.10526315789473684,4,1.0
0.002976351441631319,0.10526315789473684,5,1.0
0.002976351441631319,0.10526315789473684,6,1.0
0.002976351441631319,0.10526315789473684,7,1.0
0.002976351441631319,0.10526315789473684,8,1.0
0.002976351441631319,0.10526315789473684,9,1.0
0.002976351441631319,0.10526315789473684,10,1.0
0.002976351441631319,0.10526315789473684,11,1.0
0.002976351441631319,0.10526315789473684,12,1.0
0.002976351441631319,0.10526315789473684,13,1.0
0.002976351441631319,0.10526315789473684,14,1.0
0.002976351441631319,0.10526315789473684,15,1.0
0.002976351441631319,0.10526315789473684,16,1.0
0.002976351441631319,0.10526315789473684,17,1.0
0.002976351441631319,0.10526315789473684,18,1.0
0.002976351441631319,0.10526315789473684,19,1.0
0.002976351441631319,0.13157894736842105,0,1.0
0.002976351441631319,0.13157894736842105,1,1.0
0.002976351441631319,0.13157894736842105,2,1.0
0.002976351441631319,0.13157894736842105,3,1.0
0.002976351441631319,0.13157894736842105,4,1.0
0.002976351441631319,0.13157894736842105,5,1.0
0.002976351441631319,0.13157894736842105,6,1.0
0.002976351441631319,0.13157894736842105,7,1.0
0.002976351441631319,0.13157894736842105,8,1.0
0.002976351441631319,0.13157894736842105,9,1.0
0.002976351441631319,0.13157894736842105,10,1.0
0.002976351441631319,0.13157894736842105,11,1.0
0.002976351441631319,0.13157894736842105,12,1.0
0.002976351441631319,0.13157894736842105,13,1.0
0.002976351441631319,0.13157894736842105,14,1.0
0.002976351441631319,0.13157894736842105,15,1.0
0.002976351441631319,0.13157894736842105,16,1.0
0.002976351441631319,0.13157894736842105,17,1.0
0.002976351441631319,0.13157894736842105,18,1.0
0.002976351441631319,0.13157894736842105,19,1.0
0.002976351441631319,0.15789473684210525,0,1.0
0.002976351441631319,0.15789473684210525,1,1.0
0.002976351441631319,0.15789473684210525,2,1.0
0.002976351441631319,0.15789473684210525,3,1.0
0.002976351441631319,0.15789473684210525,4,1.0
0.002976351441631319,0.15789473684210525,5,1.0
0.002976351441631319,0.15789473684210525,6,1.0
0.002976351441631319,0.15789473684210525,7,1.0
0.002976351441631319,0.15789473684210525,8,1.0
0.002976351441631319,0.15789473684210525,9,1.0
0.002976351441631319,0.15789473684210525,10,1.0
0.002976351441631319,0.15789473684210525,11,1.0
0.002976351441631319,0.15789473684210525,12,1.0
0.002976351441631319,0.15789473684210525,13,1.0
0.002976351441631319,0.15789473684210525,14,1.0
0.002976351441631319,0.15789473684210525,15,1.0
0.002976351441631319,0.15789473684210525,16,1.0
0.002976351441631319,0.15789473684210525,17,1.0
0.002976351441631319,0.15789473684210525,18,1.0
0.002976351441631319,0.15789473684210525,19,1.0
0.002976351441631319,0.18421052631578946,0,1.0
0.002976351441631319,0.18421052631578946,1,1.0
0.002976351441631319,0.18421052631578946,2,1.0
0.002976351441631319,0.18421052631578946,3,1.0
0.002976351441631319,0.18421052631578946,4,1.0
0.002976351441631319,0.18421052631578946,5,1.0
0.002976351441631319,0.18421052631578946,6,1.0
0.002976351441631319,0.18421052631578946,7,1.0
0.002976351441631319,0.18421052631578946,8,1.0
0.002976351441631319,0.18421052631578946,9,1.0
0.002976351441631319,0.18421052631578946,10,1.0
0.002976351441631319,0.18421052631578946,11,1.0
0.002976351441631319,0.18421052631578946,12,1.0
0.002976351441631319,0.18421052631578946,13,1.0
0.002976351441631319,0.18421052631578946,14,1.0
0.002976351441631319,0.18421052631578946,15,1.0
0.002976351441631319,0.18421052631578946,16,1.0
0.002976351441631319,0.18421052631578946,17,1.0
0.002976351441631319,0.18421052631578946,18,1.0
0.002976351441631319,0.18421052631578946,19,1.0
0.002976351441631319,0.21052631578947367,0,1.0
0.002976351441631319,0.21052631578947367,1,1.0
0.002976351441631319,0.21052631578947367,2,1.0
0.002976351441631319,0.21052631578947367,3,1.0
0.002976351441631319,0.21052631578947367,4,1.0
0.002976351441631319,0.21052631578947367,5,1.0
0.002976351441631319,0.21052631578947367,6,1.0
0.002976351441631319,0.21052631578947367,7,1.0
0.002976351441631319,0.21052631578947367,8,1.0
0.002976351441631319,0.21052631578947367,9,1.0
0.002976351441631319,0.21052631578947367,10,1.0
0.002976351441631319,0.21052631578947367,11,1.0
0.002976351441631319,0.21052631578947367,12,1.0
0.002976351441631319,0.21052631578947367,13,1.0
0.002976351441631319,0.21052631578947367,14,1.0
0.002976351441631319,0.21052631578947367,15,1.0
0.002976351441631319,0.21052631578947367,16,1.0
0.002976351441631319,0.21052631578947367,17,1.0
0.002976351441631319,0.21052631578947367,18,1.0
0.002976351441631319,0.21052631578947367,19,1.0
0.002976351441631319,0.23684210526315788,0,1.0
0.002976351441631319,0.23684210526315788,1,1.0
0.002976351441631319,0.23684210526315788,2,1.0
0.002976351441631319,0.23684210526315788,3,1.0
0.002976351441631319,0.23684210526315788,4,1.0
0.002976351441631319,0.23684210526315788,5,1.0
0.002976351441631319,0.23684210526315788,6,1.0
0.002976351441631319,0.23684210526315788,7,1.0
0.002976351441631319,0.23684210526315788,8,1.0
0.002976351441631319,0.23684210526315788,9,1.0
0.002976351441631319,0.23684210526315788,10,1.0
0.002976351441631319,0.23684210526315788,11,1.0
0.002976351441631319,0.23684210526315788,12,1.0
0.002976351441631319,0.23684210526315788,13,1.0
0.002976351441631319,0.23684210526315788,14,1.0
0.002976351441631319,0.23684210526315788,15,1.0
0.002976351441631319,0.23684210526315788,16,1.0
0.002976351441631319,0.23684210526315788,17,1.0
0.002976351441631319,0.23684210526315788,18,1.0
0.002976351441631319,0.23684210526315788,19,1.0
0.002976351441631319,0.2631578947368421,0,1.0
0.002976351441631319,0.2631578947368421,1,1.0
0.002976351441631319,0.2631578947368421,2,1.0
0.002976351441631319,0.2631578947368421,3,1.0
0.002976351441631319,0.2631578947368421,4,1.0
0.002976351441631319,0.2631578947368421,5,1.0
0.002976351441631319,0.2631578947368421,6,1.0
0.002976351441631319,0.2631578947368421,7,1.0
0.002976351441631319,0.2631578947368421,8,1.0
0.002976351441631319,0.2631578947368421,9,1.0
0.002976351441631319,0.2631578947368421,10,1.0
0.002976351441631319,0.2631578947368421,11,1.0
0.002976351441631319,0.2631578947368421,12,1.0
0.002976351441631319,0.2631578947368421,13,1.0
0.002976351441631319,0.2631578947368421,14,1.0
0.002976351441631319,0.2631578947368421,15,1.0
0.002976351441631319,0.2631578947368421,16,1.0
0.002976351441631319,0.2631578947368421,17,1.0
0.002976351441631319,0.2631578947368421,18,1.0
0.002976351441631319,0.2631578947368421,19,1.0
0.002976351441631319,0.2894736842105263,0,1.0
0.002976351441631319,0.2894736842105263,1,1.0
0.002976351441631319,0.2894736842105263,2,1.0
0.002976351441631319,0.2894736842105263,3,1.0
0.002976351441631319,0.2894736842105263,4,1.0
0.002976351441631319,0.2894736842105263,5,1.0
0.002976351441631319,0.2894736842105263,6,1.0
0.002976351441631319,0.2894736842105263,7,1.0
0.002976351441631319,0.2894736842105263,8,1.0
0.002976351441631319,0.2894736842105263,9,1.0
0.002976351441631319,0.2894736842105263,10,1.0
0.002976351441631319,0.2894736842105263,11,1.0
0.002976351441631319,0.2894736842105263,12,1.0
0.002976351441631319,0.2894736842105263,13,1.0
0.002976351441631319,0.2894736842105263,14,1.0
0.002976351441631319,0.2894736842105263,15,1.0
0.002976351441631319,0.2894736842105263,16,1.0
0.002976351441631319,0.2894736842105263,17,1.0
0.002976351441631319,0.2894736842105263,18,1.0
0.002976351441631319,0.2894736842105263,19,1.0
0.002976351441631319,0.3157894736842105,0,1.0
0.002976351441631319,0.3157894736842105,1,1.0
0.002976351441631319,0.3157894736842105,2,1.0
0.002976351441631319,0.3157894736842105,3,1.0
0.002976351441631319,0.3157894736842105,4,1.0
0.002976351441631319,0.3157894736842105,5,1.0
0.002976351441631319,0.3157894736842105,6,1.0
0.002976351441631319,0.3157894736842105,7,1.0
0.002976351441631319,0.3157894736842105,8,1.0
0.002976351441631319,0.3157894736842105,9,1.0
0.002976351441631319,0.3157894736842105,10,1.0
0.002976351441631319,0.3157894736842105,11,1.0
0.002976351441631319,0.3157894736842105,12,1.0
0.002976351441631319,0.3157894736842105,13,1.0
0.002976351441631319,0.3157894736842105,14,1.0
0.002976351441631319,0.3157894736842105,15,1.0
0.002976351441631319,0.3157894736842105,16,1.0
0.002976351441631319,0.3157894736842105,17,1.0
0.002976351441631319,0.3157894736842105,18,1.0
0.002976351441631319,0.3157894736842105,19,1.0
0.002976351441631319,0.3421052631578947,0,1.0
0.002976351441631319,0.3421052631578947,1,1.0
0.002976351441631319,0.3421052631578947,2,1.0
0.002976351441631319,0.3421052631578947,3,1.0
0.002976351441631319,0.3421052631578947,4,1.0
0.002976351441631319,0.3421052631578947,5,1.0
0.002976351441631319,0.3421052631578947,6,1.0
0.002976351441631319,0.3421052631578947,7,1.0
0.002976351441631319,0.3421052631578947,8,1.0
0.002976351441631319,0.3421052631578947,9,1.0
0.002976351441631319,0.3421052631578947,10,1.0
0.002976351441631319,0.3421052631578947,11,1.0
0.002976351441631319,0.3421052631578947,12,1.0
0.002976351441631319,0.3421052631578947,13,1.0
0.002976351441631319,0.3421052631578947,14,1.0
0.002976351441631319,0.3421052631578947,15,1.0
0.002976351441631319,0.3421052631578947,16,1.0
0.002976351441631319,0.3421052631578947,17,1.0
0.002976351441631319,0.3421052631578947,18,1.0
0.002976351441631319,0.3421052631578947,19,1.0
0.002976351441631319,0.3684210526315789,0,1.0
0.002976351441631319,0.3684210526315789,1,1.0
0.002976351441631319,0.3684210526315789,2,1.0
0.002976351441631319,0.3684210526315789,3,1.0
0.002976351441631319,0.3684210526315789,4,1.0
0.002976351441631319,0.3684210526315789,5,1.0
0.002976351441631319,0.3684210526315789,6,1.0
0.002976351441631319,0.3684210526315789,7,1.0
0.002976351441631319,0.3684210526315789,8,1.0
0.002976351441631319,0.3684210526315789,9,1.0
0.002976351441631319,0.3684210526315789,10,1.0
0.002976351441631319,0.3684210526315789,11,1.0
0.002976351441631319,0.3684210526315789,12,1.0
0.002976351441631319,0.3684210526315789,13,1.0
0.002976351441631319,0.3684210526315789,14,1.0
0.002976351441631319,0.3684210526315789,15,1.0
0.002976351441631319,0.3684210526315789,16,1.0
0.002976351441631319,0.3684210526315789,17,1.0
0.002976351441631319,0.3684210526315789,18,1.0
0.002976351441631319,0.3684210526315789,19,1.0
0.002976351441631319,0.39473684210526316,0,1.0
0.002976351441631319,0.39473684210526316,1,1.0
0.002976351441631319,0.39473684210526316,2,1.0
0.002976351441631319,0.39473684210526316,3,1.0
0.002976351441631319,0.39473684210526316,4,1.0
0.002976351441631319,0.39473684210526316,5,1.0
0.002976351441631319,0.39473684210526316,6,1.0
0.002976351441631319,0.39473684210526316,7,1.0
0.002976351441631319,0.39473684210526316,8,1.0
0.002976351441631319,0.39473684210526316,9,1.0
0.002976351441631319,0.39473684210526316,10,1.0
0.002976351441631319,0.39473684210526316,11,1.0
0.002976351441631319,0.39473684210526316,12,1.0
0.002976351441631319,0.39473684210526316,13,1.0
0.002976351441631319,0.39473684210526316,14,1.0
0.002976351441631319,0.39473684210526316,15,1.0
0.002976351441631319,0.39473684210526316,16,1.0
0.002976351441631319,0.39473684210526316,17,1.0
0.002976351441631319,0.39473684210526316,18,1.0
0.002976351441631319,0.39473684210526316,19,1.0
0.002976351441631319,0.42105263157894735,0,1.0
0.002976351441631319,0.42105263157894735,1,1.0
0.002976351441631319,0.42105263157894735,2,1.0
0.002976351441631319,0.42105263157894735,3,1.0
0.002976351441631319,0.42105263157894735,4,1.0
0.002976351441631319,0.42105263157894735,5,1.0
0.002976351441631319,0.42105263157894735,6,1.0
0.002976351441631319,0.42105263157894735,7,1.0
0.002976351441631319,0.42105263157894735,8,1.0
0.002976351441631319,0.42105263157894735,9,1.0
0.002976351441631319,0.42105263157894735,10,1.0
0.002976351441631319,0.42105263157894735,11,1.0
0.002976351441631319,0.42105263157894735,12,1.0
0.002976351441631319,0.42105263157894735,13,1.0
0.002976351441631319,0.42105263157894735,14,1.0
0.002976351441631319,0.42105263157894735,15,1.0
0.002976351441631319,0.42105263157894735,16,1.0
0.002976351441631319,0.42105263157894735,17,1.0
0.002976351441631319,0.42105263157894735,18,1.0
0.002976351441631319,0.42105263157894735,19,1.0
0.002976351441631319,0.4473684210526315,0,1.0
0.002976351441631319,0.4473684210526315,1,1.0
0.002976351441631319,0.4473684210526315,2,1.0
0.002976351441631319,0.4473684210526315,3,1.0
0.002976351441631319,0.4473684210526315,4,1.0
0.002976351441631319,0.4473684210526315,5,1.0
0.002976351441631319,0.4473684210526315,6,1.0
0.002976351441631319,0.4473684210526315,7,1.0
0.002976351441631319,0.4473684210526315,8,1.0
0.002976351441631319,0.4473684210526315,9,1.0
0.002976351441631319,0.4473684210526315,10,1.0
0.002976351441631319,0.4473684210526315,11,1.0
0.002976351441631319,0.4473684210526315,12,1.0
0.002976351441631319,0.4473684210526315,13,1.0
0.002976351441631319,0.4473684210526315,14,1.0
0.002976351441631319,0.4473684210526315,15,1.0
0.002976351441631319,0.4473684210526315,16,1.0
0.002976351441631319,0.4473684210526315,17,1.0
0.002976351441631319,0.4473684210526315,18,1.0
0.002976351441631319,0.4473684210526315,19,1.0
0.002976351441631319,0.47368421052631576,0,1.0
0.002976351441631319,0.47368421052631576,1,1.0
0.002976351441631319,0.47368421052631576,2,1.0
0.002976351441631319,0.47368421052631576,3,1.0
0.002976351441631319,0.47368421052631576,4,1.0
0.002976351441631319,0.47368421052631576,5,1.0
0.002976351441631319,0.47368421052631576,6,1.0
0.002976351441631319,0.47368421052631576,7,1.0
0.002976351441631319,0.47368421052631576,8,1.0
0.002976351441631319,0.47368421052631576,9,1.0
0.002976351441631319,0.47368421052631576,10,1.0
0.002976351441631319,0.47368421052631576,11,1.0
0.002976351441631319,0.47368421052631576,12,1.0
0.002976351441631319,0.47368421052631576,13,1.0
0.002976351441631319,0.47368421052631576,14,1.0
0.002976351441631319,0.47368421052631576,15,1.0
0.002976351441631319,0.47368421052631576,16,1.0
0.002976351441631319,0.47368421052631576,17,1.0
0.002976351441631319,0.47368421052631576,18,1.0
0.002976351441631319,0.47368421052631576,19,1.0
0.002976351441631319,0.5,0,1.0
0.002976351441631319,0.5,1,1.0
0.002976351441631319,0.5,2,1.0
0.002976351441631319,0.5,3,1.0
0.002976351441631319,0.5,4,1.0
0.002976351441631319,0.5,5,1.0
0.002976351441631319,0.5,6,1.0
0.002976351441631319,0.5,7,1.0
0.002976351441631319,0.5,8,1.0
0.002976351441631319,0.5,9,1.0
0.002976351441631319,0.5,10,1.0
0.002976351441631319,0.5,11,1.0
0.002976351441631319,0.5,12,1.0
0.002976351441631319,0.5,13,1.0
0.002976351441631319,0.5,14,1.0
0.002976351441631319,0.5,15,1.0
0.002976351441631319,0.5,16,1.0
0.002976351441631319,0.5,17,1.0
0.002976351441631319,0.5,18,1.0
0.002976351441631319,0.5,19,1.0
0.004281332398719396,0.0,0,1.0
0.004281332398719396,0.0,1,1.0
0.004281332398719396,0.0,2,1.0
0.004281332398719396,0.0,3,1.0
0.004281332398719396,0.0,4,1.0
0.004281332398719396,0.0,5,1.0
0.004281332398719396,0.0,6,1.0
0.004281332398719396,0.0,7,1.0
0.004281332398719396,0.0,8,1.0
0.004281332398719396,0.0,9,1.0
0.004281332398719396,0.0,10,1.0
0.004281332398719396,0.0,11,1.0
0.004281332398719396,0.0,12,1.0
0.004281332398719396,0.0,13,1.0
0.004281332398719396,0.0,14,1.0
0.004281332398719396,0.0,15,1.0
0.004281332398719396,0.0,16,1.0
0.004281332398719396,0.0,17,1.0
0.004281332398719396,0.0,18,1.0
0.004281332398719396,0.0,19,1.0
0.004281332398719396,0.02631578947368421,0,1.0
0.004281332398719396,0.02631578947368421,1,1.0
0.004281332398719396,0.02631578947368421,2,1.0
0.004281332398719396,0.02631578947368421,3,1.0
0.004281332398719396,0.02631578947368421,4,1.0
0.004281332398719396,0.02631578947368421,5,1.0
0.004281332398719396,0.02631578947368421,6,1.0
0.004281332398719396,0.02631578947368421,7,1.0
0.004281332398719396,0.02631578947368421,8,1.0
0.004281332398719396,0.02631578947368421,9,1.0
0.004281332398719396,0.02631578947368421,10,1.0
0.004281332398719396,0.02631578947368421,11,1.0
0.004281332398719396,0.02631578947368421,12,1.0
0.004281332398719396,0.02631578947368421,13,1.0
0.004281332398719396,0.02631578947368421,14,1.0
0.004281332398719396,0.02631578947368421,15,1.0
0.004281332398719396,0.02631578947368421,16,1.0
0.004281332398719396,0.02631578947368421,17,1.0
0.004281332398719396,0.02631578947368421,18,1.0
0.004281332398719396,0.02631578947368421,19,1.0
0.004281332398719396,0.05263157894736842,0,1.0
0.004281332398719396,0.05263157894736842,1,1.0
0.004281332398719396,0.05263157894736842,2,1.0
0.004281332398719396,0.05263157894736842,3,1.0
0.004281332398719396,0.05263157894736842,4,1.0
0.004281332398719396,0.05263157894736842,5,1.0
0.004281332398719396,0.05263157894736842,6,1.0
0.004281332398719396,0.05263157894736842,7,1.0
0.004281332398719396,0.05263157894736842,8,1.0
0.004281332398719396,0.05263157894736842,9,1.0
0.004281332398719396,0.05263157894736842,10,1.0
0.004281332398719396,0.05263157894736842,11,1.0
0.004281332398719396,0.05263157894736842,12,1.0
0.004281332398719396,0.05263157894736842,13,1.0
0.004281332398719396,0.05263157894736842,14,1.0
0.004281332398719396,0.05263157894736842,15,1.0
0.004281332398719396,0.05263157894736842,16,1.0
0.004281332398719396,0.05263157894736842,17,1.0
0.004281332398719396,0.05263157894736842,18,1.0
0.004281332398719396,0.05263157894736842,19,1.0
0.004281332398719396,0.07894736842105263,0,1.0
0.004281332398719396,0.07894736842105263,1,1.0
0.004281332398719396,0.07894736842105263,2,1.0
0.004281332398719396,0.07894736842105263,3,1.0
0.004281332398719396,0.07894736842105263,4,1.0
0.004281332398719396,0.07894736842105263,5,1.0
0.004281332398719396,0.07894736842105263,6,1.0
0.004281332398719396,0.07894736842105263,7,1.0
0.004281332398719396,0.07894736842105263,8,1.0
0.004281332398719396,0.07894736842105263,9,1.0
0.004281332398719396,0.07894736842105263,10,1.0
0.004281332398719396,0.07894736842105263,11,1.0
0.004281332398719396,0.07894736842105263,12,1.0
0.004281332398719396,0.07894736842105263,13,1.0
0.004281332398719396,0.07894736842105263,14,1.0
0.004281332398719396,0.07894736842105263,15,1.0
0.004281332398719396,0.07894736842105263,16,1.0
0.004281332398719396,0.07894736842105263,17,1.0
0.004281332398719396,0.07894736842105263,18,1.0
0.004281332398719396,0.07894736842105263,19,1.0
0.004281332398719396,0.10526315789473684,0,1.0
0.004281332398719396,0.10526315789473684,1,1.0
0.004281332398719396,0.10526315789473684,2,1.0
0.004281332398719396,0.10526315789473684,3,1.0
0.004281332398719396,0.10526315789473684,4,1.0
0.004281332398719396,0.10526315789473684,5,1.0
0.004281332398719396,0.10526315789473684,6,1.0
0.004281332398719396,0.10526315789473684,7,1.0
0.004281332398719396,0.10526315789473684,8,1.0
0.004281332398719396,0.10526315789473684,9,1.0
0.004281332398719396,0.10526315789473684,10,1.0
0.004281332398719396,0.10526315789473684,11,1.0
0.004281332398719396,0.10526315789473684,12,1.0
0.004281332398719396,0.10526315789473684,13,1.0
0.004281332398719396,0.10526315789473684,14,1.0
0.004281332398719396,0.10526315789473684,15,1.0
0.004281332398719396,0.10526315789473684,16,1.0
0.004281332398719396,0.10526315789473684,17,1.0
0.004281332398719396,0.10526315789473684,18,1.0
0.004281332398719396,0.10526315789473684,19,1.0
0.004281332398719396,0.13157894736842105,0,1.0
0.004281332398719396,0.13157894736842105,1,1.0
0.004281332398719396,0.13157894736842105,2,1.0
0.004281332398719396,0.13157894736842105,3,1.0
0.004281332398719396,0.13157894736842105,4,1.0
0.004281332398719396,0.13157894736842105,5,1.0
0.004281332398719396,0.13157894736842105,6,1.0
0.004281332398719396,0.13157894736842105,7,1.0
0.004281332398719396,0.13157894736842105,8,1.0
0.004281332398719396,0.13157894736842105,9,1.0
0.004281332398719396,0.13157894736842105,10,1.0
0.004281332398719396,0.13157894736842105,11,1.0
0.004281332398719396,0.13157894736842105,12,1.0
0.004281332398719396,0.13157894736842105,13,1.0
0.004281332398719396,0.13157894736842105,14,1.0
0.004281332398719396,0.13157894736842105,15,1.0
0.004281332398719396,0.13157894736842105,16,1.0
0.004281332398719396,0.13157894736842105,17,1.0
0.004281332398719396,0.13157894736842105,18,1.0
0.004281332398719396,0.13157894736842105,19,1.0
0.004281332398719396,0.15789473684210525,0,1.0
0.004281332398719396,0.15789473684210525,1,1.0
0.004281332398719396,0.15789473684210525,2,1.0
0.004281332398719396,0.15789473684210525,3,1.0
0.004281332398719396,0.15789473684210525,4,1.0
0.004281332398719396,0.15789473684210525,5,1.0
0.004281332398719396,0.15789473684210525,6,1.0
0.004281332398719396,0.15789473684210525,7,1.0
0.004281332398719396,0.15789473684210525,8,1.0
0.004281332398719396,0.15789473684210525,9,1.0
0.004281332398719396,0.15789473684210525,10,1.0
0.004281332398719396,0.15789473684210525,11,1.0
0.004281332398719396,0.15789473684210525,12,1.0
0.004281332398719396,0.15789473684210525,13,1.0
0.004281332398719396,0.15789473684210525,14,1.0
0.004281332398719396,0.15789473684210525,15,1.0
0.004281332398719396,0.15789473684210525,16,1.0
0.004281332398719396,0.15789473684210525,17,1.0
0.004281332398719396,0.15789473684210525,18,1.0
0.004281332398719396,0.15789473684210525,19,1.0
0.004281332398719396,0.18421052631578946,0,1.0
0.004281332398719396,0.18421052631578946,1,1.0
0.004281332398719396,0.18421052631578946,2,1.0
0.004281332398719396,0.18421052631578946,3,1.0
0.004281332398719396,0.18421052631578946,4,1.0
0.004281332398719396,0.18421052631578946,5,1.0
0.004281332398719396,0.18421052631578946,6,1.0
0.004281332398719396,0.18421052631578946,7,1.0
0.004281332398719396,0.18421052631578946,8,1.0
0.004281332398719396,0.18421052631578946,9,1.0
0.004281332398719396,0.18421052631578946,10,1.0
0.004281332398719396,0.18421052631578946,11,1.0
0.004281332398719396,0.18421052631578946,12,1.0
0.004281332398719396,0.18421052631578946,13,1.0
0.004281332398719396,0.18421052631578946,14,1.0
0.004281332398719396,0.18421052631578946,15,1.0
0.004281332398719396,0.18421052631578946,16,1.0
0.004281332398719396,0.18421052631578946,17,1.0
0.004281332398719396,0.18421052631578946,18,1.0
0.004281332398719396,0.18421052631578946,19,1.0
0.004281332398719396,0.21052631578947367,0,1.0
0.004281332398719396,0.21052631578947367,1,1.0
0.004281332398719396,0.21052631578947367,2,1.0
0.004281332398719396,0.21052631578947367,3,1.0
0.004281332398719396,0.21052631578947367,4,1.0
0.004281332398719396,0.21052631578947367,5,1.0
0.004281332398719396,0.21052631578947367,6,1.0
0.004281332398719396,0.21052631578947367,7,1.0
0.004281332398719396,0.21052631578947367,8,1.0
0.004281332398719396,0.21052631578947367,9,1.0
0.004281332398719396,0.21052631578947367,10,1.0
0.004281332398719396,0.21052631578947367,11,1.0
0.004281332398719396,0.21052631578947367,12,1.0
0.004281332398719396,0.21052631578947367,13,1.0
0.004281332398719396,0.21052631578947367,14,1.0
0.004281332398719396,0.21052631578947367,15,1.0
0.004281332398719396,0.21052631578947367,16,1.0
0.004281332398719396,0.21052631578947367,17,1.0
0.004281332398719396,0.21052631578947367,18,1.0
0.004281332398719396,0.21052631578947367,19,1.0
0.004281332398719396,0.23684210526315788,0,1.0
0.004281332398719396,0.23684210526315788,1,1.0
0.004281332398719396,0.23684210526315788,2,1.0
0.004281332398719396,0.23684210526315788,3,1.0
0.004281332398719396,0.23684210526315788,4,1.0
0.004281332398719396,0.23684210526315788,5,1.0
0.004281332398719396,0.23684210526315788,6,1.0
0.004281332398719396,0.23684210526315788,7,1.0
0.004281332398719396,0.23684210526315788,8,1.0
0.004281332398719396,0.23684210526315788,9,1.0
0.004281332398719396,0.23684210526315788,10,1.0
0.004281332398719396,0.23684210526315788,11,1.0
0.004281332398719396,0.23684210526315788,12,1.0
0.004281332398719396,0.23684210526315788,13,1.0
0.004281332398719396,0.23684210526315788,14,1.0
0.004281332398719396,0.23684210526315788,15,1.0
0.004281332398719396,0.23684210526315788,16,1.0
0.004281332398719396,0.23684210526315788,17,1.0
0.004281332398719396,0.23684210526315788,18,1.0
0.004281332398719396,0.23684210526315788,19,1.0
0.004281332398719396,0.2631578947368421,0,1.0
0.004281332398719396,0.2631578947368421,1,1.0
0.004281332398719396,0.2631578947368421,2,1.0
0.004281332398719396,0.2631578947368421,3,1.0
0.004281332398719396,0.2631578947368421,4,1.0
0.004281332398719396,0.2631578947368421,5,1.0
0.004281332398719396,0.2631578947368421,6,1.0
0.004281332398719396,0.2631578947368421,7,1.0
0.004281332398719396,0.2631578947368421,8,1.0
0.004281332398719396,0.2631578947368421,9,1.0
0.004281332398719396,0.2631578947368421,10,1.0
0.004281332398719396,0.2631578947368421,11,1.0
0.004281332398719396,0.2631578947368421,12,1.0
0.004281332398719396,0.2631578947368421,13,1.0
0.004281332398719396,0.2631578947368421,14,1.0
0.004281332398719396,0.2631578947368421,15,1.0
0.004281332398719396,0.2631578947368421,16,1.0
0.004281332398719396,0.2631578947368421,17,1.0
0.004281332398719396,0.2631578947368421,18,1.0
0.004281332398719396,0.2631578947368421,19,1.0
0.004281332398719396,0.2894736842105263,0,1.0
0.004281332398719396,0.2894736842105263,1,1.0
0.004281332398719396,0.2894736842105263,2,1.0
0.004281332398719396,0.2894736842105263,3,1.0
0.004281332398719396,0.2894736842105263,4,1.0
0.004281332398719396,0.2894736842105263,5,1.0
0.004281332398719396,0.2894736842105263,6,1.0
0.004281332398719396,0.2894736842105263,7,1.0
0.004281332398719396,0.2894736842105263,8,1.0
0.004281332398719396,0.2894736842105263,9,1.0
0.004281332398719396,0.2894736842105263,10,1.0
0.004281332398719396,0.2894736842105263,11,1.0
0.004281332398719396,0.2894736842105263,12,1.0
0.004281332398719396,0.2894736842105263,13,1.0
0.004281332398719396,0.2894736842105263,14,1.0
0.004281332398719396,0.2894736842105263,15,1.0
0.004281332398719396,0.2894736842105263,16,1.0
0.004281332398719396,0.2894736842105263,17,1.0
0.004281332398719396,0.2894736842105263,18,1.0
0.004281332398719396,0.2894736842105263,19,1.0
0.004281332398719396,0.3157894736842105,0,1.0
0.004281332398719396,0.3157894736842105,1,1.0
0.004281332398719396,0.3157894736842105,2,1.0
0.004281332398719396,0.3157894736842105,3,1.0
0.004281332398719396,0.3157894736842105,4,1.0
0.004281332398719396,0.3157894736842105,5,1.0
0.004281332398719396,0.3157894736842105,6,1.0
0.004281332398719396,0.3157894736842105,7,1.0
0.004281332398719396,0.3157894736842105,8,1.0
0.004281332398719396,0.3157894736842105,9,1.0
0.004281332398719396,0.3157894736842105,10,1.0
0.004281332398719396,0.3157894736842105,11,1.0
0.004281332398719396,0.3157894736842105,12,1.0
0.004281332398719396,0.3157894736842105,13,1.0
0.004281332398719396,0.3157894736842105,14,1.0
0.004281332398719396,0.3157894736842105,15,1.0
0.004281332398719396,0.3157894736842105,16,1.0
0.004281332398719396,0.3157894736842105,17,1.0
0.004281332398719396,0.3157894736842105,18,1.0
0.004281332398719396,0.3157894736842105,19,1.0
0.004281332398719396,0.3421052631578947,0,1.0
0.004281332398719396,0.3421052631578947,1,1.0
0.004281332398719396,0.3421052631578947,2,1.0
0.004281332398719396,0.3421052631578947,3,1.0
0.004281332398719396,0.3421052631578947,4,1.0
0.004281332398719396,0.3421052631578947,5,1.0
0.004281332398719396,0.3421052631578947,6,1.0
0.004281332398719396,0.3421052631578947,7,1.0
0.004281332398719396,0.3421052631578947,8,1.0
0.004281332398719396,0.3421052631578947,9,1.0
0.004281332398719396,0.3421052631578947,10,1.0
0.004281332398719396,0.3421052631578947,11,1.0
0.004281332398719396,0.3421052631578947,12,1.0
0.004281332398719396,0.3421052631578947,13,1.0
0.004281332398719396,0.3421052631578947,14,1.0
0.004281332398719396,0.3421052631578947,15,1.0
0.004281332398719396,0.3421052631578947,16,1.0
0.004281332398719396,0.3421052631578947,17,1.0
0.004281332398719396,0.3421052631578947,18,1.0
0.004281332398719396,0.3421052631578947,19,1.0
0.004281332398719396,0.3684210526315789,0,1.0
0.004281332398719396,0.3684210526315789,1,1.0
0.004281332398719396,0.3684210526315789,2,1.0
0.004281332398719396,0.3684210526315789,3,1.0
0.004281332398719396,0.3684210526315789,4,1.0
0.004281332398719396,0.3684210526315789,5,1.0
0.004281332398719396,0.3684210526315789,6,1.0
0.004281332398719396,0.3684210526315789,7,1.0
0.004281332398719396,0.3684210526315789,8,1.0
0.004281332398719396,0.3684210526315789,9,1.0
0.004281332398719396,0.3684210526315789,10,1.0
0.004281332398719396,0.3684210526315789,11,1.0
0.004281332398719396,0.3684210526315789,12,1.0
0.004281332398719396,0.3684210526315789,13,1.0
0.004281332398719396,0.3684210526315789,14,1.0
0.004281332398719396,0.3684210526315789,15,1.0
0.004281332398719396,0.3684210526315789,16,1.0
0.004281332398719396,0.3684210526315789,17,1.0
0.004281332398719396,0.3684210526315789,18,1.0
0.004281332398719396,0.3684210526315789,19,1.0
0.004281332398719396,0.39473684210526316,0,1.0
0.004281332398719396,0.39473684210526316,1,1.0
0.004281332398719396,0.39473684210526316,2,1.0
0.004281332398719396,0.39473684210526316,3,1.0
0.004281332398719396,0.39473684210526316,4,1.0
0.004281332398719396,0.39473684210526316,5,1.0
0.004281332398719396,0.39473684210526316,6,1.0
0.004281332398719396,0.39473684210526316,7,1.0
0.004281332398719396,0.39473684210526316,8,1.0
0.004281332398719396,0.39473684210526316,9,1.0
0.004281332398719396,0.39473684210526316,10,1.0
0.004281332398719396,0.39473684210526316,11,1.0
0.004281332398719396,0.39473684210526316,12,1.0
0.004281332398719396,0.39473684210526316,13,1.0
0.004281332398719396,0.39473684210526316,14,1.0
0.004281332398719396,0.39473684210526316,15,1.0
0.004281332398719396,0.39473684210526316,16,1.0
0.004281332398719396,0.39473684210526316,17,1.0
0.004281332398719396,0.39473684210526316,18,1.0
0.004281332398719396,0.39473684210526316,19,1.0
0.004281332398719396,0.42105263157894735,0,1.0
0.004281332398719396,0.42105263157894735,1,1.0
0.004281332398719396,0.42105263157894735,2,1.0
0.004281332398719396,0.42105263157894735,3,1.0
0.004281332398719396,0.42105263157894735,4,1.0
0.004281332398719396,0.42105263157894735,5,1.0
0.004281332398719396,0.42105263157894735,6,1.0
0.004281332398719396,0.42105263157894735,7,1.0
0.004281332398719396,0.42105263157894735,8,1.0
0.004281332398719396,0.42105263157894735,9,1.0
0.004281332398719396,0.42105263157894735,10,1.0
0.004281332398719396,0.42105263157894735,11,1.0
0.004281332398719396,0.42105263157894735,12,1.0
0.004281332398719396,0.42105263157894735,13,1.0
0.004281332398719396,0.42105263157894735,14,1.0
0.004281332398719396,0.42105263157894735,15,1.0
0.004281332398719396,0.42105263157894735,16,1.0
0.004281332398719396,0.42105263157894735,17,1.0
0.004281332398719396,0.42105263157894735,18,1.0
0.004281332398719396,0.42105263157894735,19,1.0
0.004281332398719396,0.4473684210526315,0,1.0
0.004281332398719396,0.4473684210526315,1,1.0
0.004281332398719396,0.4473684210526315,2,1.0
0.004281332398719396,0.4473684210526315,3,1.0
0.004281332398719396,0.4473684210526315,4,1.0
0.004281332398719396,0.4473684210526315,5,1.0
0.004281332398719396,0.4473684210526315,6,1.0
0.004281332398719396,0.4473684210526315,7,1.0
0.004281332398719396,0.4473684210526315,8,1.0
0.004281332398719396,0.4473684210526315,9,1.0
0.004281332398719396,0.4473684210526315,10,1.0
0.004281332398719396,0.4473684210526315,11,1.0
0.004281332398719396,0.4473684210526315,12,1.0
0.004281332398719396,0.4473684210526315,13,1.0
0.004281332398719396,0.4473684210526315,14,1.0
0.004281332398719396,0.4473684210526315,15,1.0
0.004281332398719396,0.4473684210526315,16,1.0
0.004281332398719396,0.4473684210526315,17,1.0
0.004281332398719396,0.4473684210526315,18,1.0
0.004281332398719396,0.4473684210526315,19,1.0
0.004281332398719396,0.47368421052631576,0,1.0
0.004281332398719396,0.47368421052631576,1,1.0
0.004281332398719396,0.47368421052631576,2,1.0
0.004281332398719396,0.47368421052631576,3,1.0
0.004281332398719396,0.47368421052631576,4,1.0
0.004281332398719396,0.47368421052631576,5,1.0
0.004281332398719396,0.47368421052631576,6,1.0
0.004281332398719396,0.47368421052631576,7,1.0
0.004281332398719396,0.47368421052631576,8,1.0
0.004281332398719396,0.47368421052631576,9,1.0
0.004281332398719396,0.47368421052631576,10,1.0
0.004281332398719396,0.47368421052631576,11,1.0
0.004281332398719396,0.47368421052631576,12,1.0
0.004281332398719396,0.47368421052631576,13,1.0
0.004281332398719396,0.47368421052631576,14,1.0
0.004281332398719396,0.47368421052631576,15,1.0
0.004281332398719396,0.47368421052631576,16,1.0
0.004281332398719396,0.47368421052631576,17,1.0
0.004281332398719396,0.47368421052631576,18,1.0
0.004281332398719396,0.47368421052631576,19,1.0
0.004281332398719396,0.5,0,1.0
0.004281332398719396,0.5,1,1.0
0.004281332398719396,0.5,2,1.0
0.004281332398719396,0.5,3,1.0
0.004281332398719396,0.5,4,1.0
0.004281332398719396,0.5,5,1.0
0.004281332398719396,0.5,6,1.0
0.004281332398719396,0.5,7,1.0
0.004281332398719396,0.5,8,1.0
0.004281332398719396,0.5,9,1.0
0.004281332398719396,0.5,10,1.0
0.004281332398719396,0.5,11,1.0
0.004281332398719396,0.5,12,1.0
0.004281332398719396,0.5,13,1.0
0.004281332398719396,0.5,14,1.0
0.004281332398719396,0.5,15,1.0
0.004281332398719396,0.5,16,1.0
0.004281332398719396,0.5,17,1.0
0.004281332398719396,0.5,18,1.0
0.004281332398719396,0.5,19,1.0
0.00615848211066026,0.0,0,1.0
0.00615848211066026,0.0,1,1.0
0.00615848211066026,0.0,2,1.0
0.00615848211066026,0.0,3,1.0
0.00615848211066026,0.0,4,1.0
0.00615848211066026,0.0,5,1.0
0.00615848211066026,0.0,6,1.0
0.00615848211066026,0.0,7,1.0
0.00615848211066026,0.0,8,1.0
0.00615848211066026,0.0,9,1.0
0.00615848211066026,0.0,10,1.0
0.00615848211066026,0.0,11,1.0
0.00615848211066026,0.0,12,1.0
0.00615848211066026,0.0,13,1.0
0.00615848211066026,0.0,14,1.0
0.00615848211066026,0.0,15,1.0
0.00615848211066026,0.0,16,1.0
0.00615848211066026,0.0,17,1.0
0.00615848211066026,0.0,18,1.0
0.00615848211066026,0.0,19,1.0
0.00615848211066026,0.02631578947368421,0,1.0
0.00615848211066026,0.02631578947368421,1,1.0
0.00615848211066026,0.02631578947368421,2,1.0
0.00615848211066026,0.02631578947368421,3,1.0
0.00615848211066026,0.02631578947368421,4,1.0
0.00615848211066026,0.02631578947368421,5,1.0
0.00615848211066026,0.02631578947368421,6,1.0
0.00615848211066026,0.02631578947368421,7,1.0
0.00615848211066026,0.02631578947368421,8,1.0
0.00615848211066026,0.02631578947368421,9,1.0
0.00615848211066026,0.02631578947368421,10,1.0
0.00615848211066026,0.02631578947368421,11,1.0
0.00615848211066026,0.02631578947368421,12,1.0
0.00615848211066026,0.02631578947368421,13,1.0
0.00615848211066026,0.02631578947368421,14,1.0
0.00615848211066026,0.02631578947368421,15,1.0
0.00615848211066026,0.02631578947368421,16,1.0
0.00615848211066026,0.02631578947368421,17,1.0
0.00615848211066026,0.02631578947368421,18,1.0
0.00615848211066026,0.02631578947368421,19,1.0
0.00615848211066026,0.05263157894736842,0,1.0
0.00615848211066026,0.05263157894736842,1,1.0
0.00615848211066026,0.05263157894736842,2,1.0
0.00615848211066026,0.05263157894736842,3,1.0
0.00615848211066026,0.05263157894736842,4,1.0
0.00615848211066026,0.05263157894736842,5,1.0
0.00615848211066026,0.05263157894736842,6,1.0
0.00615848211066026,0.05263157894736842,7,1.0
0.00615848211066026,0.05263157894736842,8,1.0
0.00615848211066026,0.05263157894736842,9,1.0
0.00615848211066026,0.05263157894736842,10,1.0
0.00615848211066026,0.05263157894736842,11,1.0
0.00615848211066026,0.05263157894736842,12,1.0
0.00615848211066026,0.05263157894736842,13,1.0
0.00615848211066026,0.05263157894736842,14,1.0
0.00615848211066026,0.05263157894736842,15,1.0
0.00615848211066026,0.05263157894736842,16,1.0
0.00615848211066026,0.05263157894736842,17,1.0
0.00615848211066026,0.05263157894736842,18,1.0
0.00615848211066026,0.05263157894736842,19,1.0
0.00615848211066026,0.07894736842105263,0,1.0
0.00615848211066026,0.07894736842105263,1,1.0
0.00615848211066026,0.07894736842105263,2,1.0
0.00615848211066026,0.07894736842105263,3,1.0
0.00615848211066026,0.07894736842105263,4,1.0
0.00615848211066026,0.07894736842105263,5,1.0
0.00615848211066026,0.07894736842105263,6,1.0
0.00615848211066026,0.07894736842105263,7,1.0
0.00615848211066026,0.07894736842105263,8,1.0
0.00615848211066026,0.07894736842105263,9,1.0
0.00615848211066026,0.07894736842105263,10,1.0
0.00615848211066026,0.07894736842105263,11,1.0
0.00615848211066026,0.07894736842105263,12,1.0
0.00615848211066026,0.07894736842105263,13,1.0
0.00615848211066026,0.07894736842105263,14,1.0
0.00615848211066026,0.07894736842105263,15,1.0
0.00615848211066026,0.07894736842105263,16,1.0
0.00615848211066026,0.07894736842105263,17,1.0
0.00615848211066026,0.07894736842105263,18,1.0
0.00615848211066026,0.07894736842105263,19,1.0
0.00615848211066026,0.10526315789473684,0,1.0
0.00615848211066026,0.10526315789473684,1,1.0
0.00615848211066026,0.10526315789473684,2,1.0
0.00615848211066026,0.10526315789473684,3,1.0
0.00615848211066026,0.10526315789473684,4,1.0
0.00615848211066026,0.10526315789473684,5,1.0
0.00615848211066026,0.10526315789473684,6,1.0
0.00615848211066026,0.10526315789473684,7,1.0
0.00615848211066026,0.10526315789473684,8,1.0
0.00615848211066026,0.10526315789473684,9,1.0
0.00615848211066026,0.10526315789473684,10,1.0
0.00615848211066026,0.10526315789473684,11,1.0
0.00615848211066026,0.10526315789473684,12,1.0
0.00615848211066026,0.10526315789473684,13,1.0
0.00615848211066026,0.10526315789473684,14,1.0
0.00615848211066026,0.10526315789473684,15,1.0
0.00615848211066026,0.10526315789473684,16,1.0
0.00615848211066026,0.10526315789473684,17,1.0
0.00615848211066026,0.10526315789473684,18,1.0
0.00615848211066026,0.10526315789473684,19,1.0
0.00615848211066026,0.13157894736842105,0,1.0
0.00615848211066026,0.13157894736842105,1,1.0
0.00615848211066026,0.13157894736842105,2,1.0
0.00615848211066026,0.13157894736842105,3,1.0
0.00615848211066026,0.13157894736842105,4,1.0
0.00615848211066026,0.13157894736842105,5,1.0
0.00615848211066026,0.13157894736842105,6,1.0
0.00615848211066026,0.13157894736842105,7,1.0
0.00615848211066026,0.13157894736842105,8,1.0
0.00615848211066026,0.13157894736842105,9,1.0
0.00615848211066026,0.13157894736842105,10,1.0
0.00615848211066026,0.13157894736842105,11,1.0
0.00615848211066026,0.13157894736842105,12,1.0
0.00615848211066026,0.13157894736842105,13,1.0
0.00615848211066026,0.13157894736842105,14,1.0
0.00615848211066026,0.13157894736842105,15,1.0
0.00615848211066026,0.13157894736842105,16,1.0
0.00615848211066026,0.13157894736842105,17,1.0
0.00615848211066026,0.13157894736842105,18,1.0
0.00615848211066026,0.13157894736842105,19,1.0
0.00615848211066026,0.15789473684210525,0,1.0
0.00615848211066026,0.15789473684210525,1,1.0
0.00615848211066026,0.15789473684210525,2,1.0
0.00615848211066026,0.15789473684210525,3,1.0
0.00615848211066026,0.15789473684210525,4,1.0
0.00615848211066026,0.15789473684210525,5,1.0
0.00615848211066026,0.15789473684210525,6,1.0
0.00615848211066026,0.15789473684210525,7,1.0
0.00615848211066026,0.15789473684210525,8,1.0
0.00615848211066026,0.15789473684210525,9,1.0
0.00615848211066026,0.15789473684210525,10,1.0
0.00615848211066026,0.15789473684210525,11,1.0
0.00615848211066026,0.15789473684210525,12,1.0
0.00615848211066026,0.15789473684210525,13,1.0
0.00615848211066026,0.15789473684210525,14,1.0
0.00615848211066026,0.15789473684210525,15,1.0
0.00615848211066026,0.15789473684210525,16,1.0
0.00615848211066026,0.15789473684210525,17,1.0
0.00615848211066026,0.15789473684210525,18,1.0
0.00615848211066026,0.15789473684210525,19,1.0
0.00615848211066026,0.18421052631578946,0,1.0
0.00615848211066026,0.18421052631578946,1,1.0
0.00615848211066026,0.18421052631578946,2,1.0
0.00615848211066026,0.18421052631578946,3,1.0
0.00615848211066026,0.18421052631578946,4,1.0
0.00615848211066026,0.18421052631578946,5,1.0
0.00615848211066026,0.18421052631578946,6,1.0
0.00615848211066026,0.18421052631578946,7,1.0
0.00615848211066026,0.18421052631578946,8,1.0
0.00615848211066026,0.18421052631578946,9,1.0
0.00615848211066026,0.18421052631578946,10,1.0
0.00615848211066026,0.18421052631578946,11,1.0
0.00615848211066026,0.18421052631578946,12,1.0
0.00615848211066026,0.18421052631578946,13,1.0
0.00615848211066026,0.18421052631578946,14,1.0
0.00615848211066026,0.18421052631578946,15,1.0
0.00615848211066026,0.18421052631578946,16,1.0
0.00615848211066026,0.18421052631578946,17,1.0
0.00615848211066026,0.18421052631578946,18,1.0
0.00615848211066026,0.18421052631578946,19,1.0
0.00615848211066026,0.21052631578947367,0,1.0
0.00615848211066026,0.21052631578947367,1,1.0
0.00615848211066026,0.21052631578947367,2,1.0
0.00615848211066026,0.21052631578947367,3,1.0
0.00615848211066026,0.21052631578947367,4,1.0
0.00615848211066026,0.21052631578947367,5,1.0
0.00615848211066026,0.21052631578947367,6,1.0
0.00615848211066026,0.21052631578947367,7,1.0
0.00615848211066026,0.21052631578947367,8,1.0
0.00615848211066026,0.21052631578947367,9,1.0
0.00615848211066026,0.21052631578947367,10,1.0
0.00615848211066026,0.21052631578947367,11,1.0
0.00615848211066026,0.21052631578947367,12,1.0
0.00615848211066026,0.21052631578947367,13,1.0
0.00615848211066026,0.21052631578947367,14,1.0
0.00615848211066026,0.21052631578947367,15,1.0
0.00615848211066026,0.21052631578947367,16,1.0
0.00615848211066026,0.21052631578947367,17,1.0
0.00615848211066026,0.21052631578947367,18,1.0
0.00615848211066026,0.21052631578947367,19,1.0
0.00615848211066026,0.23684210526315788,0,1.0
0.00615848211066026,0.23684210526315788,1,1.0
0.00615848211066026,0.23684210526315788,2,1.0
0.00615848211066026,0.23684210526315788,3,1.0
0.00615848211066026,0.23684210526315788,4,1.0
0.00615848211066026,0.23684210526315788,5,1.0
0.00615848211066026,0.23684210526315788,6,1.0
0.00615848211066026,0.23684210526315788,7,1.0
0.00615848211066026,0.23684210526315788,8,1.0
0.00615848211066026,0.23684210526315788,9,1.0
0.00615848211066026,0.23684210526315788,10,1.0
0.00615848211066026,0.23684210526315788,11,1.0
0.00615848211066026,0.23684210526315788,12,1.0
0.00615848211066026,0.23684210526315788,13,1.0
0.00615848211066026,0.23684210526315788,14,1.0
0.00615848211066026,0.23684210526315788,15,1.0
0.00615848211066026,0.23684210526315788,16,1.0
0.00615848211066026,0.23684210526315788,17,1.0
0.00615848211066026,0.23684210526315788,18,1.0
0.00615848211066026,0.23684210526315788,19,1.0
0.00615848211066026,0.2631578947368421,0,1.0
0.00615848211066026,0.2631578947368421,1,1.0
0.00615848211066026,0.2631578947368421,2,1.0
0.00615848211066026,0.2631578947368421,3,1.0
0.00615848211066026,0.2631578947368421,4,1.0
0.00615848211066026,0.2631578947368421,5,1.0
0.00615848211066026,0.2631578947368421,6,1.0
0.00615848211066026,0.2631578947368421,7,1.0
0.00615848211066026,0.2631578947368421,8,1.0
0.00615848211066026,0.2631578947368421,9,1.0
0.00615848211066026,0.2631578947368421,10,1.0
0.00615848211066026,0.2631578947368421,11,1.0
0.00615848211066026,0.2631578947368421,12,1.0
0.00615848211066026,0.2631578947368421,13,1.0
0.00615848211066026,0.2631578947368421,14,1.0
0.00615848211066026,0.2631578947368421,15,1.0
0.00615848211066026,0.2631578947368421,16,1.0
0.00615848211066026,0.2631578947368421,17,1.0
0.00615848211066026,0.2631578947368421,18,1.0
0.00615848211066026,0.2631578947368421,19,1.0
0.00615848211066026,0.2894736842105263,0,1.0
0.00615848211066026,0.2894736842105263,1,1.0
0.00615848211066026,0.2894736842105263,2,1.0
0.00615848211066026,0.2894736842105263,3,1.0
0.00615848211066026,0.2894736842105263,4,1.0
0.00615848211066026,0.2894736842105263,5,1.0
0.00615848211066026,0.2894736842105263,6,1.0
0.00615848211066026,0.2894736842105263,7,1.0
0.00615848211066026,0.2894736842105263,8,1.0
0.00615848211066026,0.2894736842105263,9,1.0
0.00615848211066026,0.2894736842105263,10,1.0
0.00615848211066026,0.2894736842105263,11,1.0
0.00615848211066026,0.2894736842105263,12,1.0
0.00615848211066026,0.2894736842105263,13,1.0
0.00615848211066026,0.2894736842105263,14,1.0
0.00615848211066026,0.2894736842105263,15,1.0
0.00615848211066026,0.2894736842105263,16,1.0
0.00615848211066026,0.2894736842105263,17,1.0
0.00615848211066026,0.2894736842105263,18,1.0
0.00615848211066026,0.2894736842105263,19,1.0
0.00615848211066026,0.3157894736842105,0,1.0
0.00615848211066026,0.3157894736842105,1,1.0
0.00615848211066026,0.3157894736842105,2,1.0
0.00615848211066026,0.3157894736842105,3,1.0
0.00615848211066026,0.3157894736842105,4,1.0
0.00615848211066026,0.3157894736842105,5,1.0
0.00615848211066026,0.3157894736842105,6,1.0
0.00615848211066026,0.3157894736842105,7,1.0
0.00615848211066026,0.3157894736842105,8,1.0
0.00615848211066026,0.3157894736842105,9,1.0
0.00615848211066026,0.3157894736842105,10,1.0
0.00615848211066026,0.3157894736842105,11,1.0
0.00615848211066026,0.3157894736842105,12,1.0
0.00615848211066026,0.3157894736842105,13,1.0
0.00615848211066026,0.3157894736842105,14,1.0
0.00615848211066026,0.3157894736842105,15,1.0
0.00615848211066026,0.3157894736842105,16,1.0
0.00615848211066026,0.3157894736842105,17,1.0
0.00615848211066026,0.3157894736842105,18,1.0
0.00615848211066026,0.3157894736842105,19,1.0
0.00615848211066026,0.3421052631578947,0,1.0
0.00615848211066026,0.3421052631578947,1,1.0
0.00615848211066026,0.3421052631578947,2,1.0
0.00615848211066026,0.3421052631578947,3,1.0
0.00615848211066026,0.3421052631578947,4,1.0
0.00615848211066026,0.3421052631578947,5,1.0
0.00615848211066026,0.3421052631578947,6,1.0
0.00615848211066026,0.3421052631578947,7,1.0
0.00615848211066026,0.3421052631578947,8,1.0
0.00615848211066026,0.3421052631578947,9,1.0
0.00615848211066026,0.3421052631578947,10,1.0
0.00615848211066026,0.3421052631578947,11,1.0
0.00615848211066026,0.3421052631578947,12,1.0
0.00615848211066026,0.3421052631578947,13,1.0
0.00615848211066026,0.3421052631578947,14,1.0
0.00615848211066026,0.3421052631578947,15,1.0
0.00615848211066026,0.3421052631578947,16,1.0
0.00615848211066026,0.3421052631578947,17,1.0
0.00615848211066026,0.3421052631578947,18,1.0
0.00615848211066026,0.3421052631578947,19,1.0
0.00615848211066026,0.3684210526315789,0,1.0
0.00615848211066026,0.3684210526315789,1,1.0
0.00615848211066026,0.3684210526315789,2,1.0
0.00615848211066026,0.3684210526315789,3,1.0
0.00615848211066026,0.3684210526315789,4,1.0
0.00615848211066026,0.3684210526315789,5,1.0
0.00615848211066026,0.3684210526315789,6,1.0
0.00615848211066026,0.3684210526315789,7,1.0
0.00615848211066026,0.3684210526315789,8,1.0
0.00615848211066026,0.3684210526315789,9,1.0
0.00615848211066026,0.3684210526315789,10,1.0
0.00615848211066026,0.3684210526315789,11,1.0
0.00615848211066026,0.3684210526315789,12,1.0
0.00615848211066026,0.3684210526315789,13,1.0
0.00615848211066026,0.3684210526315789,14,1.0
0.00615848211066026,0.3684210526315789,15,1.0
0.00615848211066026,0.3684210526315789,16,1.0
0.00615848211066026,0.3684210526315789,17,1.0
0.00615848211066026,0.3684210526315789,18,1.0
0.00615848211066026,0.3684210526315789,19,1.0
0.00615848211066026,0.39473684210526316,0,1.0
0.00615848211066026,0.39473684210526316,1,1.0
0.00615848211066026,0.39473684210526316,2,1.0
0.00615848211066026,0.39473684210526316,3,1.0
0.00615848211066026,0.39473684210526316,4,1.0
0.00615848211066026,0.39473684210526316,5,1.0
0.00615848211066026,0.39473684210526316,6,1.0
0.00615848211066026,0.39473684210526316,7,1.0
0.00615848211066026,0.39473684210526316,8,1.0
0.00615848211066026,0.39473684210526316,9,1.0
0.00615848211066026,0.39473684210526316,10,1.0
0.00615848211066026,0.39473684210526316,11,1.0
0.00615848211066026,0.39473684210526316,12,1.0
0.00615848211066026,0.39473684210526316,13,1.0
0.00615848211066026,0.39473684210526316,14,1.0
0.00615848211066026,0.39473684210526316,15,1.0
0.00615848211066026,0.39473684210526316,16,1.0
0.00615848211066026,0.39473684210526316,17,1.0
0.00615848211066026,0.39473684210526316,18,1.0
0.00615848211066026,0.39473684210526316,19,1.0
0.00615848211066026,0.42105263157894735,0,1.0
0.00615848211066026,0.42105263157894735,1,1.0
0.00615848211066026,0.42105263157894735,2,1.0
0.00615848211066026,0.42105263157894735,3,1.0
0.00615848211066026,0.42105263157894735,4,1.0
0.00615848211066026,0.42105263157894735,5,1.0
0.00615848211066026,0.42105263157894735,6,1.0
0.00615848211066026,0.42105263157894735,7,1.0
0.00615848211066026,0.42105263157894735,8,1.0
0.00615848211066026,0.42105263157894735,9,1.0
0.00615848211066026,0.42105263157894735,10,1.0
0.00615848211066026,0.42105263157894735,11,1.0
0.00615848211066026,0.42105263157894735,12,1.0
0.00615848211066026,0.42105263157894735,13,1.0
0.00615848211066026,0.42105263157894735,14,1.0
0.00615848211066026,0.42105263157894735,15,1.0
0.00615848211066026,0.42105263157894735,16,1.0
0.00615848211066026,0.42105263157894735,17,1.0
0.00615848211066026,0.42105263157894735,18,1.0
0.00615848211066026,0.42105263157894735,19,1.0
0.00615848211066026,0.4473684210526315,0,1.0
0.00615848211066026,0.4473684210526315,1,1.0
0.00615848211066026,0.4473684210526315,2,1.0
0.00615848211066026,0.4473684210526315,3,1.0
0.00615848211066026,0.4473684210526315,4,1.0
0.00615848211066026,0.4473684210526315,5,1.0
0.00615848211066026,0.4473684210526315,6,1.0
0.00615848211066026,0.4473684210526315,7,1.0
0.00615848211066026,0.4473684210526315,8,1.0
0.00615848211066026,0.4473684210526315,9,1.0
0.00615848211066026,0.4473684210526315,10,1.0
0.00615848211066026,0.4473684210526315,11,1.0
0.00615848211066026,0.4473684210526315,12,1.0
0.00615848211066026,0.4473684210526315,13,1.0
0.00615848211066026,0.4473684210526315,14,1.0
0.00615848211066026,0.4473684210526315,15,1.0
0.00615848211066026,0.4473684210526315,16,1.0
0.00615848211066026,0.4473684210526315,17,1.0
0.00615848211066026,0.4473684210526315,18,1.0
0.00615848211066026,0.4473684210526315,19,1.0
0.00615848211066026,0.47368421052631576,0,1.0
0.00615848211066026,0.47368421052631576,1,1.0
0.00615848211066026,0.47368421052631576,2,1.0
0.00615848211066026,0.47368421052631576,3,1.0
0.00615848211066026,0.47368421052631576,4,1.0
0.00615848211066026,0.47368421052631576,5,1.0
0.00615848211066026,0.47368421052631576,6,1.0
0.00615848211066026,0.47368421052631576,7,1.0
0.00615848211066026,0.47368421052631576,8,1.0
0.00615848211066026,0.47368421052631576,9,1.0
0.00615848211066026,0.47368421052631576,10,1.0
0.00615848211066026,0.47368421052631576,11,1.0
0.00615848211066026,0.47368421052631576,12,1.0
0.00615848211066026,0.47368421052631576,13,1.0
0.00615848211066026,0.47368421052631576,14,1.0
0.00615848211066026,0.47368421052631576,15,1.0
0.00615848211066026,0.47368421052631576,16,1.0
0.00615848211066026,0.47368421052631576,17,1.0
0.00615848211066026,0.47368421052631576,18,1.0
0.00615848211066026,0.47368421052631576,19,1.0
0.00615848211066026,0.5,0,1.0
0.00615848211066026,0.5,1,1.0
0.00615848211066026,0.5,2,1.0
0.00615848211066026,0.5,3,1.0
0.00615848211066026,0.5,4,1.0
0.00615848211066026,0.5,5,1.0
0.00615848211066026,0.5,6,1.0
0.00615848211066026,0.5,7,1.0
0.00615848211066026,0.5,8,1.0
0.00615848211066026,0.5,9,1.0
0.00615848211066026,0.5,10,1.0
0.00615848211066026,0.5,11,1.0
0.00615848211066026,0.5,12,1.0
0.00615848211066026,0.5,13,1.0
0.00615848211066026,0.5,14,1.0
0.00615848211066026,0.5,15,1.0
0.00615848211066026,0.5,16,1.0
0.00615848211066026,0.5,17,1.0
0.00615848211066026,0.5,18,1.0
0.00615848211066026,0.5,19,1.0
0.008858667904100823,0.0,0,1.0
0.008858667904100823,0.0,1,1.0
0.008858667904100823,0.0,2,1.0
0.008858667904100823,0.0,3,1.0
0.008858667904100823,0.0,4,1.0
0.008858667904100823,0.0,5,1.0
0.008858667904100823,0.0,6,1.0
0.008858667904100823,0.0,7,1.0
0.008858667904100823,0.0,8,1.0
0.008858667904100823,0.0,9,1.0
0.008858667904100823,0.0,10,1.0
0.008858667904100823,0.0,11,1.0
0.008858667904100823,0.0,12,1.0
0.008858667904100823,0.0,13,1.0
0.008858667904100823,0.0,14,1.0
0.008858667904100823,0.0,15,1.0
0.008858667904100823,0.0,16,1.0
0.008858667904100823,0.0,17,1.0
0.008858667904100823,0.0,18,1.0
0.008858667904100823,0.0,19,1.0
0.008858667904100823,0.02631578947368421,0,1.0
0.008858667904100823,0.02631578947368421,1,1.0
0.008858667904100823,0.02631578947368421,2,1.0
0.008858667904100823,0.02631578947368421,3,1.0
0.008858667904100823,0.02631578947368421,4,1.0
0.008858667904100823,0.02631578947368421,5,1.0
0.008858667904100823,0.02631578947368421,6,1.0
0.008858667904100823,0.02631578947368421,7,1.0
0.008858667904100823,0.02631578947368421,8,1.0
0.008858667904100823,0.02631578947368421,9,1.0
0.008858667904100823,0.02631578947368421,10,1.0
0.008858667904100823,0.02631578947368421,11,1.0
0.008858667904100823,0.02631578947368421,12,1.0
0.008858667904100823,0.02631578947368421,13,1.0
0.008858667904100823,0.02631578947368421,14,1.0
0.008858667904100823,0.02631578947368421,15,1.0
0.008858667904100823,0.02631578947368421,16,1.0
0.008858667904100823,0.02631578947368421,17,1.0
0.008858667904100823,0.02631578947368421,18,1.0
0.008858667904100823,0.02631578947368421,19,1.0
0.008858667904100823,0.05263157894736842,0,1.0
0.008858667904100823,0.05263157894736842,1,1.0
0.008858667904100823,0.05263157894736842,2,1.0
0.008858667904100823,0.05263157894736842,3,1.0
0.008858667904100823,0.05263157894736842,4,1.0
0.008858667904100823,0.05263157894736842,5,1.0
0.008858667904100823,0.05263157894736842,6,1.0
0.008858667904100823,0.05263157894736842,7,1.0
0.008858667904100823,0.05263157894736842,8,1.0
0.008858667904100823,0.05263157894736842,9,1.0
0.008858667904100823,0.05263157894736842,10,1.0
0.008858667904100823,0.05263157894736842,11,1.0
0.008858667904100823,0.05263157894736842,12,1.0
0.008858667904100823,0.05263157894736842,13,1.0
0.008858667904100823,0.05263157894736842,14,1.0
0.008858667904100823,0.05263157894736842,15,1.0
0.008858667904100823,0.05263157894736842,16,1.0
0.008858667904100823,0.05263157894736842,17,1.0
0.008858667904100823,0.05263157894736842,18,1.0
0.008858667904100823,0.05263157894736842,19,1.0
0.008858667904100823,0.07894736842105263,0,1.0
0.008858667904100823,0.07894736842105263,1,1.0
0.008858667904100823,0.07894736842105263,2,1.0
0.008858667904100823,0.07894736842105263,3,1.0
0.008858667904100823,0.07894736842105263,4,1.0
0.008858667904100823,0.07894736842105263,5,1.0
0.008858667904100823,0.07894736842105263,6,1.0
0.008858667904100823,0.07894736842105263,7,1.0
0.008858667904100823,0.07894736842105263,8,1.0
0.008858667904100823,0.07894736842105263,9,1.0
0.008858667904100823,0.07894736842105263,10,1.0
0.008858667904100823,0.07894736842105263,11,1.0
0.008858667904100823,0.07894736842105263,12,1.0
0.008858667904100823,0.07894736842105263,13,1.0
0.008858667904100823,0.07894736842105263,14,1.0
0.008858667904100823,0.07894736842105263,15,1.0
0.008858667904100823,0.07894736842105263,16,1.0
0.008858667904100823,0.07894736842105263,17,1.0
0.008858667904100823,0.07894736842105263,18,1.0
0.008858667904100823,0.07894736842105263,19,1.0
0.008858667904100823,0.10526315789473684,0,1.0
0.008858667904100823,0.10526315789473684,1,1.0
0.008858667904100823,0.10526315789473684,2,1.0
0.008858667904100823,0.10526315789473684,3,1.0
0.008858667904100823,0.10526315789473684,4,1.0
0.008858667904100823,0.10526315789473684,5,1.0
0.008858667904100823,0.10526315789473684,6,1.0
0.008858667904100823,0.10526315789473684,7,1.0
0.008858667904100823,0.10526315789473684,8,1.0
0.008858667904100823,0.10526315789473684,9,1.0
0.008858667904100823,0.10526315789473684,10,1.0
0.008858667904100823,0.10526315789473684,11,1.0
0.008858667904100823,0.10526315789473684,12,1.0
0.008858667904100823,0.10526315789473684,13,1.0
0.008858667904100823,0.10526315789473684,14,1.0
0.008858667904100823,0.10526315789473684,15,1.0
0.008858667904100823,0.10526315789473684,16,1.0
0.008858667904100823,0.10526315789473684,17,1.0
0.008858667904100823,0.10526315789473684,18,1.0
0.008858667904100823,0.10526315789473684,19,1.0
0.008858667904100823,0.13157894736842105,0,1.0
0.008858667904100823,0.13157894736842105,1,1.0
0.008858667904100823,0.13157894736842105,2,1.0
0.008858667904100823,0.13157894736842105,3,1.0
0.008858667904100823,0.13157894736842105,4,1.0
0.008858667904100823,0.13157894736842105,5,1.0
0.008858667904100823,0.13157894736842105,6,1.0
0.008858667904100823,0.13157894736842105,7,1.0
0.008858667904100823,0.13157894736842105,8,1.0
0.008858667904100823,0.13157894736842105,9,1.0
0.008858667904100823,0.13157894736842105,10,1.0
0.008858667904100823,0.13157894736842105,11,1.0
0.008858667904100823,0.13157894736842105,12,1.0
0.008858667904100823,0.13157894736842105,13,1.0
0.008858667904100823,0.13157894736842105,14,1.0
0.008858667904100823,0.13157894736842105,15,1.0
0.008858667904100823,0.13157894736842105,16,1.0
0.008858667904100823,0.13157894736842105,17,1.0
0.008858667904100823,0.13157894736842105,18,1.0
0.008858667904100823,0.13157894736842105,19,1.0
0.008858667904100823,0.15789473684210525,0,1.0
0.008858667904100823,0.15789473684210525,1,1.0
0.008858667904100823,0.15789473684210525,2,1.0
0.008858667904100823,0.15789473684210525,3,1.0
0.008858667904100823,0.15789473684210525,4,1.0
0.008858667904100823,0.15789473684210525,5,1.0
0.008858667904100823,0.15789473684210525,6,1.0
0.008858667904100823,0.15789473684210525,7,1.0
0.008858667904100823,0.15789473684210525,8,1.0
0.008858667904100823,0.15789473684210525,9,1.0
0.008858667904100823,0.15789473684210525,10,1.0
0.008858667904100823,0.15789473684210525,11,1.0
0.008858667904100823,0.15789473684210525,12,1.0
0.008858667904100823,0.15789473684210525,13,1.0
0.008858667904100823,0.15789473684210525,14,1.0
0.008858667904100823,0.15789473684210525,15,1.0
0.008858667904100823,0.15789473684210525,16,1.0
0.008858667904100823,0.15789473684210525,17,1.0
0.008858667904100823,0.15789473684210525,18,1.0
0.008858667904100823,0.15789473684210525,19,1.0
0.008858667904100823,0.18421052631578946,0,1.0
0.008858667904100823,0.18421052631578946,1,1.0
0.008858667904100823,0.18421052631578946,2,1.0
0.008858667904100823,0.18421052631578946,3,1.0
0.008858667904100823,0.18421052631578946,4,1.0
0.008858667904100823,0.18421052631578946,5,1.0
0.008858667904100823,0.18421052631578946,6,1.0
0.008858667904100823,0.18421052631578946,7,1.0
0.008858667904100823,0.18421052631578946,8,1.0
0.008858667904100823,0.18421052631578946,9,1.0
0.008858667904100823,0.18421052631578946,10,1.0
0.008858667904100823,0.18421052631578946,11,1.0
0.008858667904100823,0.18421052631578946,12,1.0
0.008858667904100823,0.18421052631578946,13,1.0
0.008858667904100823,0.18421052631578946,14,1.0
0.008858667904100823,0.18421052631578946,15,1.0
0.008858667904100823,0.18421052631578946,16,1.0
0.008858667904100823,0.18421052631578946,17,1.0
0.008858667904100823,0.18421052631578946,18,1.0
0.008858667904100823,0.18421052631578946,19,1.0
0.008858667904100823,0.21052631578947367,0,1.0
0.008858667904100823,0.21052631578947367,1,1.0
0.008858667904100823,0.21052631578947367,2,1.0
0.008858667904100823,0.21052631578947367,3,1.0
0.008858667904100823,0.21052631578947367,4,1.0
0.008858667904100823,0.21052631578947367,5,1.0
0.008858667904100823,0.21052631578947367,6,1.0
0.008858667904100823,0.21052631578947367,7,1.0
0.008858667904100823,0.21052631578947367,8,1.0
0.008858667904100823,0.21052631578947367,9,1.0
0.008858667904100823,0.21052631578947367,10,1.0
0.008858667904100823,0.21052631578947367,11,1.0
0.008858667904100823,0.21052631578947367,12,1.0
0.008858667904100823,0.21052631578947367,13,1.0
0.008858667904100823,0.21052631578947367,14,1.0
0.008858667904100823,0.21052631578947367,15,1.0
0.008858667904100823,0.21052631578947367,16,1.0
0.008858667904100823,0.21052631578947367,17,1.0
0.008858667904100823,0.21052631578947367,18,1.0
0.008858667904100823,0.21052631578947367,19,1.0
0.008858667904100823,0.23684210526315788,0,1.0
0.008858667904100823,0.23684210526315788,1,1.0
0.008858667904100823,0.23684210526315788,2,1.0
0.008858667904100823,0.23684210526315788,3,1.0
0.008858667904100823,0.23684210526315788,4,1.0
0.008858667904100823,0.23684210526315788,5,1.0
0.008858667904100823,0.23684210526315788,6,1.0
0.008858667904100823,0.23684210526315788,7,1.0
0.008858667904100823,0.23684210526315788,8,1.0
0.008858667904100823,0.23684210526315788,9,1.0
0.008858667904100823,0.23684210526315788,10,1.0
0.008858667904100823,0.23684210526315788,11,1.0
0.008858667904100823,0.23684210526315788,12,1.0
0.008858667904100823,0.23684210526315788,13,1.0
0.008858667904100823,0.23684210526315788,14,1.0
0.008858667904100823,0.23684210526315788,15,1.0
0.008858667904100823,0.23684210526315788,16,1.0
0.008858667904100823,0.23684210526315788,17,1.0
0.008858667904100823,0.23684210526315788,18,1.0
0.008858667904100823,0.23684210526315788,19,1.0
0.008858667904100823,0.2631578947368421,0,1.0
0.008858667904100823,0.2631578947368421,1,1.0
0.008858667904100823,0.2631578947368421,2,1.0
0.008858667904100823,0.2631578947368421,3,1.0
0.008858667904100823,0.2631578947368421,4,1.0
0.008858667904100823,0.2631578947368421,5,1.0
0.008858667904100823,0.2631578947368421,6,1.0
0.008858667904100823,0.2631578947368421,7,1.0
0.008858667904100823,0.2631578947368421,8,1.0
0.008858667904100823,0.2631578947368421,9,1.0
0.008858667904100823,0.2631578947368421,10,1.0
0.008858667904100823,0.2631578947368421,11,1.0
0.008858667904100823,0.2631578947368421,12,1.0
0.008858667904100823,0.2631578947368421,13,1.0
0.008858667904100823,0.2631578947368421,14,1.0
0.008858667904100823,0.2631578947368421,15,1.0
0.008858667904100823,0.2631578947368421,16,1.0
0.008858667904100823,0.2631578947368421,17,1.0
0.008858667904100823,0.2631578947368421,18,1.0
0.008858667904100823,0.2631578947368421,19,1.0
0.008858667904100823,0.2894736842105263,0,1.0
0.008858667904100823,0.2894736842105263,1,1.0
0.008858667904100823,0.2894736842105263,2,1.0
0.008858667904100823,0.2894736842105263,3,1.0
0.008858667904100823,0.2894736842105263,4,1.0
0.008858667904100823,0.2894736842105263,5,1.0
0.008858667904100823,0.2894736842105263,6,1.0
0.008858667904100823,0.2894736842105263,7,1.0
0.008858667904100823,0.2894736842105263,8,1.0
0.008858667904100823,0.2894736842105263,9,1.0
0.008858667904100823,0.2894736842105263,10,1.0
0.008858667904100823,0.2894736842105263,11,1.0
0.008858667904100823,0.2894736842105263,12,1.0
0.008858667904100823,0.2894736842105263,13,1.0
0.008858667904100823,0.2894736842105263,14,1.0
0.008858667904100823,0.2894736842105263,15,1.0
0.008858667904100823,0.2894736842105263,16,1.0
0.008858667904100823,0.2894736842105263,17,1.0
0.008858667904100823,0.2894736842105263,18,1.0
0.008858667904100823,0.2894736842105263,19,1.0
0.008858667904100823,0.3157894736842105,0,1.0
0.008858667904100823,0.3157894736842105,1,1.0
0.008858667904100823,0.3157894736842105,2,1.0
0.008858667904100823,0.3157894736842105,3,1.0
0.008858667904100823,0.3157894736842105,4,1.0
0.008858667904100823,0.3157894736842105,5,1.0
0.008858667904100823,0.3157894736842105,6,1.0
0.008858667904100823,0.3157894736842105,7,1.0
0.008858667904100823,0.3157894736842105,8,1.0
0.008858667904100823,0.3157894736842105,9,1.0
0.008858667904100823,0.3157894736842105,10,1.0
0.008858667904100823,0.3157894736842105,11,1.0
0.008858667904100823,0.3157894736842105,12,1.0
0.008858667904100823,0.3157894736842105,13,1.0
0.008858667904100823,0.3157894736842105,14,1.0
0.008858667904100823,0.3157894736842105,15,1.0
0.008858667904100823,0.3157894736842105,16,1.0
0.008858667904100823,0.3157894736842105,17,1.0
0.008858667904100823,0.3157894736842105,18,1.0
0.008858667904100823,0.3157894736842105,19,1.0
0.008858667904100823,0.3421052631578947,0,1.0
0.008858667904100823,0.3421052631578947,1,1.0
0.008858667904100823,0.3421052631578947,2,1.0
0.008858667904100823,0.3421052631578947,3,1.0
0.008858667904100823,0.3421052631578947,4,1.0
0.008858667904100823,0.3421052631578947,5,1.0
0.008858667904100823,0.3421052631578947,6,1.0
0.008858667904100823,0.3421052631578947,7,1.0
0.008858667904100823,0.3421052631578947,8,1.0
0.008858667904100823,0.3421052631578947,9,1.0
0.008858667904100823,0.3421052631578947,10,1.0
0.008858667904100823,0.3421052631578947,11,1.0
0.008858667904100823,0.3421052631578947,12,1.0
0.008858667904100823,0.3421052631578947,13,1.0
0.008858667904100823,0.3421052631578947,14,1.0
0.008858667904100823,0.3421052631578947,15,1.0
0.008858667904100823,0.3421052631578947,16,1.0
0.008858667904100823,0.3421052631578947,17,1.0
0.008858667904100823,0.3421052631578947,18,1.0
0.008858667904100823,0.3421052631578947,19,1.0
0.008858667904100823,0.3684210526315789,0,1.0
0.008858667904100823,0.3684210526315789,1,1.0
0.008858667904100823,0.3684210526315789,2,1.0
0.008858667904100823,0.3684210526315789,3,1.0
0.008858667904100823,0.3684210526315789,4,1.0
0.008858667904100823,0.3684210526315789,5,1.0
0.008858667904100823,0.3684210526315789,6,1.0
0.008858667904100823,0.3684210526315789,7,1.0
0.008858667904100823,0.3684210526315789,8,1.0
0.008858667904100823,0.3684210526315789,9,1.0
0.008858667904100823,0.3684210526315789,10,1.0
0.008858667904100823,0.3684210526315789,11,1.0
0.008858667904100823,0.3684210526315789,12,1.0
0.008858667904100823,0.3684210526315789,13,1.0
0.008858667904100823,0.3684210526315789,14,1.0
0.008858667904100823,0.3684210526315789,15,1.0
0.008858667904100823,0.3684210526315789,16,1.0
0.008858667904100823,0.3684210526315789,17,1.0
0.008858667904100823,0.3684210526315789,18,1.0
0.008858667904100823,0.3684210526315789,19,1.0
0.008858667904100823,0.39473684210526316,0,1.0
0.008858667904100823,0.39473684210526316,1,1.0
0.008858667904100823,0.39473684210526316,2,1.0
0.008858667904100823,0.39473684210526316,3,1.0
0.008858667904100823,0.39473684210526316,4,1.0
0.008858667904100823,0.39473684210526316,5,1.0
0.008858667904100823,0.39473684210526316,6,1.0
0.008858667904100823,0.39473684210526316,7,1.0
0.008858667904100823,0.39473684210526316,8,1.0
0.008858667904100823,0.39473684210526316,9,1.0
0.008858667904100823,0.39473684210526316,10,1.0
0.008858667904100823,0.39473684210526316,11,1.0
0.008858667904100823,0.39473684210526316,12,1.0
0.008858667904100823,0.39473684210526316,13,1.0
0.008858667904100823,0.39473684210526316,14,1.0
0.008858667904100823,0.39473684210526316,15,1.0
0.008858667904100823,0.39473684210526316,16,1.0
0.008858667904100823,0.39473684210526316,17,1.0
0.008858667904100823,0.39473684210526316,18,1.0
0.008858667904100823,0.39473684210526316,19,1.0
0.008858667904100823,0.42105263157894735,0,1.0
0.008858667904100823,0.42105263157894735,1,1.0
0.008858667904100823,0.42105263157894735,2,1.0
0.008858667904100823,0.42105263157894735,3,1.0
0.008858667904100823,0.42105263157894735,4,1.0
0.008858667904100823,0.42105263157894735,5,1.0
0.008858667904100823,0.42105263157894735,6,1.0
0.008858667904100823,0.42105263157894735,7,1.0
0.008858667904100823,0.42105263157894735,8,1.0
0.008858667904100823,0.42105263157894735,9,1.0
0.008858667904100823,0.42105263157894735,10,1.0
0.008858667904100823,0.42105263157894735,11,1.0
0.008858667904100823,0.42105263157894735,12,1.0
0.008858667904100823,0.42105263157894735,13,1.0
0.008858667904100823,0.42105263157894735,14,1.0
0.008858667904100823,0.42105263157894735,15,1.0
0.008858667904100823,0.42105263157894735,16,1.0
0.008858667904100823,0.42105263157894735,17,1.0
0.008858667904100823,0.42105263157894735,18,1.0
0.008858667904100823,0.42105263157894735,19,1.0
0.008858667904100823,0.4473684210526315,0,1.0
0.008858667904100823,0.4473684210526315,1,1.0
0.008858667904100823,0.4473684210526315,2,1.0
0.008858667904100823,0.4473684210526315,3,1.0
0.008858667904100823,0.4473684210526315,4,1.0
0.008858667904100823,0.4473684210526315,5,1.0
0.008858667904100823,0.4473684210526315,6,1.0
0.008858667904100823,0.4473684210526315,7,1.0
0.008858667904100823,0.4473684210526315,8,1.0
0.008858667904100823,0.4473684210526315,9,1.0
0.008858667904100823,0.4473684210526315,10,1.0
0.008858667904100823,0.4473684210526315,11,1.0
0.008858667904100823,0.4473684210526315,12,1.0
0.008858667904100823,0.4473684210526315,13,1.0
0.008858667904100823,0.4473684210526315,14,1.0
0.008858667904100823,0.4473684210526315,15,1.0
0.008858667904100823,0.4473684210526315,16,1.0
0.008858667904100823,0.4473684210526315,17,1.0
0.008858667904100823,0.4473684210526315,18,1.0
0.008858667904100823,0.4473684210526315,19,1.0
0.008858667904100823,0.47368421052631576,0,1.0
0.008858667904100823,0.47368421052631576,1,1.0
0.008858667904100823,0.47368421052631576,2,1.0
0.008858667904100823,0.47368421052631576,3,1.0
0.008858667904100823,0.47368421052631576,4,1.0
0.008858667904100823,0.47368421052631576,5,1.0
0.008858667904100823,0.47368421052631576,6,1.0
0.008858667904100823,0.47368421052631576,7,1.0
0.008858667904100823,0.47368421052631576,8,1.0
0.008858667904100823,0.47368421052631576,9,1.0
0.008858667904100823,0.47368421052631576,10,1.0
0.008858667904100823,0.47368421052631576,11,1.0
0.008858667904100823,0.47368421052631576,12,1.0
0.008858667904100823,0.47368421052631576,13,1.0
0.008858667904100823,0.47368421052631576,14,1.0
0.008858667904100823,0.47368421052631576,15,1.0
0.008858667904100823,0.47368421052631576,16,1.0
0.008858667904100823,0.47368421052631576,17,1.0
0.008858667904100823,0.47368421052631576,18,1.0
0.008858667904100823,0.47368421052631576,19,1.0
0.008858667904100823,0.5,0,1.0
0.008858667904100823,0.5,1,1.0
0.008858667904100823,0.5,2,1.0
0.008858667904100823,0.5,3,1.0
0.008858667904100823,0.5,4,1.0
0.008858667904100823,0.5,5,1.0
0.008858667904100823,0.5,6,1.0
0.008858667904100823,0.5,7,1.0
0.008858667904100823,0.5,8,1.0
0.008858667904100823,0.5,9,1.0
0.008858667904100823,0.5,10,1.0
0.008858667904100823,0.5,11,1.0
0.008858667904100823,0.5,12,1.0
0.008858667904100823,0.5,13,1.0
0.008858667904100823,0.5,14,1.0
0.008858667904100823,0.5,15,1.0
0.008858667904100823,0.5,16,1.0
0.008858667904100823,0.5,17,1.0
0.008858667904100823,0.5,18,1.0
0.008858667904100823,0.5,19,1.0
0.012742749857031341,0.0,0,1.0
0.012742749857031341,0.0,1,1.0
0.012742749857031341,0.0,2,1.0
0.012742749857031341,0.0,3,1.0
0.012742749857031341,0.0,4,1.0
0.012742749857031341,0.0,5,1.0
0.012742749857031341,0.0,6,1.0
0.012742749857031341,0.0,7,1.0
0.012742749857031341,0.0,8,1.0
0.012742749857031341,0.0,9,1.0
0.012742749857031341,0.0,10,1.0
0.012742749857031341,0.0,11,1.0
0.012742749857031341,0.0,12,1.0
0.012742749857031341,0.0,13,1.0
0.012742749857031341,0.0,14,1.0
0.012742749857031341,0.0,15,1.0
0.012742749857031341,0.0,16,1.0
0.012742749857031341,0.0,17,1.0
0.012742749857031341,0.0,18,1.0
0.012742749857031341,0.0,19,1.0
0.012742749857031341,0.02631578947368421,0,1.0
0.012742749857031341,0.02631578947368421,1,1.0
0.012742749857031341,0.02631578947368421,2,1.0
0.012742749857031341,0.02631578947368421,3,1.0
0.012742749857031341,0.02631578947368421,4,1.0
0.012742749857031341,0.02631578947368421,5,1.0
0.012742749857031341,0.02631578947368421,6,1.0
0.012742749857031341,0.02631578947368421,7,1.0
0.012742749857031341,0.02631578947368421,8,1.0
0.012742749857031341,0.02631578947368421,9,1.0
0.012742749857031341,0.02631578947368421,10,1.0
0.012742749857031341,0.02631578947368421,11,1.0
0.012742749857031341,0.02631578947368421,12,1.0
0.012742749857031341,0.02631578947368421,13,1.0
0.012742749857031341,0.02631578947368421,14,1.0
0.012742749857031341,0.02631578947368421,15,1.0
0.012742749857031341,0.02631578947368421,16,1.0
0.012742749857031341,0.02631578947368421,17,1.0
0.012742749857031341,0.02631578947368421,18,1.0
0.012742749857031341,0.02631578947368421,19,1.0
0.012742749857031341,0.05263157894736842,0,1.0
0.012742749857031341,0.05263157894736842,1,1.0
0.012742749857031341,0.05263157894736842,2,1.0
0.012742749857031341,0.05263157894736842,3,1.0
0.012742749857031341,0.05263157894736842,4,1.0
0.012742749857031341,0.05263157894736842,5,1.0
0.012742749857031341,0.05263157894736842,6,1.0
0.012742749857031341,0.05263157894736842,7,1.0
0.012742749857031341,0.05263157894736842,8,1.0
0.012742749857031341,0.05263157894736842,9,1.0
0.012742749857031341,0.05263157894736842,10,1.0
0.012742749857031341,0.05263157894736842,11,1.0
0.012742749857031341,0.05263157894736842,12,1.0
0.012742749857031341,0.05263157894736842,13,1.0
0.012742749857031341,0.05263157894736842,14,1.0
0.012742749857031341,0.05263157894736842,15,1.0
0.012742749857031341,0.05263157894736842,16,1.0
0.012742749857031341,0.05263157894736842,17,1.0
0.012742749857031341,0.05263157894736842,18,1.0
0.012742749857031341,0.05263157894736842,19,1.0
0.012742749857031341,0.07894736842105263,0,1.0
0.012742749857031341,0.07894736842105263,1,1.0
0.012742749857031341,0.07894736842105263,2,1.0
0.012742749857031341,0.07894736842105263,3,1.0
0.012742749857031341,0.07894736842105263,4,1.0
0.012742749857031341,0.07894736842105263,5,1.0
0.012742749857031341,0.07894736842105263,6,1.0
0.012742749857031341,0.07894736842105263,7,1.0
0.012742749857031341,0.07894736842105263,8,1.0
0.012742749857031341,0.07894736842105263,9,1.0
0.012742749857031341,0.07894736842105263,10,1.0
0.012742749857031341,0.07894736842105263,11,1.0
0.012742749857031341,0.07894736842105263,12,1.0
0.012742749857031341,0.07894736842105263,13,1.0
0.012742749857031341,0.07894736842105263,14,1.0
0.012742749857031341,0.07894736842105263,15,1.0
0.012742749857031341,0.07894736842105263,16,1.0
0.012742749857031341,0.07894736842105263,17,1.0
0.012742749857031341,0.07894736842105263,18,1.0
0.012742749857031341,0.07894736842105263,19,1.0
0.012742749857031341,0.10526315789473684,0,1.0
0.012742749857031341,0.10526315789473684,1,1.0
0.012742749857031341,0.10526315789473684,2,1.0
0.012742749857031341,0.10526315789473684,3,1.0
0.012742749857031341,0.10526315789473684,4,1.0
0.012742749857031341,0.10526315789473684,5,1.0
0.012742749857031341,0.10526315789473684,6,1.0
0.012742749857031341,0.10526315789473684,7,1.0
0.012742749857031341,0.10526315789473684,8,1.0
0.012742749857031341,0.10526315789473684,9,1.0
0.012742749857031341,0.10526315789473684,10,1.0
0.012742749857031341,0.10526315789473684,11,1.0
0.012742749857031341,0.10526315789473684,12,1.0
0.012742749857031341,0.10526315789473684,13,1.0
0.012742749857031341,0.10526315789473684,14,1.0
0.012742749857031341,0.10526315789473684,15,1.0
0.012742749857031341,0.10526315789473684,16,1.0
0.012742749857031341,0.10526315789473684,17,1.0
0.012742749857031341,0.10526315789473684,18,1.0
0.012742749857031341,0.10526315789473684,19,1.0
0.012742749857031341,0.13157894736842105,0,1.0
0.012742749857031341,0.13157894736842105,1,1.0
0.012742749857031341,0.13157894736842105,2,1.0
0.012742749857031341,0.13157894736842105,3,1.0
0.012742749857031341,0.13157894736842105,4,1.0
0.012742749857031341,0.13157894736842105,5,1.0
0.012742749857031341,0.13157894736842105,6,1.0
0.012742749857031341,0.13157894736842105,7,1.0
0.012742749857031341,0.13157894736842105,8,1.0
0.012742749857031341,0.13157894736842105,9,1.0
0.012742749857031341,0.13157894736842105,10,1.0
0.012742749857031341,0.13157894736842105,11,1.0
0.012742749857031341,0.13157894736842105,12,1.0
0.012742749857031341,0.13157894736842105,13,1.0
0.012742749857031341,0.13157894736842105,14,1.0
0.012742749857031341,0.13157894736842105,15,1.0
0.012742749857031341,0.13157894736842105,16,1.0
0.012742749857031341,0.13157894736842105,17,1.0
0.012742749857031341,0.13157894736842105,18,1.0
0.012742749857031341,0.13157894736842105,19,1.0
0.012742749857031341,0.15789473684210525,0,1.0
0.012742749857031341,0.15789473684210525,1,1.0
0.012742749857031341,0.15789473684210525,2,1.0
0.012742749857031341,0.15789473684210525,3,1.0
0.012742749857031341,0.15789473684210525,4,1.0
0.012742749857031341,0.15789473684210525,5,1.0
0.012742749857031341,0.15789473684210525,6,1.0
0.012742749857031341,0.15789473684210525,7,1.0
0.012742749857031341,0.15789473684210525,8,1.0
0.012742749857031341,0.15789473684210525,9,1.0
0.012742749857031341,0.15789473684210525,10,1.0
0.012742749857031341,0.15789473684210525,11,1.0
0.012742749857031341,0.15789473684210525,12,1.0
0.012742749857031341,0.15789473684210525,13,1.0
0.012742749857031341,0.15789473684210525,14,1.0
0.012742749857031341,0.15789473684210525,15,1.0
0.012742749857031341,0.15789473684210525,16,1.0
0.012742749857031341,0.15789473684210525,17,1.0
0.012742749857031341,0.15789473684210525,18,1.0
0.012742749857031341,0.15789473684210525,19,1.0
0.012742749857031341,0.18421052631578946,0,1.0
0.012742749857031341,0.18421052631578946,1,1.0
0.012742749857031341,0.18421052631578946,2,1.0
0.012742749857031341,0.18421052631578946,3,1.0
0.012742749857031341,0.18421052631578946,4,1.0
0.012742749857031341,0.18421052631578946,5,1.0
0.012742749857031341,0.18421052631578946,6,1.0
0.012742749857031341,0.18421052631578946,7,1.0
0.012742749857031341,0.18421052631578946,8,1.0
0.012742749857031341,0.18421052631578946,9,1.0
0.012742749857031341,0.18421052631578946,10,1.0
0.012742749857031341,0.18421052631578946,11,1.0
0.012742749857031341,0.18421052631578946,12,1.0
0.012742749857031341,0.18421052631578946,13,1.0
0.012742749857031341,0.18421052631578946,14,1.0
0.012742749857031341,0.18421052631578946,15,1.0
0.012742749857031341,0.18421052631578946,16,1.0
0.012742749857031341,0.18421052631578946,17,1.0
0.012742749857031341,0.18421052631578946,18,1.0
0.012742749857031341,0.18421052631578946,19,1.0
0.012742749857031341,0.21052631578947367,0,1.0
0.012742749857031341,0.21052631578947367,1,1.0
0.012742749857031341,0.21052631578947367,2,1.0
0.012742749857031341,0.21052631578947367,3,1.0
0.012742749857031341,0.21052631578947367,4,1.0
0.012742749857031341,0.21052631578947367,5,1.0
0.012742749857031341,0.21052631578947367,6,1.0
0.012742749857031341,0.21052631578947367,7,1.0
0.012742749857031341,0.21052631578947367,8,1.0
0.012742749857031341,0.21052631578947367,9,1.0
0.012742749857031341,0.21052631578947367,10,1.0
0.012742749857031341,0.21052631578947367,11,1.0
0.012742749857031341,0.21052631578947367,12,1.0
0.012742749857031341,0.21052631578947367,13,1.0
0.012742749857031341,0.21052631578947367,14,1.0
0.012742749857031341,0.21052631578947367,15,1.0
0.012742749857031341,0.21052631578947367,16,1.0
0.012742749857031341,0.21052631578947367,17,1.0
0.012742749857031341,0.21052631578947367,18,1.0
0.012742749857031341,0.21052631578947367,19,1.0
0.012742749857031341,0.23684210526315788,0,1.0
0.012742749857031341,0.23684210526315788,1,1.0
0.012742749857031341,0.23684210526315788,2,1.0
0.012742749857031341,0.23684210526315788,3,1.0
0.012742749857031341,0.23684210526315788,4,1.0
0.012742749857031341,0.23684210526315788,5,1.0
0.012742749857031341,0.23684210526315788,6,1.0
0.012742749857031341,0.23684210526315788,7,1.0
0.012742749857031341,0.23684210526315788,8,1.0
0.012742749857031341,0.23684210526315788,9,1.0
0.012742749857031341,0.23684210526315788,10,1.0
0.012742749857031341,0.23684210526315788,11,1.0
0.012742749857031341,0.23684210526315788,12,1.0
0.012742749857031341,0.23684210526315788,13,1.0
0.012742749857031341,0.23684210526315788,14,1.0
0.012742749857031341,0.23684210526315788,15,1.0
0.012742749857031341,0.23684210526315788,16,1.0
0.012742749857031341,0.23684210526315788,17,1.0
0.012742749857031341,0.23684210526315788,18,1.0
0.012742749857031341,0.23684210526315788,19,1.0
0.012742749857031341,0.2631578947368421,0,1.0
0.012742749857031341,0.2631578947368421,1,1.0
0.012742749857031341,0.2631578947368421,2,1.0
0.012742749857031341,0.2631578947368421,3,1.0
0.012742749857031341,0.2631578947368421,4,1.0
0.012742749857031341,0.2631578947368421,5,1.0
0.012742749857031341,0.2631578947368421,6,1.0
0.012742749857031341,0.2631578947368421,7,1.0
0.012742749857031341,0.2631578947368421,8,1.0
0.012742749857031341,0.2631578947368421,9,1.0
0.012742749857031341,0.2631578947368421,10,1.0
0.012742749857031341,0.2631578947368421,11,1.0
0.012742749857031341,0.2631578947368421,12,1.0
0.012742749857031341,0.2631578947368421,13,1.0
0.012742749857031341,0.2631578947368421,14,1.0
0.012742749857031341,0.2631578947368421,15,1.0
0.012742749857031341,0.2631578947368421,16,1.0
0.012742749857031341,0.2631578947368421,17,1.0
0.012742749857031341,0.2631578947368421,18,1.0
0.012742749857031341,0.2631578947368421,19,1.0
0.012742749857031341,0.2894736842105263,0,1.0
0.012742749857031341,0.2894736842105263,1,1.0
0.012742749857031341,0.2894736842105263,2,1.0
0.012742749857031341,0.2894736842105263,3,1.0
0.012742749857031341,0.2894736842105263,4,1.0
0.012742749857031341,0.2894736842105263,5,1.0
0.012742749857031341,0.2894736842105263,6,1.0
0.012742749857031341,0.2894736842105263,7,1.0
0.012742749857031341,0.2894736842105263,8,1.0
0.012742749857031341,0.2894736842105263,9,1.0
0.012742749857031341,0.2894736842105263,10,1.0
0.012742749857031341,0.2894736842105263,11,1.0
0.012742749857031341,0.2894736842105263,12,1.0
0.012742749857031341,0.2894736842105263,13,1.0
0.012742749857031341,0.2894736842105263,14,1.0
0.012742749857031341,0.2894736842105263,15,1.0
0.012742749857031341,0.2894736842105263,16,1.0
0.012742749857031341,0.2894736842105263,17,1.0
0.012742749857031341,0.2894736842105263,18,1.0
0.012742749857031341,0.2894736842105263,19,1.0
0.012742749857031341,0.3157894736842105,0,1.0
0.012742749857031341,0.3157894736842105,1,1.0
0.012742749857031341,0.3157894736842105,2,1.0
0.012742749857031341,0.3157894736842105,3,1.0
0.012742749857031341,0.3157894736842105,4,1.0
0.012742749857031341,0.3157894736842105,5,1.0
0.012742749857031341,0.3157894736842105,6,1.0
0.012742749857031341,0.3157894736842105,7,1.0
0.012742749857031341,0.3157894736842105,8,1.0
0.012742749857031341,0.3157894736842105,9,1.0
0.012742749857031341,0.3157894736842105,10,1.0
0.012742749857031341,0.3157894736842105,11,1.0
0.012742749857031341,0.3157894736842105,12,1.0
0.012742749857031341,0.3157894736842105,13,1.0
0.012742749857031341,0.3157894736842105,14,1.0
0.012742749857031341,0.3157894736842105,15,1.0
0.012742749857031341,0.3157894736842105,16,1.0
0.012742749857031341,0.3157894736842105,17,1.0
0.012742749857031341,0.3157894736842105,18,1.0
0.012742749857031341,0.3157894736842105,19,1.0
0.012742749857031341,0.3421052631578947,0,1.0
0.012742749857031341,0.3421052631578947,1,1.0
0.012742749857031341,0.3421052631578947,2,1.0
0.012742749857031341,0.3421052631578947,3,1.0
0.012742749857031341,0.3421052631578947,4,1.0
0.012742749857031341,0.3421052631578947,5,1.0
0.012742749857031341,0.3421052631578947,6,1.0
0.012742749857031341,0.3421052631578947,7,1.0
0.012742749857031341,0.3421052631578947,8,1.0
0.012742749857031341,0.3421052631578947,9,1.0
0.012742749857031341,0.3421052631578947,10,1.0
0.012742749857031341,0.3421052631578947,11,1.0
0.012742749857031341,0.3421052631578947,12,1.0
0.012742749857031341,0.3421052631578947,13,1.0
0.012742749857031341,0.3421052631578947,14,1.0
0.012742749857031341,0.3421052631578947,15,1.0
0.012742749857031341,0.3421052631578947,16,1.0
0.012742749857031341,0.3421052631578947,17,1.0
0.012742749857031341,0.3421052631578947,18,1.0
0.012742749857031341,0.3421052631578947,19,1.0
0.012742749857031341,0.3684210526315789,0,1.0
0.012742749857031341,0.3684210526315789,1,1.0
0.012742749857031341,0.3684210526315789,2,1.0
0.012742749857031341,0.3684210526315789,3,1.0
0.012742749857031341,0.3684210526315789,4,1.0
0.012742749857031341,0.3684210526315789,5,1.0
0.012742749857031341,0.3684210526315789,6,1.0
0.012742749857031341,0.3684210526315789,7,1.0
0.012742749857031341,0.3684210526315789,8,1.0
0.012742749857031341,0.3684210526315789,9,1.0
0.012742749857031341,0.3684210526315789,10,1.0
0.012742749857031341,0.3684210526315789,11,1.0
0.012742749857031341,0.3684210526315789,12,1.0
0.012742749857031341,0.3684210526315789,13,1.0
0.012742749857031341,0.3684210526315789,14,1.0
0.012742749857031341,0.3684210526315789,15,1.0
0.012742749857031341,0.3684210526315789,16,1.0
0.012742749857031341,0.3684210526315789,17,1.0
0.012742749857031341,0.3684210526315789,18,1.0
0.012742749857031341,0.3684210526315789,19,1.0
0.012742749857031341,0.39473684210526316,0,1.0
0.012742749857031341,0.39473684210526316,1,1.0
0.012742749857031341,0.39473684210526316,2,1.0
0.012742749857031341,0.39473684210526316,3,1.0
0.012742749857031341,0.39473684210526316,4,1.0
0.012742749857031341,0.39473684210526316,5,1.0
0.012742749857031341,0.39473684210526316,6,1.0
0.012742749857031341,0.39473684210526316,7,1.0
0.012742749857031341,0.39473684210526316,8,1.0
0.012742749857031341,0.39473684210526316,9,1.0
0.012742749857031341,0.39473684210526316,10,1.0
0.012742749857031341,0.39473684210526316,11,1.0
0.012742749857031341,0.39473684210526316,12,1.0
0.012742749857031341,0.39473684210526316,13,1.0
0.012742749857031341,0.39473684210526316,14,1.0
0.012742749857031341,0.39473684210526316,15,1.0
0.012742749857031341,0.39473684210526316,16,1.0
0.012742749857031341,0.39473684210526316,17,1.0
0.012742749857031341,0.39473684210526316,18,1.0
0.012742749857031341,0.39473684210526316,19,1.0
0.012742749857031341,0.42105263157894735,0,1.0
0.012742749857031341,0.42105263157894735,1,1.0
0.012742749857031341,0.42105263157894735,2,1.0
0.012742749857031341,0.42105263157894735,3,1.0
0.012742749857031341,0.42105263157894735,4,1.0
0.012742749857031341,0.42105263157894735,5,1.0
0.012742749857031341,0.42105263157894735,6,1.0
0.012742749857031341,0.42105263157894735,7,1.0
0.012742749857031341,0.42105263157894735,8,1.0
0.012742749857031341,0.42105263157894735,9,1.0
0.012742749857031341,0.42105263157894735,10,1.0
0.012742749857031341,0.42105263157894735,11,1.0
0.012742749857031341,0.42105263157894735,12,1.0
0.012742749857031341,0.42105263157894735,13,1.0
0.012742749857031341,0.42105263157894735,14,1.0
0.012742749857031341,0.42105263157894735,15,1.0
0.012742749857031341,0.42105263157894735,16,1.0
0.012742749857031341,0.42105263157894735,17,1.0
0.012742749857031341,0.42105263157894735,18,1.0
0.012742749857031341,0.42105263157894735,19,1.0
0.012742749857031341,0.4473684210526315,0,1.0
0.012742749857031341,0.4473684210526315,1,1.0
0.012742749857031341,0.4473684210526315,2,1.0
0.012742749857031341,0.4473684210526315,3,1.0
0.012742749857031341,0.4473684210526315,4,1.0
0.012742749857031341,0.4473684210526315,5,1.0
0.012742749857031341,0.4473684210526315,6,1.0
0.012742749857031341,0.4473684210526315,7,1.0
0.012742749857031341,0.4473684210526315,8,1.0
0.012742749857031341,0.4473684210526315,9,1.0
0.012742749857031341,0.4473684210526315,10,1.0
0.012742749857031341,0.4473684210526315,11,1.0
0.012742749857031341,0.4473684210526315,12,1.0
0.012742749857031341,0.4473684210526315,13,1.0
0.012742749857031341,0.4473684210526315,14,1.0
0.012742749857031341,0.4473684210526315,15,1.0
0.012742749857031341,0.4473684210526315,16,1.0
0.012742749857031341,0.4473684210526315,17,1.0
0.012742749857031341,0.4473684210526315,18,1.0
0.012742749857031341,0.4473684210526315,19,1.0
0.012742749857031341,0.47368421052631576,0,1.0
0.012742749857031341,0.47368421052631576,1,1.0
0.012742749857031341,0.47368421052631576,2,1.0
0.012742749857031341,0.47368421052631576,3,1.0
0.012742749857031341,0.47368421052631576,4,1.0
0.012742749857031341,0.47368421052631576,5,1.0
0.012742749857031341,0.47368421052631576,6,1.0
0.012742749857031341,0.47368421052631576,7,1.0
0.012742749857031341,0.47368421052631576,8,1.0
0.012742749857031341,0.47368421052631576,9,1.0
0.012742749857031341,0.47368421052631576,10,1.0
0.012742749857031341,0.47368421052631576,11,1.0
0.012742749857031341,0.47368421052631576,12,1.0
0.012742749857031341,0.47368421052631576,13,1.0
0.012742749857031341,0.47368421052631576,14,1.0
0.012742749857031341,0.47368421052631576,15,1.0
0.012742749857031341,0.47368421052631576,16,1.0
0.012742749857031341,0.47368421052631576,17,1.0
0.012742749857031341,0.47368421052631576,18,1.0
0.012742749857031341,0.47368421052631576,19,1.0
0.012742749857031341,0.5,0,1.0
0.012742749857031341,0.5,1,1.0
0.012742749857031341,0.5,2,1.0
0.012742749857031341,0.5,3,1.0
0.012742749857031341,0.5,4,1.0
0.012742749857031341,0.5,5,1.0
0.012742749857031341,0.5,6,1.0
0.012742749857031341,0.5,7,1.0
0.012742749857031341,0.5,8,1.0
0.012742749857031341,0.5,9,1.0
0.012742749857031341,0.5,10,1.0
0.012742749857031341,0.5,11,1.0
0.012742749857031341,0.5,12,1.0
0.012742749857031341,0.5,13,1.0
0.012742749857031341,0.5,14,1.0
0.012742749857031341,0.5,15,1.0
0.012742749857031341,0.5,16,1.0
0.012742749857031341,0.5,17,1.0
0.012742749857031341,0.5,18,1.0
0.012742749857031341,0.5,19,1.0
0.018329807108324356,0.0,0,1.0
0.018329807108324356,0.0,1,1.0
0.018329807108324356,0.0,2,1.0
0.018329807108324356,0.0,3,1.0
0.018329807108324356,0.0,4,1.0
0.018329807108324356,0.0,5,1.0
0.018329807108324356,0.0,6,1.0
0.018329807108324356,0.0,7,1.0
0.018329807108324356,0.0,8,1.0
0.018329807108324356,0.0,9,1.0
0.018329807108324356,0.0,10,1.0
0.018329807108324356,0.0,11,1.0
0.018329807108324356,0.0,12,1.0
0.018329807108324356,0.0,13,1.0
0.018329807108324356,0.0,14,1.0
0.018329807108324356,0.0,15,1.0
0.018329807108324356,0.0,16,1.0
0.018329807108324356,0.0,17,1.0
0.018329807108324356,0.0,18,1.0
0.018329807108324356,0.0,19,1.0
0.018329807108324356,0.02631578947368421,0,1.0
0.018329807108324356,0.02631578947368421,1,1.0
0.018329807108324356,0.02631578947368421,2,1.0
0.018329807108324356,0.02631578947368421,3,1.0
0.018329807108324356,0.02631578947368421,4,1.0
0.018329807108324356,0.02631578947368421,5,1.0
0.018329807108324356,0.02631578947368421,6,1.0
0.018329807108324356,0.02631578947368421,7,1.0
0.018329807108324356,0.02631578947368421,8,1.0
0.018329807108324356,0.02631578947368421,9,1.0
0.018329807108324356,0.02631578947368421,10,1.0
0.018329807108324356,0.02631578947368421,11,1.0
0.018329807108324356,0.02631578947368421,12,1.0
0.018329807108324356,0.02631578947368421,13,1.0
0.018329807108324356,0.02631578947368421,14,1.0
0.018329807108324356,0.02631578947368421,15,1.0
0.018329807108324356,0.02631578947368421,16,1.0
0.018329807108324356,0.02631578947368421,17,1.0
0.018329807108324356,0.02631578947368421,18,1.0
0.018329807108324356,0.02631578947368421,19,1.0
0.018329807108324356,0.05263157894736842,0,1.0
0.018329807108324356,0.05263157894736842,1,1.0
0.018329807108324356,0.05263157894736842,2,1.0
0.018329807108324356,0.05263157894736842,3,1.0
0.018329807108324356,0.05263157894736842,4,1.0
0.018329807108324356,0.05263157894736842,5,1.0
0.018329807108324356,0.05263157894736842,6,1.0
0.018329807108324356,0.05263157894736842,7,1.0
0.018329807108324356,0.05263157894736842,8,1.0
0.018329807108324356,0.05263157894736842,9,1.0
0.018329807108324356,0.05263157894736842,10,1.0
0.018329807108324356,0.05263157894736842,11,1.0
0.018329807108324356,0.05263157894736842,12,1.0
0.018329807108324356,0.05263157894736842,13,1.0
0.018329807108324356,0.05263157894736842,14,1.0
0.018329807108324356,0.05263157894736842,15,1.0
0.018329807108324356,0.05263157894736842,16,1.0
0.018329807108324356,0.05263157894736842,17,1.0
0.018329807108324356,0.05263157894736842,18,1.0
0.018329807108324356,0.05263157894736842,19,1.0
0.018329807108324356,0.07894736842105263,0,1.0
0.018329807108324356,0.07894736842105263,1,1.0
0.018329807108324356,0.07894736842105263,2,1.0
0.018329807108324356,0.07894736842105263,3,1.0
0.018329807108324356,0.07894736842105263,4,1.0
0.018329807108324356,0.07894736842105263,5,1.0
0.018329807108324356,0.07894736842105263,6,1.0
0.018329807108324356,0.07894736842105263,7,1.0
0.018329807108324356,0.07894736842105263,8,1.0
0.018329807108324356,0.07894736842105263,9,1.0
0.018329807108324356,0.07894736842105263,10,1.0
0.018329807108324356,0.07894736842105263,11,1.0
0.018329807108324356,0.07894736842105263,12,1.0
0.018329807108324356,0.07894736842105263,13,1.0
0.018329807108324356,0.07894736842105263,14,1.0
0.018329807108324356,0.07894736842105263,15,1.0
0.018329807108324356,0.07894736842105263,16,1.0
0.018329807108324356,0.07894736842105263,17,1.0
0.018329807108324356,0.07894736842105263,18,1.0
0.018329807108324356,0.07894736842105263,19,1.0
0.018329807108324356,0.10526315789473684,0,1.0
0.018329807108324356,0.10526315789473684,1,1.0
0.018329807108324356,0.10526315789473684,2,1.0
0.018329807108324356,0.10526315789473684,3,1.0
0.018329807108324356,0.10526315789473684,4,1.0
0.018329807108324356,0.10526315789473684,5,1.0
0.018329807108324356,0.10526315789473684,6,1.0
0.018329807108324356,0.10526315789473684,7,1.0
0.018329807108324356,0.10526315789473684,8,1.0
0.018329807108324356,0.10526315789473684,9,1.0
0.018329807108324356,0.10526315789473684,10,1.0
0.018329807108324356,0.10526315789473684,11,1.0
0.018329807108324356,0.10526315789473684,12,1.0
0.018329807108324356,0.10526315789473684,13,1.0
0.018329807108324356,0.10526315789473684,14,1.0
0.018329807108324356,0.10526315789473684,15,1.0
0.018329807108324356,0.10526315789473684,16,1.0
0.018329807108324356,0.10526315789473684,17,1.0
0.018329807108324356,0.10526315789473684,18,1.0
0.018329807108324356,0.10526315789473684,19,1.0
0.018329807108324356,0.13157894736842105,0,1.0
0.018329807108324356,0.13157894736842105,1,1.0
0.018329807108324356,0.13157894736842105,2,1.0
0.018329807108324356,0.13157894736842105,3,1.0
0.018329807108324356,0.13157894736842105,4,1.0
0.018329807108324356,0.13157894736842105,5,1.0
0.018329807108324356,0.13157894736842105,6,1.0
0.018329807108324356,0.13157894736842105,7,1.0
0.018329807108324356,0.13157894736842105,8,1.0
0.018329807108324356,0.13157894736842105,9,1.0
0.018329807108324356,0.13157894736842105,10,1.0
0.018329807108324356,0.13157894736842105,11,1.0
0.018329807108324356,0.13157894736842105,12,1.0
0.018329807108324356,0.13157894736842105,13,1.0
0.018329807108324356,0.13157894736842105,14,1.0
0.018329807108324356,0.13157894736842105,15,1.0
0.018329807108324356,0.13157894736842105,16,1.0
0.018329807108324356,0.13157894736842105,17,1.0
0.018329807108324356,0.13157894736842105,18,1.0
0.018329807108324356,0.13157894736842105,19,1.0
0.018329807108324356,0.15789473684210525,0,1.0
0.018329807108324356,0.15789473684210525,1,1.0
0.018329807108324356,0.15789473684210525,2,1.0
0.018329807108324356,0.15789473684210525,3,1.0
0.018329807108324356,0.15789473684210525,4,1.0
0.018329807108324356,0.15789473684210525,5,1.0
0.018329807108324356,0.15789473684210525,6,1.0
0.018329807108324356,0.15789473684210525,7,1.0
0.018329807108324356,0.15789473684210525,8,1.0
0.018329807108324356,0.15789473684210525,9,1.0
0.018329807108324356,0.15789473684210525,10,1.0
0.018329807108324356,0.15789473684210525,11,1.0
0.018329807108324356,0.15789473684210525,12,1.0
0.018329807108324356,0.15789473684210525,13,1.0
0.018329807108324356,0.15789473684210525,14,1.0
0.018329807108324356,0.15789473684210525,15,1.0
0.018329807108324356,0.15789473684210525,16,1.0
0.018329807108324356,0.15789473684210525,17,1.0
0.018329807108324356,0.15789473684210525,18,1.0
0.018329807108324356,0.15789473684210525,19,1.0
0.018329807108324356,0.18421052631578946,0,1.0
0.018329807108324356,0.18421052631578946,1,1.0
0.018329807108324356,0.18421052631578946,2,1.0
0.018329807108324356,0.18421052631578946,3,1.0
0.018329807108324356,0.18421052631578946,4,1.0
0.018329807108324356,0.18421052631578946,5,1.0
0.018329807108324356,0.18421052631578946,6,1.0
0.018329807108324356,0.18421052631578946,7,1.0
0.018329807108324356,0.18421052631578946,8,1.0
0.018329807108324356,0.18421052631578946,9,1.0
0.018329807108324356,0.18421052631578946,10,1.0
0.018329807108324356,0.18421052631578946,11,1.0
0.018329807108324356,0.18421052631578946,12,1.0
0.018329807108324356,0.18421052631578946,13,1.0
0.018329807108324356,0.18421052631578946,14,1.0
0.018329807108324356,0.18421052631578946,15,1.0
0.018329807108324356,0.18421052631578946,16,1.0
0.018329807108324356,0.18421052631578946,17,1.0
0.018329807108324356,0.18421052631578946,18,1.0
0.018329807108324356,0.18421052631578946,19,1.0
0.018329807108324356,0.21052631578947367,0,1.0
0.018329807108324356,0.21052631578947367,1,1.0
0.018329807108324356,0.21052631578947367,2,1.0
0.018329807108324356,0.21052631578947367,3,1.0
0.018329807108324356,0.21052631578947367,4,1.0
0.018329807108324356,0.21052631578947367,5,1.0
0.018329807108324356,0.21052631578947367,6,1.0
0.018329807108324356,0.21052631578947367,7,1.0
0.018329807108324356,0.21052631578947367,8,1.0
0.018329807108324356,0.21052631578947367,9,1.0
0.018329807108324356,0.21052631578947367,10,1.0
0.018329807108324356,0.21052631578947367,11,1.0
0.018329807108324356,0.21052631578947367,12,1.0
0.018329807108324356,0.21052631578947367,13,1.0
0.018329807108324356,0.21052631578947367,14,1.0
0.018329807108324356,0.21052631578947367,15,1.0
0.018329807108324356,0.21052631578947367,16,1.0
0.018329807108324356,0.21052631578947367,17,1.0
0.018329807108324356,0.21052631578947367,18,1.0
0.018329807108324356,0.21052631578947367,19,1.0
0.018329807108324356,0.23684210526315788,0,1.0
0.018329807108324356,0.23684210526315788,1,1.0
0.018329807108324356,0.23684210526315788,2,1.0
0.018329807108324356,0.23684210526315788,3,1.0
0.018329807108324356,0.23684210526315788,4,1.0
0.018329807108324356,0.23684210526315788,5,1.0
0.018329807108324356,0.23684210526315788,6,1.0
0.018329807108324356,0.23684210526315788,7,1.0
0.018329807108324356,0.23684210526315788,8,1.0
0.018329807108324356,0.23684210526315788,9,1.0
0.018329807108324356,0.23684210526315788,10,1.0
0.018329807108324356,0.23684210526315788,11,1.0
0.018329807108324356,0.23684210526315788,12,1.0
0.018329807108324356,0.23684210526315788,13,1.0
0.018329807108324356,0.23684210526315788,14,1.0
0.018329807108324356,0.23684210526315788,15,1.0
0.018329807108324356,0.23684210526315788,16,1.0
0.018329807108324356,0.23684210526315788,17,1.0
0.018329807108324356,0.23684210526315788,18,1.0
0.018329807108324356,0.23684210526315788,19,1.0
0.018329807108324356,0.2631578947368421,0,1.0
0.018329807108324356,0.2631578947368421,1,1.0
0.018329807108324356,0.2631578947368421,2,1.0
0.018329807108324356,0.2631578947368421,3,1.0
0.018329807108324356,0.2631578947368421,4,1.0
0.018329807108324356,0.2631578947368421,5,1.0
0.018329807108324356,0.2631578947368421,6,1.0
0.018329807108324356,0.2631578947368421,7,1.0
0.018329807108324356,0.2631578947368421,8,1.0
0.018329807108324356,0.2631578947368421,9,1.0
0.018329807108324356,0.2631578947368421,10,1.0
0.018329807108324356,0.2631578947368421,11,1.0
0.018329807108324356,0.2631578947368421,12,1.0
0.018329807108324356,0.2631578947368421,13,1.0
0.018329807108324356,0.2631578947368421,14,1.0
0.018329807108324356,0.2631578947368421,15,1.0
0.018329807108324356,0.2631578947368421,16,1.0
0.018329807108324356,0.2631578947368421,17,1.0
0.018329807108324356,0.2631578947368421,18,1.0
0.018329807108324356,0.2631578947368421,19,1.0
0.018329807108324356,0.2894736842105263,0,1.0
0.018329807108324356,0.2894736842105263,1,1.0
0.018329807108324356,0.2894736842105263,2,1.0
0.018329807108324356,0.2894736842105263,3,1.0
0.018329807108324356,0.2894736842105263,4,1.0
0.018329807108324356,0.2894736842105263,5,1.0
0.018329807108324356,0.2894736842105263,6,1.0
0.018329807108324356,0.2894736842105263,7,1.0
0.018329807108324356,0.2894736842105263,8,1.0
0.018329807108324356,0.2894736842105263,9,1.0
0.018329807108324356,0.2894736842105263,10,1.0
0.018329807108324356,0.2894736842105263,11,1.0
0.018329807108324356,0.2894736842105263,12,1.0
0.018329807108324356,0.2894736842105263,13,1.0
0.018329807108324356,0.2894736842105263,14,1.0
0.018329807108324356,0.2894736842105263,15,1.0
0.018329807108324356,0.2894736842105263,16,1.0
0.018329807108324356,0.2894736842105263,17,1.0
0.018329807108324356,0.2894736842105263,18,1.0
0.018329807108324356,0.2894736842105263,19,1.0
0.018329807108324356,0.3157894736842105,0,1.0
0.018329807108324356,0.3157894736842105,1,1.0
0.018329807108324356,0.3157894736842105,2,1.0
0.018329807108324356,0.3157894736842105,3,1.0
0.018329807108324356,0.3157894736842105,4,1.0
0.018329807108324356,0.3157894736842105,5,1.0
0.018329807108324356,0.3157894736842105,6,1.0
0.018329807108324356,0.3157894736842105,7,1.0
0.018329807108324356,0.3157894736842105,8,1.0
0.018329807108324356,0.3157894736842105,9,1.0
0.018329807108324356,0.3157894736842105,10,1.0
0.018329807108324356,0.3157894736842105,11,1.0
0.018329807108324356,0.3157894736842105,12,1.0
0.018329807108324356,0.3157894736842105,13,1.0
0.018329807108324356,0.3157894736842105,14,1.0
0.018329807108324356,0.3157894736842105,15,1.0
0.018329807108324356,0.3157894736842105,16,1.0
0.018329807108324356,0.3157894736842105,17,1.0
0.018329807108324356,0.3157894736842105,18,1.0
0.018329807108324356,0.3157894736842105,19,1.0
0.018329807108324356,0.3421052631578947,0,1.0
0.018329807108324356,0.3421052631578947,1,1.0
0.018329807108324356,0.3421052631578947,2,1.0
0.018329807108324356,0.3421052631578947,3,1.0
0.018329807108324356,0.3421052631578947,4,1.0
0.018329807108324356,0.3421052631578947,5,1.0
0.018329807108324356,0.3421052631578947,6,1.0
0.018329807108324356,0.3421052631578947,7,1.0
0.018329807108324356,0.3421052631578947,8,1.0
0.018329807108324356,0.3421052631578947,9,1.0
0.018329807108324356,0.3421052631578947,10,1.0
0.018329807108324356,0.3421052631578947,11,1.0
0.018329807108324356,0.3421052631578947,12,1.0
0.018329807108324356,0.3421052631578947,13,1.0
0.018329807108324356,0.3421052631578947,14,1.0
0.018329807108324356,0.3421052631578947,15,1.0
0.018329807108324356,0.3421052631578947,16,1.0
0.018329807108324356,0.3421052631578947,17,1.0
0.018329807108324356,0.3421052631578947,18,1.0
0.018329807108324356,0.3421052631578947,19,1.0
0.018329807108324356,0.3684210526315789,0,1.0
0.018329807108324356,0.3684210526315789,1,1.0
0.018329807108324356,0.3684210526315789,2,1.0
0.018329807108324356,0.3684210526315789,3,1.0
0.018329807108324356,0.3684210526315789,4,1.0
0.018329807108324356,0.3684210526315789,5,1.0
0.018329807108324356,0.3684210526315789,6,1.0
0.018329807108324356,0.3684210526315789,7,1.0
0.018329807108324356,0.3684210526315789,8,1.0
0.018329807108324356,0.3684210526315789,9,1.0
0.018329807108324356,0.3684210526315789,10,1.0
0.018329807108324356,0.3684210526315789,11,1.0
0.018329807108324356,0.3684210526315789,12,1.0
0.018329807108324356,0.3684210526315789,13,1.0
0.018329807108324356,0.3684210526315789,14,1.0
0.018329807108324356,0.3684210526315789,15,1.0
0.018329807108324356,0.3684210526315789,16,1.0
0.018329807108324356,0.3684210526315789,17,1.0
0.018329807108324356,0.3684210526315789,18,1.0
0.018329807108324356,0.3684210526315789,19,1.0
0.018329807108324356,0.39473684210526316,0,1.0
0.018329807108324356,0.39473684210526316,1,1.0
0.018329807108324356,0.39473684210526316,2,1.0
0.018329807108324356,0.39473684210526316,3,1.0
0.018329807108324356,0.39473684210526316,4,1.0
0.018329807108324356,0.39473684210526316,5,1.0
0.018329807108324356,0.39473684210526316,6,1.0
0.018329807108324356,0.39473684210526316,7,1.0
0.018329807108324356,0.39473684210526316,8,1.0
0.018329807108324356,0.39473684210526316,9,1.0
0.018329807108324356,0.39473684210526316,10,1.0
0.018329807108324356,0.39473684210526316,11,1.0
0.018329807108324356,0.39473684210526316,12,1.0
0.018329807108324356,0.39473684210526316,13,1.0
0.018329807108324356,0.39473684210526316,14,1.0
0.018329807108324356,0.39473684210526316,15,1.0
0.018329807108324356,0.39473684210526316,16,1.0
0.018329807108324356,0.39473684210526316,17,1.0
0.018329807108324356,0.39473684210526316,18,1.0
0.018329807108324356,0.39473684210526316,19,1.0
0.018329807108324356,0.42105263157894735,0,1.0
0.018329807108324356,0.42105263157894735,1,1.0
0.018329807108324356,0.42105263157894735,2,1.0
0.018329807108324356,0.42105263157894735,3,1.0
0.018329807108324356,0.42105263157894735,4,1.0
0.018329807108324356,0.42105263157894735,5,1.0
0.018329807108324356,0.42105263157894735,6,1.0
0.018329807108324356,0.42105263157894735,7,1.0
0.018329807108324356,0.42105263157894735,8,1.0
0.018329807108324356,0.42105263157894735,9,1.0
0.018329807108324356,0.42105263157894735,10,1.0
0.018329807108324356,0.42105263157894735,11,1.0
0.018329807108324356,0.42105263157894735,12,1.0
0.018329807108324356,0.42105263157894735,13,1.0
0.018329807108324356,0.42105263157894735,14,1.0
0.018329807108324356,0.42105263157894735,15,1.0
0.018329807108324356,0.42105263157894735,16,1.0
0.018329807108324356,0.42105263157894735,17,1.0
0.018329807108324356,0.42105263157894735,18,1.0
0.018329807108324356,0.42105263157894735,19,1.0
0.018329807108324356,0.4473684210526315,0,1.0
0.018329807108324356,0.4473684210526315,1,1.0
0.018329807108324356,0.4473684210526315,2,1.0
0.018329807108324356,0.4473684210526315,3,1.0
0.018329807108324356,0.4473684210526315,4,1.0
0.018329807108324356,0.4473684210526315,5,1.0
0.018329807108324356,0.4473684210526315,6,1.0
0.018329807108324356,0.4473684210526315,7,1.0
0.018329807108324356,0.4473684210526315,8,1.0
0.018329807108324356,0.4473684210526315,9,1.0
0.018329807108324356,0.4473684210526315,10,1.0
0.018329807108324356,0.4473684210526315,11,1.0
0.018329807108324356,0.4473684210526315,12,1.0
0.018329807108324356,0.4473684210526315,13,1.0
0.018329807108324356,0.4473684210526315,14,1.0
0.018329807108324356,0.4473684210526315,15,1.0
0.018329807108324356,0.4473684210526315,16,1.0
0.018329807108324356,0.4473684210526315,17,1.0
0.018329807108324356,0.4473684210526315,18,1.0
0.018329807108324356,0.4473684210526315,19,1.0
0.018329807108324356,0.47368421052631576,0,1.0
0.018329807108324356,0.47368421052631576,1,1.0
0.018329807108324356,0.47368421052631576,2,1.0
0.018329807108324356,0.47368421052631576,3,1.0
0.018329807108324356,0.47368421052631576,4,1.0
0.018329807108324356,0.47368421052631576,5,1.0
0.018329807108324356,0.47368421052631576,6,1.0
0.018329807108324356,0.47368421052631576,7,1.0
0.018329807108324356,0.47368421052631576,8,1.0
0.018329807108324356,0.47368421052631576,9,1.0
0.018329807108324356,0.47368421052631576,10,1.0
0.018329807108324356,0.47368421052631576,11,1.0
0.018329807108324356,0.47368421052631576,12,1.0
0.018329807108324356,0.47368421052631576,13,1.0
0.018329807108324356,0.47368421052631576,14,1.0
0.018329807108324356,0.47368421052631576,15,1.0
0.018329807108324356,0.47368421052631576,16,1.0
0.018329807108324356,0.47368421052631576,17,1.0
0.018329807108324356,0.47368421052631576,18,1.0
0.018329807108324356,0.47368421052631576,19,1.0
0.018329807108324356,0.5,0,1.0
0.018329807108324356,0.5,1,1.0
0.018329807108324356,0.5,2,1.0
0.018329807108324356,0.5,3,1.0
0.018329807108324356,0.5,4,1.0
0.018329807108324356,0.5,5,1.0
0.018329807108324356,0.5,6,1.0
0.018329807108324356,0.5,7,1.0
0.018329807108324356,0.5,8,1.0
0.018329807108324356,0.5,9,1.0
0.018329807108324356,0.5,10,1.0
0.018329807108324356,0.5,11,1.0
0.018329807108324356,0.5,12,1.0
0.018329807108324356,0.5,13,1.0
0.018329807108324356,0.5,14,1.0
0.018329807108324356,0.5,15,1.0
0.018329807108324356,0.5,16,1.0
0.018329807108324356,0.5,17,1.0
0.018329807108324356,0.5,18,1.0
0.018329807108324356,0.5,19,1.0
0.02636650898730357,0.0,0,1.0
0.02636650898730357,0.0,1,1.0
0.02636650898730357,0.0,2,1.0
0.02636650898730357,0.0,3,1.0
0.02636650898730357,0.0,4,1.0
0.02636650898730357,0.0,5,1.0
0.02636650898730357,0.0,6,1.0
0.02636650898730357,0.0,7,1.0
0.02636650898730357,0.0,8,1.0
0.02636650898730357,0.0,9,1.0
0.02636650898730357,0.0,10,1.0
0.02636650898730357,0.0,11,1.0
0.02636650898730357,0.0,12,1.0
0.02636650898730357,0.0,13,1.0
0.02636650898730357,0.0,14,1.0
0.02636650898730357,0.0,15,1.0
0.02636650898730357,0.0,16,1.0
0.02636650898730357,0.0,17,1.0
0.02636650898730357,0.0,18,1.0
0.02636650898730357,0.0,19,1.0
0.02636650898730357,0.02631578947368421,0,1.0
0.02636650898730357,0.02631578947368421,1,1.0
0.02636650898730357,0.02631578947368421,2,1.0
0.02636650898730357,0.02631578947368421,3,1.0
0.02636650898730357,0.02631578947368421,4,1.0
0.02636650898730357,0.02631578947368421,5,1.0
0.02636650898730357,0.02631578947368421,6,1.0
0.02636650898730357,0.02631578947368421,7,1.0
0.02636650898730357,0.02631578947368421,8,1.0
0.02636650898730357,0.02631578947368421,9,1.0
0.02636650898730357,0.02631578947368421,10,1.0
0.02636650898730357,0.02631578947368421,11,1.0
0.02636650898730357,0.02631578947368421,12,1.0
0.02636650898730357,0.02631578947368421,13,1.0
0.02636650898730357,0.02631578947368421,14,1.0
0.02636650898730357,0.02631578947368421,15,1.0
0.02636650898730357,0.02631578947368421,16,1.0
0.02636650898730357,0.02631578947368421,17,1.0
0.02636650898730357,0.02631578947368421,18,1.0
0.02636650898730357,0.02631578947368421,19,1.0
0.02636650898730357,0.05263157894736842,0,1.0
0.02636650898730357,0.05263157894736842,1,1.0
0.02636650898730357,0.05263157894736842,2,1.0
0.02636650898730357,0.05263157894736842,3,1.0
0.02636650898730357,0.05263157894736842,4,1.0
0.02636650898730357,0.05263157894736842,5,1.0
0.02636650898730357,0.05263157894736842,6,1.0
0.02636650898730357,0.05263157894736842,7,1.0
0.02636650898730357,0.05263157894736842,8,1.0
0.02636650898730357,0.05263157894736842,9,1.0
0.02636650898730357,0.05263157894736842,10,1.0
0.02636650898730357,0.05263157894736842,11,1.0
0.02636650898730357,0.05263157894736842,12,1.0
0.02636650898730357,0.05263157894736842,13,1.0
0.02636650898730357,0.05263157894736842,14,1.0
0.02636650898730357,0.05263157894736842,15,1.0
0.02636650898730357,0.05263157894736842,16,1.0
0.02636650898730357,0.05263157894736842,17,1.0
0.02636650898730357,0.05263157894736842,18,1.0
0.02636650898730357,0.05263157894736842,19,1.0
0.02636650898730357,0.07894736842105263,0,1.0
0.02636650898730357,0.07894736842105263,1,1.0
0.02636650898730357,0.07894736842105263,2,1.0
0.02636650898730357,0.07894736842105263,3,1.0
0.02636650898730357,0.07894736842105263,4,1.0
0.02636650898730357,0.07894736842105263,5,1.0
0.02636650898730357,0.07894736842105263,6,1.0
0.02636650898730357,0.07894736842105263,7,1.0
0.02636650898730357,0.07894736842105263,8,1.0
0.02636650898730357,0.07894736842105263,9,1.0
0.02636650898730357,0.07894736842105263,10,1.0
0.02636650898730357,0.07894736842105263,11,1.0
0.02636650898730357,0.07894736842105263,12,1.0
0.02636650898730357,0.07894736842105263,13,1.0
0.02636650898730357,0.07894736842105263,14,1.0
0.02636650898730357,0.07894736842105263,15,1.0
0.02636650898730357,0.07894736842105263,16,1.0
0.02636650898730357,0.07894736842105263,17,1.0
0.02636650898730357,0.07894736842105263,18,1.0
0.02636650898730357,0.07894736842105263,19,1.0
0.02636650898730357,0.10526315789473684,0,1.0
0.02636650898730357,0.10526315789473684,1,1.0
0.02636650898730357,0.10526315789473684,2,1.0
0.02636650898730357,0.10526315789473684,3,1.0
0.02636650898730357,0.10526315789473684,4,1.0
0.02636650898730357,0.10526315789473684,5,1.0
0.02636650898730357,0.10526315789473684,6,1.0
0.02636650898730357,0.10526315789473684,7,1.0
0.02636650898730357,0.10526315789473684,8,1.0
0.02636650898730357,0.10526315789473684,9,1.0
0.02636650898730357,0.10526315789473684,10,1.0
0.02636650898730357,0.10526315789473684,11,1.0
0.02636650898730357,0.10526315789473684,12,1.0
0.02636650898730357,0.10526315789473684,13,1.0
0.02636650898730357,0.10526315789473684,14,1.0
0.02636650898730357,0.10526315789473684,15,1.0
0.02636650898730357,0.10526315789473684,16,1.0
0.02636650898730357,0.10526315789473684,17,1.0
0.02636650898730357,0.10526315789473684,18,1.0
0.02636650898730357,0.10526315789473684,19,1.0
0.02636650898730357,0.13157894736842105,0,1.0
0.02636650898730357,0.13157894736842105,1,1.0
0.02636650898730357,0.13157894736842105,2,1.0
0.02636650898730357,0.13157894736842105,3,1.0
0.02636650898730357,0.13157894736842105,4,1.0
0.02636650898730357,0.13157894736842105,5,1.0
0.02636650898730357,0.13157894736842105,6,1.0
0.02636650898730357,0.13157894736842105,7,1.0
0.02636650898730357,0.13157894736842105,8,1.0
0.02636650898730357,0.13157894736842105,9,1.0
0.02636650898730357,0.13157894736842105,10,1.0
0.02636650898730357,0.13157894736842105,11,1.0
0.02636650898730357,0.13157894736842105,12,1.0
0.02636650898730357,0.13157894736842105,13,1.0
0.02636650898730357,0.13157894736842105,14,1.0
0.02636650898730357,0.13157894736842105,15,1.0
0.02636650898730357,0.13157894736842105,16,1.0
0.02636650898730357,0.13157894736842105,17,1.0
0.02636650898730357,0.13157894736842105,18,1.0
0.02636650898730357,0.13157894736842105,19,1.0
0.02636650898730357,0.15789473684210525,0,1.0
0.02636650898730357,0.15789473684210525,1,1.0
0.02636650898730357,0.15789473684210525,2,1.0
0.02636650898730357,0.15789473684210525,3,1.0
0.02636650898730357,0.15789473684210525,4,1.0
0.02636650898730357,0.15789473684210525,5,1.0
0.02636650898730357,0.15789473684210525,6,1.0
0.02636650898730357,0.15789473684210525,7,1.0
0.02636650898730357,0.15789473684210525,8,1.0
0.02636650898730357,0.15789473684210525,9,1.0
0.02636650898730357,0.15789473684210525,10,1.0
0.02636650898730357,0.15789473684210525,11,1.0
0.02636650898730357,0.15789473684210525,12,1.0
0.02636650898730357,0.15789473684210525,13,1.0
0.02636650898730357,0.15789473684210525,14,1.0
0.02636650898730357,0.15789473684210525,15,1.0
0.02636650898730357,0.15789473684210525,16,1.0
0.02636650898730357,0.15789473684210525,17,1.0
0.02636650898730357,0.15789473684210525,18,1.0
0.02636650898730357,0.15789473684210525,19,1.0
0.02636650898730357,0.18421052631578946,0,1.0
0.02636650898730357,0.18421052631578946,1,1.0
0.02636650898730357,0.18421052631578946,2,1.0
0.02636650898730357,0.18421052631578946,3,1.0
0.02636650898730357,0.18421052631578946,4,1.0
0.02636650898730357,0.18421052631578946,5,1.0
0.02636650898730357,0.18421052631578946,6,1.0
0.02636650898730357,0.18421052631578946,7,1.0
0.02636650898730357,0.18421052631578946,8,1.0
0.02636650898730357,0.18421052631578946,9,1.0
0.02636650898730357,0.18421052631578946,10,1.0
0.02636650898730357,0.18421052631578946,11,1.0
0.02636650898730357,0.18421052631578946,12,1.0
0.02636650898730357,0.18421052631578946,13,1.0
0.02636650898730357,0.18421052631578946,14,1.0
0.02636650898730357,0.18421052631578946,15,1.0
0.02636650898730357,0.18421052631578946,16,1.0
0.02636650898730357,0.18421052631578946,17,1.0
0.02636650898730357,0.18421052631578946,18,1.0
0.02636650898730357,0.18421052631578946,19,1.0
0.02636650898730357,0.21052631578947367,0,1.0
0.02636650898730357,0.21052631578947367,1,1.0
0.02636650898730357,0.21052631578947367,2,1.0
0.02636650898730357,0.21052631578947367,3,1.0
0.02636650898730357,0.21052631578947367,4,1.0
0.02636650898730357,0.21052631578947367,5,1.0
0.02636650898730357,0.21052631578947367,6,1.0
0.02636650898730357,0.21052631578947367,7,1.0
0.02636650898730357,0.21052631578947367,8,1.0
0.02636650898730357,0.21052631578947367,9,1.0
0.02636650898730357,0.21052631578947367,10,1.0
0.02636650898730357,0.21052631578947367,11,1.0
0.02636650898730357,0.21052631578947367,12,1.0
0.02636650898730357,0.21052631578947367,13,1.0
0.02636650898730357,0.21052631578947367,14,1.0
0.02636650898730357,0.21052631578947367,15,1.0
0.02636650898730357,0.21052631578947367,16,1.0
0.02636650898730357,0.21052631578947367,17,1.0
0.02636650898730357,0.21052631578947367,18,1.0
0.02636650898730357,0.21052631578947367,19,1.0
0.02636650898730357,0.23684210526315788,0,1.0
0.02636650898730357,0.23684210526315788,1,1.0
0.02636650898730357,0.23684210526315788,2,1.0
0.02636650898730357,0.23684210526315788,3,1.0
0.02636650898730357,0.23684210526315788,4,1.0
0.02636650898730357,0.23684210526315788,5,1.0
0.02636650898730357,0.23684210526315788,6,1.0
0.02636650898730357,0.23684210526315788,7,1.0
0.02636650898730357,0.23684210526315788,8,1.0
0.02636650898730357,0.23684210526315788,9,1.0
0.02636650898730357,0.23684210526315788,10,1.0
0.02636650898730357,0.23684210526315788,11,1.0
0.02636650898730357,0.23684210526315788,12,1.0
0.02636650898730357,0.23684210526315788,13,1.0
0.02636650898730357,0.23684210526315788,14,1.0
0.02636650898730357,0.23684210526315788,15,1.0
0.02636650898730357,0.23684210526315788,16,1.0
0.02636650898730357,0.23684210526315788,17,1.0
0.02636650898730357,0.23684210526315788,18,1.0
0.02636650898730357,0.23684210526315788,19,1.0
0.02636650898730357,0.2631578947368421,0,1.0
0.02636650898730357,0.2631578947368421,1,1.0
0.02636650898730357,0.2631578947368421,2,1.0
0.02636650898730357,0.2631578947368421,3,1.0
0.02636650898730357,0.2631578947368421,4,1.0
0.02636650898730357,0.2631578947368421,5,1.0
0.02636650898730357,0.2631578947368421,6,1.0
0.02636650898730357,0.2631578947368421,7,1.0
0.02636650898730357,0.2631578947368421,8,1.0
0.02636650898730357,0.2631578947368421,9,1.0
0.02636650898730357,0.2631578947368421,10,1.0
0.02636650898730357,0.2631578947368421,11,1.0
0.02636650898730357,0.2631578947368421,12,1.0
0.02636650898730357,0.2631578947368421,13,1.0
0.02636650898730357,0.2631578947368421,14,1.0
0.02636650898730357,0.2631578947368421,15,1.0
0.02636650898730357,0.2631578947368421,16,1.0
0.02636650898730357,0.2631578947368421,17,1.0
0.02636650898730357,0.2631578947368421,18,1.0
0.02636650898730357,0.2631578947368421,19,1.0
0.02636650898730357,0.2894736842105263,0,1.0
0.02636650898730357,0.2894736842105263,1,1.0
0.02636650898730357,0.2894736842105263,2,1.0
0.02636650898730357,0.2894736842105263,3,1.0
0.02636650898730357,0.2894736842105263,4,1.0
0.02636650898730357,0.2894736842105263,5,1.0
0.02636650898730357,0.2894736842105263,6,1.0
0.02636650898730357,0.2894736842105263,7,1.0
0.02636650898730357,0.2894736842105263,8,1.0
0.02636650898730357,0.2894736842105263,9,1.0
0.02636650898730357,0.2894736842105263,10,1.0
0.02636650898730357,0.2894736842105263,11,0.58
0.02636650898730357,0.2894736842105263,12,1.0
0.02636650898730357,0.2894736842105263,13,1.0
0.02636650898730357,0.2894736842105263,14,1.0
0.02636650898730357,0.2894736842105263,15,1.0
0.02636650898730357,0.2894736842105263,16,1.0
0.02636650898730357,0.2894736842105263,17,1.0
0.02636650898730357,0.2894736842105263,18,1.0
0.02636650898730357,0.2894736842105263,19,1.0
0.02636650898730357,0.3157894736842105,0,1.0
0.02636650898730357,0.3157894736842105,1,1.0
0.02636650898730357,0.3157894736842105,2,1.0
0.02636650898730357,0.3157894736842105,3,1.0
0.02636650898730357,0.3157894736842105,4,1.0
0.02636650898730357,0.3157894736842105,5,1.0
0.02636650898730357,0.3157894736842105,6,1.0
0.02636650898730357,0.3157894736842105,7,1.0
0.02636650898730357,0.3157894736842105,8,1.0
0.02636650898730357,0.3157894736842105,9,1.0
0.02636650898730357,0.3157894736842105,10,1.0
0.02636650898730357,0.3157894736842105,11,1.0
0.02636650898730357,0.3157894736842105,12,1.0
0.02636650898730357,0.3157894736842105,13,1.0
0.02636650898730357,0.3157894736842105,14,1.0
0.02636650898730357,0.3157894736842105,15,1.0
0.02636650898730357,0.3157894736842105,16,1.0
0.02636650898730357,0.3157894736842105,17,1.0
0.02636650898730357,0.3157894736842105,18,1.0
0.02636650898730357,0.3157894736842105,19,1.0
0.02636650898730357,0.3421052631578947,0,1.0
0.02636650898730357,0.3421052631578947,1,1.0
0.02636650898730357,0.3421052631578947,2,1.0
0.02636650898730357,0.3421052631578947,3,1.0
0.02636650898730357,0.3421052631578947,4,1.0
0.02636650898730357,0.3421052631578947,5,1.0
0.02636650898730357,0.3421052631578947,6,1.0
0.02636650898730357,0.3421052631578947,7,1.0
0.02636650898730357,0.3421052631578947,8,1.0
0.02636650898730357,0.3421052631578947,9,1.0
0.02636650898730357,0.3421052631578947,10,1.0
0.02636650898730357,0.3421052631578947,11,1.0
0.02636650898730357,0.3421052631578947,12,1.0
0.02636650898730357,0.3421052631578947,13,1.0
0.02636650898730357,0.3421052631578947,14,1.0
0.02636650898730357,0.3421052631578947,15,1.0
0.02636650898730357,0.3421052631578947,16,1.0
0.02636650898730357,0.3421052631578947,17,1.0
0.02636650898730357,0.3421052631578947,18,1.0
0.02636650898730357,0.3421052631578947,19,1.0
0.02636650898730357,0.3684210526315789,0,1.0
0.02636650898730357,0.3684210526315789,1,1.0
0.02636650898730357,0.3684210526315789,2,1.0
0.02636650898730357,0.3684210526315789,3,1.0
0.02636650898730357,0.3684210526315789,4,1.0
0.02636650898730357,0.3684210526315789,5,1.0
0.02636650898730357,0.3684210526315789,6,1.0
0.02636650898730357,0.3684210526315789,7,1.0
0.02636650898730357,0.3684210526315789,8,1.0
0.02636650898730357,0.3684210526315789,9,1.0
0.02636650898730357,0.3684210526315789,10,1.0
0.02636650898730357,0.3684210526315789,11,1.0
0.02636650898730357,0.3684210526315789,12,1.0
0.02636650898730357,0.3684210526315789,13,1.0
0.02636650898730357,0.3684210526315789,14,1.0
0.02636650898730357,0.3684210526315789,15,1.0
0.02636650898730357,0.3684210526315789,16,1.0
0.02636650898730357,0.3684210526315789,17,1.0
0.02636650898730357,0.3684210526315789,18,1.0
0.02636650898730357,0.3684210526315789,19,1.0
0.02636650898730357,0.39473684210526316,0,1.0
0.02636650898730357,0.39473684210526316,1,1.0
0.02636650898730357,0.39473684210526316,2,1.0
0.02636650898730357,0.39473684210526316,3,1.0
0.02636650898730357,0.39473684210526316,4,1.0
0.02636650898730357,0.39473684210526316,5,1.0
0.02636650898730357,0.39473684210526316,6,1.0
0.02636650898730357,0.39473684210526316,7,1.0
0.02636650898730357,0.39473684210526316,8,1.0
0.02636650898730357,0.39473684210526316,9,1.0
0.02636650898730357,0.39473684210526316,10,1.0
0.02636650898730357,0.39473684210526316,11,1.0
0.02636650898730357,0.39473684210526316,12,1.0
0.02636650898730357,0.39473684210526316,13,1.0
0.02636650898730357,0.39473684210526316,14,1.0
0.02636650898730357,0.39473684210526316,15,1.0
0.02636650898730357,0.39473684210526316,16,1.0
0.02636650898730357,0.39473684210526316,17,1.0
0.02636650898730357,0.39473684210526316,18,1.0
0.02636650898730357,0.39473684210526316,19,1.0
0.02636650898730357,0.42105263157894735,0,1.0
0.02636650898730357,0.42105263157894735,1,1.0
0.02636650898730357,0.42105263157894735,2,1.0
0.02636650898730357,0.42105263157894735,3,1.0
0.02636650898730357,0.42105263157894735,4,1.0
0.02636650898730357,0.42105263157894735,5,1.0
0.02636650898730357,0.42105263157894735,6,1.0
0.02636650898730357,0.42105263157894735,7,1.0
0.02636650898730357,0.42105263157894735,8,1.0
0.02636650898730357,0.42105263157894735,9,1.0
0.02636650898730357,0.42105263157894735,10,1.0
0.02636650898730357,0.42105263157894735,11,1.0
0.02636650898730357,0.42105263157894735,12,1.0
0.02636650898730357,0.42105263157894735,13,1.0
0.02636650898730357,0.42105263157894735,14,1.0
0.02636650898730357,0.42105263157894735,15,1.0
0.02636650898730357,0.42105263157894735,16,1.0
0.02636650898730357,0.42105263157894735,17,1.0
0.02636650898730357,0.42105263157894735,18,1.0
0.02636650898730357,0.42105263157894735,19,1.0
0.02636650898730357,0.4473684210526315,0,1.0
0.02636650898730357,0.4473684210526315,1,1.0
0.02636650898730357,0.4473684210526315,2,1.0
0.02636650898730357,0.4473684210526315,3,1.0
0.02636650898730357,0.4473684210526315,4,1.0
0.02636650898730357,0.4473684210526315,5,1.0
0.02636650898730357,0.4473684210526315,6,1.0
0.02636650898730357,0.4473684210526315,7,1.0
0.02636650898730357,0.4473684210526315,8,1.0
0.02636650898730357,0.4473684210526315,9,1.0
0.02636650898730357,0.4473684210526315,10,1.0
0.02636650898730357,0.4473684210526315,11,1.0
0.02636650898730357,0.4473684210526315,12,1.0
0.02636650898730357,0.4473684210526315,13,1.0
0.02636650898730357,0.4473684210526315,14,1.0
0.02636650898730357,0.4473684210526315,15,1.0
0.02636650898730357,0.4473684210526315,16,1.0
0.02636650898730357,0.4473684210526315,17,1.0
0.02636650898730357,0.4473684210526315,18,1.0
0.02636650898730357,0.4473684210526315,19,1.0
0.02636650898730357,0.47368421052631576,0,1.0
0.02636650898730357,0.47368421052631576,1,1.0
0.02636650898730357,0.47368421052631576,2,1.0
0.02636650898730357,0.47368421052631576,3,1.0
0.02636650898730357,0.47368421052631576,4,1.0
0.02636650898730357,0.47368421052631576,5,1.0
0.02636650898730357,0.47368421052631576,6,1.0
0.02636650898730357,0.47368421052631576,7,1.0
0.02636650898730357,0.47368421052631576,8,1.0
0.02636650898730357,0.47368421052631576,9,1.0
0.02636650898730357,0.47368421052631576,10,1.0
0.02636650898730357,0.47368421052631576,11,1.0
0.02636650898730357,0.47368421052631576,12,1.0
0.02636650898730357,0.47368421052631576,13,1.0
0.02636650898730357,0.47368421052631576,14,1.0
0.02636650898730357,0.47368421052631576,15,1.0
0.02636650898730357,0.47368421052631576,16,1.0
0.02636650898730357,0.47368421052631576,17,1.0
0.02636650898730357,0.47368421052631576,18,1.0
0.02636650898730357,0.47368421052631576,19,1.0
0.02636650898730357,0.5,0,1.0
0.02636650898730357,0.5,1,1.0
0.02636650898730357,0.5,2,1.0
0.02636650898730357,0.5,3,1.0
0.02636650898730357,0.5,4,1.0
0.02636650898730357,0.5,5,1.0
0.02636650898730357,0.5,6,1.0
0.02636650898730357,0.5,7,1.0
0.02636650898730357,0.5,8,1.0
0.02636650898730357,0.5,9,1.0
0.02636650898730357,0.5,10,1.0
0.02636650898730357,0.5,11,1.0
0.02636650898730357,0.5,12,1.0
0.02636650898730357,0.5,13,1.0
0.02636650898730357,0.5,14,1.0
0.02636650898730357,0.5,15,1.0
0.02636650898730357,0.5,16,1.0
0.02636650898730357,0.5,17,1.0
0.02636650898730357,0.5,18,1.0
0.02636650898730357,0.5,19,1.0
0.0379269019073225,0.0,0,1.0
0.0379269019073225,0.0,1,1.0
0.0379269019073225,0.0,2,1.0
0.0379269019073225,0.0,3,1.0
0.0379269019073225,0.0,4,1.0
0.0379269019073225,0.0,5,1.0
0.0379269019073225,0.0,6,1.0
0.0379269019073225,0.0,7,1.0
0.0379269019073225,0.0,8,1.0
0.0379269019073225,0.0,9,1.0
0.0379269019073225,0.0,10,1.0
0.0379269019073225,0.0,11,1.0
0.0379269019073225,0.0,12,1.0
0.0379269019073225,0.0,13,1.0
0.0379269019073225,0.0,14,1.0
0.0379269019073225,0.0,15,1.0
0.0379269019073225,0.0,16,1.0
0.0379269019073225,0.0,17,1.0
0.0379269019073225,0.0,18,1.0
0.0379269019073225,0.0,19,1.0
0.0379269019073225,0.02631578947368421,0,1.0
0.0379269019073225,0.02631578947368421,1,1.0
0.0379269019073225,0.02631578947368421,2,1.0
0.0379269019073225,0.02631578947368421,3,1.0
0.0379269019073225,0.02631578947368421,4,1.0
0.0379269019073225,0.02631578947368421,5,1.0
0.0379269019073225,0.02631578947368421,6,1.0
0.0379269019073225,0.02631578947368421,7,1.0
0.0379269019073225,0.02631578947368421,8,1.0
0.0379269019073225,0.02631578947368421,9,1.0
0.0379269019073225,0.02631578947368421,10,1.0
0.0379269019073225,0.02631578947368421,11,1.0
0.0379269019073225,0.02631578947368421,12,1.0
0.0379269019073225,0.02631578947368421,13,1.0
0.0379269019073225,0.02631578947368421,14,1.0
0.0379269019073225,0.02631578947368421,15,1.0
0.0379269019073225,0.02631578947368421,16,1.0
0.0379269019073225,0.02631578947368421,17,1.0
0.0379269019073225,0.02631578947368421,18,1.0
0.0379269019073225,0.02631578947368421,19,1.0
0.0379269019073225,0.05263157894736842,0,1.0
0.0379269019073225,0.05263157894736842,1,1.0
0.0379269019073225,0.05263157894736842,2,1.0
0.0379269019073225,0.05263157894736842,3,1.0
0.0379269019073225,0.05263157894736842,4,1.0
0.0379269019073225,0.05263157894736842,5,1.0
0.0379269019073225,0.05263157894736842,6,1.0
0.0379269019073225,0.05263157894736842,7,1.0
0.0379269019073225,0.05263157894736842,8,1.0
0.0379269019073225,0.05263157894736842,9,1.0
0.0379269019073225,0.05263157894736842,10,1.0
0.0379269019073225,0.05263157894736842,11,1.0
0.0379269019073225,0.05263157894736842,12,1.0
0.0379269019073225,0.05263157894736842,13,1.0
0.0379269019073225,0.05263157894736842,14,1.0
0.0379269019073225,0.05263157894736842,15,1.0
0.0379269019073225,0.05263157894736842,16,1.0
0.0379269019073225,0.05263157894736842,17,1.0
0.0379269019073225,0.05263157894736842,18,1.0
0.0379269019073225,0.05263157894736842,19,1.0
0.0379269019073225,0.07894736842105263,0,1.0
0.0379269019073225,0.07894736842105263,1,1.0
0.0379269019073225,0.07894736842105263,2,1.0
0.0379269019073225,0.07894736842105263,3,1.0
0.0379269019073225,0.07894736842105263,4,1.0
0.0379269019073225,0.07894736842105263,5,1.0
0.0379269019073225,0.07894736842105263,6,1.0
0.0379269019073225,0.07894736842105263,7,1.0
0.0379269019073225,0.07894736842105263,8,1.0
0.0379269019073225,0.07894736842105263,9,1.0
0.0379269019073225,0.07894736842105263,10,1.0
0.0379269019073225,0.07894736842105263,11,1.0
0.0379269019073225,0.07894736842105263,12,1.0
0.0379269019073225,0.07894736842105263,13,1.0
0.0379269019073225,0.07894736842105263,14,1.0
0.0379269019073225,0.07894736842105263,15,1.0
0.0379269019073225,0.07894736842105263,16,1.0
0.0379269019073225,0.07894736842105263,17,1.0
0.0379269019073225,0.07894736842105263,18,1.0
0.0379269019073225,0.07894736842105263,19,1.0
0.0379269019073225,0.10526315789473684,0,1.0
0.0379269019073225,0.10526315789473684,1,1.0
0.0379269019073225,0.10526315789473684,2,1.0
0.0379269019073225,0.10526315789473684,3,1.0
0.0379269019073225,0.10526315789473684,4,1.0
0.0379269019073225,0.10526315789473684,5,1.0
0.0379269019073225,0.10526315789473684,6,1.0
0.0379269019073225,0.10526315789473684,7,1.0
0.0379269019073225,0.10526315789473684,8,1.0
0.0379269019073225,0.10526315789473684,9,1.0
0.0379269019073225,0.10526315789473684,10,1.0
0.0379269019073225,0.10526315789473684,11,1.0
0.0379269019073225,0.10526315789473684,12,1.0
0.0379269019073225,0.10526315789473684,13,1.0
0.0379269019073225,0.10526315789473684,14,1.0
0.0379269019073225,0.10526315789473684,15,1.0
0.0379269019073225,0.10526315789473684,16,1.0
0.0379269019073225,0.10526315789473684,17,1.0
0.0379269019073225,0.10526315789473684,18,1.0
0.0379269019073225,0.10526315789473684,19,1.0
0.0379269019073225,0.13157894736842105,0,1.0
0.0379269019073225,0.13157894736842105,1,1.0
0.0379269019073225,0.13157894736842105,2,1.0
0.0379269019073225,0.13157894736842105,3,1.0
0.0379269019073225,0.13157894736842105,4,1.0
0.0379269019073225,0.13157894736842105,5,1.0
0.0379269019073225,0.13157894736842105,6,1.0
0.0379269019073225,0.13157894736842105,7,1.0
0.0379269019073225,0.13157894736842105,8,1.0
0.0379269019073225,0.13157894736842105,9,1.0
0.0379269019073225,0.13157894736842105,10,1.0
0.0379269019073225,0.13157894736842105,11,1.0
0.0379269019073225,0.13157894736842105,12,1.0
0.0379269019073225,0.13157894736842105,13,1.0
0.0379269019073225,0.13157894736842105,14,1.0
0.0379269019073225,0.13157894736842105,15,1.0
0.0379269019073225,0.13157894736842105,16,1.0
0.0379269019073225,0.13157894736842105,17,1.0
0.0379269019073225,0.13157894736842105,18,1.0
0.0379269019073225,0.13157894736842105,19,1.0
0.0379269019073225,0.15789473684210525,0,1.0
0.0379269019073225,0.15789473684210525,1,1.0
0.0379269019073225,0.15789473684210525,2,1.0
0.0379269019073225,0.15789473684210525,3,1.0
0.0379269019073225,0.15789473684210525,4,1.0
0.0379269019073225,0.15789473684210525,5,1.0
0.0379269019073225,0.15789473684210525,6,1.0
0.0379269019073225,0.15789473684210525,7,1.0
0.0379269019073225,0.15789473684210525,8,1.0
0.0379269019073225,0.15789473684210525,9,1.0
0.0379269019073225,0.15789473684210525,10,1.0
0.0379269019073225,0.15789473684210525,11,1.0
0.0379269019073225,0.15789473684210525,12,1.0
0.0379269019073225,0.15789473684210525,13,1.0
0.0379269019073225,0.15789473684210525,14,1.0
0.0379269019073225,0.15789473684210525,15,1.0
0.0379269019073225,0.15789473684210525,16,1.0
0.0379269019073225,0.15789473684210525,17,1.0
0.0379269019073225,0.15789473684210525,18,1.0
0.0379269019073225,0.15789473684210525,19,1.0
0.0379269019073225,0.18421052631578946,0,1.0
0.0379269019073225,0.18421052631578946,1,1.0
0.0379269019073225,0.18421052631578946,2,1.0
0.0379269019073225,0.18421052631578946,3,1.0
0.0379269019073225,0.18421052631578946,4,1.0
0.0379269019073225,0.18421052631578946,5,1.0
0.0379269019073225,0.18421052631578946,6,1.0
0.0379269019073225,0.18421052631578946,7,1.0
0.0379269019073225,0.18421052631578946,8,1.0
0.0379269019073225,0.18421052631578946,9,1.0
0.0379269019073225,0.18421052631578946,10,1.0
0.0379269019073225,0.18421052631578946,11,1.0
0.0379269019073225,0.18421052631578946,12,1.0
0.0379269019073225,0.18421052631578946,13,1.0
0.0379269019073225,0.18421052631578946,14,1.0
0.0379269019073225,0.18421052631578946,15,1.0
0.0379269019073225,0.18421052631578946,16,1.0
0.0379269019073225,0.18421052631578946,17,1.0
0.0379269019073225,0.18421052631578946,18,1.0
0.0379269019073225,0.18421052631578946,19,1.0
0.0379269019073225,0.21052631578947367,0,1.0
0.0379269019073225,0.21052631578947367,1,1.0
0.0379269019073225,0.21052631578947367,2,1.0
0.0379269019073225,0.21052631578947367,3,1.0
0.0379269019073225,0.21052631578947367,4,1.0
0.0379269019073225,0.21052631578947367,5,1.0
0.0379269019073225,0.21052631578947367,6,1.0
0.0379269019073225,0.21052631578947367,7,1.0
0.0379269019073225,0.21052631578947367,8,1.0
0.0379269019073225,0.21052631578947367,9,1.0
0.0379269019073225,0.21052631578947367,10,1.0
0.0379269019073225,0.21052631578947367,11,1.0
0.0379269019073225,0.21052631578947367,12,1.0
0.0379269019073225,0.21052631578947367,13,1.0
0.0379269019073225,0.21052631578947367,14,1.0
0.0379269019073225,0.21052631578947367,15,1.0
0.0379269019073225,0.21052631578947367,16,1.0
0.0379269019073225,0.21052631578947367,17,1.0
0.0379269019073225,0.21052631578947367,18,1.0
0.0379269019073225,0.21052631578947367,19,1.0
0.0379269019073225,0.23684210526315788,0,1.0
0.0379269019073225,0.23684210526315788,1,1.0
0.0379269019073225,0.23684210526315788,2,1.0
0.0379269019073225,0.23684210526315788,3,1.0
0.0379269019073225,0.23684210526315788,4,1.0
0.0379269019073225,0.23684210526315788,5,1.0
0.0379269019073225,0.23684210526315788,6,1.0
0.0379269019073225,0.23684210526315788,7,1.0
0.0379269019073225,0.23684210526315788,8,1.0
0.0379269019073225,0.23684210526315788,9,1.0
0.0379269019073225,0.23684210526315788,10,1.0
0.0379269019073225,0.23684210526315788,11,1.0
0.0379269019073225,0.23684210526315788,12,1.0
0.0379269019073225,0.23684210526315788,13,1.0
0.0379269019073225,0.23684210526315788,14,1.0
0.0379269019073225,0.23684210526315788,15,1.0
0.0379269019073225,0.23684210526315788,16,1.0
0.0379269019073225,0.23684210526315788,17,1.0
0.0379269019073225,0.23684210526315788,18,1.0
0.0379269019073225,0.23684210526315788,19,1.0
0.0379269019073225,0.2631578947368421,0,1.0
0.0379269019073225,0.2631578947368421,1,1.0
0.0379269019073225,0.2631578947368421,2,1.0
0.0379269019073225,0.2631578947368421,3,1.0
0.0379269019073225,0.2631578947368421,4,1.0
0.0379269019073225,0.2631578947368421,5,1.0
0.0379269019073225,0.2631578947368421,6,1.0
0.0379269019073225,0.2631578947368421,7,1.0
0.0379269019073225,0.2631578947368421,8,1.0
0.0379269019073225,0.2631578947368421,9,1.0
0.0379269019073225,0.2631578947368421,10,1.0
0.0379269019073225,0.2631578947368421,11,1.0
0.0379269019073225,0.2631578947368421,12,1.0
0.0379269019073225,0.2631578947368421,13,1.0
0.0379269019073225,0.2631578947368421,14,1.0
0.0379269019073225,0.2631578947368421,15,1.0
0.0379269019073225,0.2631578947368421,16,1.0
0.0379269019073225,0.2631578947368421,17,1.0
0.0379269019073225,0.2631578947368421,18,1.0
0.0379269019073225,0.2631578947368421,19,1.0
0.0379269019073225,0.2894736842105263,0,1.0
0.0379269019073225,0.2894736842105263,1,1.0
0.0379269019073225,0.2894736842105263,2,1.0
0.0379269019073225,0.2894736842105263,3,1.0
0.0379269019073225,0.2894736842105263,4,1.0
0.0379269019073225,0.2894736842105263,5,1.0
0.0379269019073225,0.2894736842105263,6,1.0
0.0379269019073225,0.2894736842105263,7,1.0
0.0379269019073225,0.2894736842105263,8,1.0
0.0379269019073225,0.2894736842105263,9,1.0
0.0379269019073225,0.2894736842105263,10,1.0
0.0379269019073225,0.2894736842105263,11,1.0
0.0379269019073225,0.2894736842105263,12,1.0
0.0379269019073225,0.2894736842105263,13,1.0
0.0379269019073225,0.2894736842105263,14,1.0
0.0379269019073225,0.2894736842105263,15,1.0
0.0379269019073225,0.2894736842105263,16,1.0
0.0379269019073225,0.2894736842105263,17,1.0
0.0379269019073225,0.2894736842105263,18,1.0
0.0379269019073225,0.2894736842105263,19,1.0
0.0379269019073225,0.3157894736842105,0,1.0
0.0379269019073225,0.3157894736842105,1,1.0
0.0379269019073225,0.3157894736842105,2,1.0
0.0379269019073225,0.3157894736842105,3,1.0
0.0379269019073225,0.3157894736842105,4,1.0
0.0379269019073225,0.3157894736842105,5,1.0
0.0379269019073225,0.3157894736842105,6,1.0
0.0379269019073225,0.3157894736842105,7,1.0
0.0379269019073225,0.3157894736842105,8,1.0
0.0379269019073225,0.3157894736842105,9,1.0
0.0379269019073225,0.3157894736842105,10,1.0
0.0379269019073225,0.3157894736842105,11,1.0
0.0379269019073225,0.3157894736842105,12,1.0
0.0379269019073225,0.3157894736842105,13,1.0
0.0379269019073225,0.3157894736842105,14,1.0
0.0379269019073225,0.3157894736842105,15,1.0
0.0379269019073225,0.3157894736842105,16,1.0
0.0379269019073225,0.3157894736842105,17,1.0
0.0379269019073225,0.3157894736842105,18,1.0
0.0379269019073225,0.3157894736842105,19,1.0
0.0379269019073225,0.3421052631578947,0,1.0
0.0379269019073225,0.3421052631578947,1,1.0
0.0379269019073225,0.3421052631578947,2,1.0
0.0379269019073225,0.3421052631578947,3,1.0
0.0379269019073225,0.3421052631578947,4,1.0
0.0379269019073225,0.3421052631578947,5,1.0
0.0379269019073225,0.3421052631578947,6,1.0
0.0379269019073225,0.3421052631578947,7,1.0
0.0379269019073225,0.3421052631578947,8,1.0
0.0379269019073225,0.3421052631578947,9,1.0
0.0379269019073225,0.3421052631578947,10,1.0
0.0379269019073225,0.3421052631578947,11,1.0
0.0379269019073225,0.3421052631578947,12,1.0
0.0379269019073225,0.3421052631578947,13,1.0
0.0379269019073225,0.3421052631578947,14,1.0
0.0379269019073225,0.3421052631578947,15,1.0
0.0379269019073225,0.3421052631578947,16,1.0
0.0379269019073225,0.3421052631578947,17,1.0
0.0379269019073225,0.3421052631578947,18,1.0
0.0379269019073225,0.3421052631578947,19,1.0
0.0379269019073225,0.3684210526315789,0,1.0
0.0379269019073225,0.3684210526315789,1,1.0
0.0379269019073225,0.3684210526315789,2,1.0
0.0379269019073225,0.3684210526315789,3,1.0
0.0379269019073225,0.3684210526315789,4,1.0
0.0379269019073225,0.3684210526315789,5,1.0
0.0379269019073225,0.3684210526315789,6,1.0
0.0379269019073225,0.3684210526315789,7,1.0
0.0379269019073225,0.3684210526315789,8,1.0
0.0379269019073225,0.3684210526315789,9,1.0
0.0379269019073225,0.3684210526315789,10,1.0
0.0379269019073225,0.3684210526315789,11,0.32
0.0379269019073225,0.3684210526315789,12,1.0
0.0379269019073225,0.3684210526315789,13,1.0
0.0379269019073225,0.3684210526315789,14,1.0
0.0379269019073225,0.3684210526315789,15,1.0
0.0379269019073225,0.3684210526315789,16,1.0
0.0379269019073225,0.3684210526315789,17,1.0
0.0379269019073225,0.3684210526315789,18,1.0
0.0379269019073225,0.3684210526315789,19,1.0
0.0379269019073225,0.39473684210526316,0,1.0
0.0379269019073225,0.39473684210526316,1,1.0
0.0379269019073225,0.39473684210526316,2,1.0
0.0379269019073225,0.39473684210526316,3,1.0
0.0379269019073225,0.39473684210526316,4,0.45
0.0379269019073225,0.39473684210526316,5,1.0
0.0379269019073225,0.39473684210526316,6,1.0
0.0379269019073225,0.39473684210526316,7,1.0
0.0379269019073225,0.39473684210526316,8,1.0
0.0379269019073225,0.39473684210526316,9,1.0
0.0379269019073225,0.39473684210526316,10,1.0
0.0379269019073225,0.39473684210526316,11,1.0
0.0379269019073225,0.39473684210526316,12,1.0
0.0379269019073225,0.39473684210526316,13,1.0
0.0379269019073225,0.39473684210526316,14,1.0
0.0379269019073225,0.39473684210526316,15,1.0
0.0379269019073225,0.39473684210526316,16,1.0
0.0379269019073225,0.39473684210526316,17,1.0
0.0379269019073225,0.39473684210526316,18,1.0
0.0379269019073225,0.39473684210526316,19,1.0
0.0379269019073225,0.42105263157894735,0,1.0
0.0379269019073225,0.42105263157894735,1,1.0
0.0379269019073225,0.42105263157894735,2,1.0
0.0379269019073225,0.42105263157894735,3,1.0
0.0379269019073225,0.42105263157894735,4,1.0
0.0379269019073225,0.42105263157894735,5,1.0
0.0379269019073225,0.42105263157894735,6,1.0
0.0379269019073225,0.42105263157894735,7,1.0
0.0379269019073225,0.42105263157894735,8,1.0
0.0379269019073225,0.42105263157894735,9,1.0
0.0379269019073225,0.42105263157894735,10,1.0
0.0379269019073225,0.42105263157894735,11,1.0
0.0379269019073225,0.42105263157894735,12,1.0
0.0379269019073225,0.42105263157894735,13,1.0
0.0379269019073225,0.42105263157894735,14,1.0
0.0379269019073225,0.42105263157894735,15,1.0
0.0379269019073225,0.42105263157894735,16,1.0
0.0379269019073225,0.42105263157894735,17,1.0
0.0379269019073225,0.42105263157894735,18,1.0
0.0379269019073225,0.42105263157894735,19,1.0
0.0379269019073225,0.4473684210526315,0,1.0
0.0379269019073225,0.4473684210526315,1,1.0
0.0379269019073225,0.4473684210526315,2,1.0
0.0379269019073225,0.4473684210526315,3,1.0
0.0379269019073225,0.4473684210526315,4,1.0
0.0379269019073225,0.4473684210526315,5,1.0
0.0379269019073225,0.4473684210526315,6,1.0
0.0379269019073225,0.4473684210526315,7,1.0
0.0379269019073225,0.4473684210526315,8,1.0
0.0379269019073225,0.4473684210526315,9,1.0
0.0379269019073225,0.4473684210526315,10,1.0
0.0379269019073225,0.4473684210526315,11,1.0
0.0379269019073225,0.4473684210526315,12,1.0
0.0379269019073225,0.4473684210526315,13,1.0
0.0379269019073225,0.4473684210526315,14,1.0
0.0379269019073225,0.4473684210526315,15,1.0
0.0379269019073225,0.4473684210526315,16,1.0
0.0379269019073225,0.4473684210526315,17,1.0
0.0379269019073225,0.4473684210526315,18,1.0
0.0379269019073225,0.4473684210526315,19,1.0
0.0379269019073225,0.47368421052631576,0,1.0
0.0379269019073225,0.47368421052631576,1,1.0
0.0379269019073225,0.47368421052631576,2,1.0
0.0379269019073225,0.47368421052631576,3,1.0
0.0379269019073225,0.47368421052631576,4,1.0
0.0379269019073225,0.47368421052631576,5,1.0
0.0379269019073225,0.47368421052631576,6,1.0
0.0379269019073225,0.47368421052631576,7,1.0
0.0379269019073225,0.47368421052631576,8,1.0
0.0379269019073225,0.47368421052631576,9,1.0
0.0379269019073225,0.47368421052631576,10,1.0
0.0379269019073225,0.47368421052631576,11,1.0
0.0379269019073225,0.47368421052631576,12,1.0
0.0379269019073225,0.47368421052631576,13,1.0
0.0379269019073225,0.47368421052631576,14,1.0
0.0379269019073225,0.47368421052631576,15,1.0
0.0379269019073225,0.47368421052631576,16,1.0
0.0379269019073225,0.47368421052631576,17,1.0
0.0379269019073225,0.47368421052631576,18,1.0
0.0379269019073225,0.47368421052631576,19,1.0
0.0379269019073225,0.5,0,1.0
0.0379269019073225,0.5,1,1.0
0.0379269019073225,0.5,2,1.0
0.0379269019073225,0.5,3,1.0
0.0379269019073225,0.5,4,1.0
0.0379269019073225,0.5,5,1.0
0.0379269019073225,0.5,6,1.0
0.0379269019073225,0.5,7,1.0
0.0379269019073225,0.5,8,1.0
0.0379269019073225,0.5,9,1.0
0.0379269019073225,0.5,10,1.0
0.0379269019073225,0.5,11,1.0
0.0379269019073225,0.5,12,1.0
0.0379269019073225,0.5,13,1.0
0.0379269019073225,0.5,14,1.0
0.0379269019073225,0.5,15,1.0
0.0379269019073225,0.5,16,1.0
0.0379269019073225,0.5,17,1.0
0.0379269019073225,0.5,18,1.0
0.0379269019073225,0.5,19,1.0
0.0545559478116852,0.0,0,1.0
0.0545559478116852,0.0,1,1.0
0.0545559478116852,0.0,2,1.0
0.0545559478116852,0.0,3,1.0
0.0545559478116852,0.0,4,1.0
0.0545559478116852,0.0,5,1.0
0.0545559478116852,0.0,6,1.0
0.0545559478116852,0.0,7,1.0
0.0545559478116852,0.0,8,1.0
0.0545559478116852,0.0,9,1.0
0.0545559478116852,0.0,10,1.0
0.0545559478116852,0.0,11,1.0
0.0545559478116852,0.0,12,1.0
0.0545559478116852,0.0,13,1.0
0.0545559478116852,0.0,14,1.0
0.0545559478116852,0.0,15,1.0
0.0545559478116852,0.0,16,1.0
0.0545559478116852,0.0,17,1.0
0.0545559478116852,0.0,18,1.0
0.0545559478116852,0.0,19,1.0
0.0545559478116852,0.02631578947368421,0,1.0
0.0545559478116852,0.02631578947368421,1,1.0
0.0545559478116852,0.02631578947368421,2,1.0
0.0545559478116852,0.02631578947368421,3,1.0
0.0545559478116852,0.02631578947368421,4,1.0
0.0545559478116852,0.02631578947368421,5,1.0
0.0545559478116852,0.02631578947368421,6,1.0
0.0545559478116852,0.02631578947368421,7,1.0
0.0545559478116852,0.02631578947368421,8,1.0
0.0545559478116852,0.02631578947368421,9,1.0
0.0545559478116852,0.02631578947368421,10,1.0
0.0545559478116852,0.02631578947368421,11,1.0
0.0545559478116852,0.02631578947368421,12,1.0
0.0545559478116852,0.02631578947368421,13,1.0
0.0545559478116852,0.02631578947368421,14,1.0
0.0545559478116852,0.02631578947368421,15,1.0
0.0545559478116852,0.02631578947368421,16,1.0
0.0545559478116852,0.02631578947368421,17,1.0
0.0545559478116852,0.02631578947368421,18,1.0
0.0545559478116852,0.02631578947368421,19,1.0
0.0545559478116852,0.05263157894736842,0,1.0
0.0545559478116852,0.05263157894736842,1,1.0
0.0545559478116852,0.05263157894736842,2,1.0
0.0545559478116852,0.05263157894736842,3,1.0
0.0545559478116852,0.05263157894736842,4,1.0
0.0545559478116852,0.05263157894736842,5,1.0
0.0545559478116852,0.05263157894736842,6,1.0
0.0545559478116852,0.05263157894736842,7,1.0
0.0545559478116852,0.05263157894736842,8,1.0
0.0545559478116852,0.05263157894736842,9,1.0
0.0545559478116852,0.05263157894736842,10,1.0
0.0545559478116852,0.05263157894736842,11,1.0
0.0545559478116852,0.05263157894736842,12,1.0
0.0545559478116852,0.05263157894736842,13,1.0
0.0545559478116852,0.05263157894736842,14,1.0
0.0545559478116852,0.05263157894736842,15,1.0
0.0545559478116852,0.05263157894736842,16,1.0
0.0545559478116852,0.05263157894736842,17,1.0
0.0545559478116852,0.05263157894736842,18,1.0
0.0545559478116852,0.05263157894736842,19,1.0
0.0545559478116852,0.07894736842105263,0,1.0
0.0545559478116852,0.07894736842105263,1,1.0
0.0545559478116852,0.07894736842105263,2,1.0
0.0545559478116852,0.07894736842105263,3,1.0
0.0545559478116852,0.07894736842105263,4,1.0
0.0545559478116852,0.07894736842105263,5,1.0
0.0545559478116852,0.07894736842105263,6,1.0
0.0545559478116852,0.07894736842105263,7,1.0
0.0545559478116852,0.07894736842105263,8,1.0
0.0545559478116852,0.07894736842105263,9,1.0
0.0545559478116852,0.07894736842105263,10,1.0
0.0545559478116852,0.07894736842105263,11,1.0
0.0545559478116852,0.07894736842105263,12,1.0
0.0545559478116852,0.07894736842105263,13,1.0
0.0545559478116852,0.07894736842105263,14,1.0
0.0545559478116852,0.07894736842105263,15,1.0
0.0545559478116852,0.07894736842105263,16,1.0
0.0545559478116852,0.07894736842105263,17,1.0
0.0545559478116852,0.07894736842105263,18,1.0
0.0545559478116852,0.07894736842105263,19,1.0
0.0545559478116852,0.10526315789473684,0,1.0
0.0545559478116852,0.10526315789473684,1,1.0
0.0545559478116852,0.10526315789473684,2,1.0
0.0545559478116852,0.10526315789473684,3,1.0
0.0545559478116852,0.10526315789473684,4,1.0
0.0545559478116852,0.10526315789473684,5,1.0
0.0545559478116852,0.10526315789473684,6,1.0
0.0545559478116852,0.10526315789473684,7,1.0
0.0545559478116852,0.10526315789473684,8,1.0
0.0545559478116852,0.10526315789473684,9,1.0
0.0545559478116852,0.10526315789473684,10,1.0
0.0545559478116852,0.10526315789473684,11,1.0
0.0545559478116852,0.10526315789473684,12,1.0
0.0545559478116852,0.10526315789473684,13,1.0
0.0545559478116852,0.10526315789473684,14,1.0
0.0545559478116852,0.10526315789473684,15,1.0
0.0545559478116852,0.10526315789473684,16,1.0
0.0545559478116852,0.10526315789473684,17,1.0
0.0545559478116852,0.10526315789473684,18,1.0
0.0545559478116852,0.10526315789473684,19,1.0
0.0545559478116852,0.13157894736842105,0,1.0
0.0545559478116852,0.13157894736842105,1,1.0
0.0545559478116852,0.13157894736842105,2,1.0
0.0545559478116852,0.13157894736842105,3,1.0
0.0545559478116852,0.13157894736842105,4,1.0
0.0545559478116852,0.13157894736842105,5,1.0
0.0545559478116852,0.13157894736842105,6,1.0
0.0545559478116852,0.13157894736842105,7,1.0
0.0545559478116852,0.13157894736842105,8,0.58
0.0545559478116852,0.13157894736842105,9,1.0
0.0545559478116852,0.13157894736842105,10,1.0
0.0545559478116852,0.13157894736842105,11,1.0
0.0545559478116852,0.13157894736842105,12,1.0
0.0545559478116852,0.13157894736842105,13,1.0
0.0545559478116852,0.13157894736842105,14,1.0
0.0545559478116852,0.13157894736842105,15,1.0
0.0545559478116852,0.13157894736842105,16,1.0
0.0545559478116852,0.13157894736842105,17,1.0
0.0545559478116852,0.13157894736842105,18,1.0
0.0545559478116852,0.13157894736842105,19,0.58
0.0545559478116852,0.15789473684210525,0,1.0
0.0545559478116852,0.15789473684210525,1,1.0
0.0545559478116852,0.15789473684210525,2,1.0
0.0545559478116852,0.15789473684210525,3,1.0
0.0545559478116852,0.15789473684210525,4,1.0
0.0545559478116852,0.15789473684210525,5,1.0
0.0545559478116852,0.15789473684210525,6,1.0
0.0545559478116852,0.15789473684210525,7,1.0
0.0545559478116852,0.15789473684210525,8,1.0
0.0545559478116852,0.15789473684210525,9,1.0
0.0545559478116852,0.15789473684210525,10,1.0
0.0545559478116852,0.15789473684210525,11,1.0
0.0545559478116852,0.15789473684210525,12,1.0
0.0545559478116852,0.15789473684210525,13,1.0
0.0545559478116852,0.15789473684210525,14,1.0
0.0545559478116852,0.15789473684210525,15,1.0
0.0545559478116852,0.15789473684210525,16,1.0
0.0545559478116852,0.15789473684210525,17,1.0
0.0545559478116852,0.15789473684210525,18,1.0
0.0545559478116852,0.15789473684210525,19,1.0
0.0545559478116852,0.18421052631578946,0,1.0
0.0545559478116852,0.18421052631578946,1,1.0
0.0545559478116852,0.18421052631578946,2,1.0
0.0545559478116852,0.18421052631578946,3,1.0
0.0545559478116852,0.18421052631578946,4,1.0
0.0545559478116852,0.18421052631578946,5,1.0
0.0545559478116852,0.18421052631578946,6,1.0
0.0545559478116852,0.18421052631578946,7,1.0
0.0545559478116852,0.18421052631578946,8,1.0
0.0545559478116852,0.18421052631578946,9,1.0
0.0545559478116852,0.18421052631578946,10,1.0
0.0545559478116852,0.18421052631578946,11,1.0
0.0545559478116852,0.18421052631578946,12,1.0
0.0545559478116852,0.18421052631578946,13,1.0
0.0545559478116852,0.18421052631578946,14,1.0
0.0545559478116852,0.18421052631578946,15,1.0
0.0545559478116852,0.18421052631578946,16,1.0
0.0545559478116852,0.18421052631578946,17,1.0
0.0545559478116852,0.18421052631578946,18,1.0
0.0545559478116852,0.18421052631578946,19,1.0
0.0545559478116852,0.21052631578947367,0,1.0
0.0545559478116852,0.21052631578947367,1,1.0
0.0545559478116852,0.21052631578947367,2,1.0
0.0545559478116852,0.21052631578947367,3,1.0
0.0545559478116852,0.21052631578947367,4,1.0
0.0545559478116852,0.21052631578947367,5,1.0
0.0545559478116852,0.21052631578947367,6,1.0
0.0545559478116852,0.21052631578947367,7,1.0
0.0545559478116852,0.21052631578947367,8,1.0
0.0545559478116852,0.21052631578947367,9,1.0
0.0545559478116852,0.21052631578947367,10,1.0
0.0545559478116852,0.21052631578947367,11,1.0
0.0545559478116852,0.21052631578947367,12,1.0
0.0545559478116852,0.21052631578947367,13,1.0
0.0545559478116852,0.21052631578947367,14,1.0
0.0545559478116852,0.21052631578947367,15,1.0
0.0545559478116852,0.21052631578947367,16,1.0
0.0545559478116852,0.21052631578947367,17,1.0
0.0545559478116852,0.21052631578947367,18,1.0
0.0545559478116852,0.21052631578947367,19,1.0
0.0545559478116852,0.23684210526315788,0,1.0
0.0545559478116852,0.23684210526315788,1,1.0
0.0545559478116852,0.23684210526315788,2,1.0
0.0545559478116852,0.23684210526315788,3,1.0
0.0545559478116852,0.23684210526315788,4,1.0
0.0545559478116852,0.23684210526315788,5,1.0
0.0545559478116852,0.23684210526315788,6,1.0
0.0545559478116852,0.23684210526315788,7,1.0
0.0545559478116852,0.23684210526315788,8,1.0
0.0545559478116852,0.23684210526315788,9,1.0
0.0545559478116852,0.23684210526315788,10,1.0
0.0545559478116852,0.23684210526315788,11,1.0
0.0545559478116852,0.23684210526315788,12,1.0
0.0545559478116852,0.23684210526315788,13,1.0
0.0545559478116852,0.23684210526315788,14,1.0
0.0545559478116852,0.23684210526315788,15,1.0
0.0545559478116852,0.23684210526315788,16,1.0
0.0545559478116852,0.23684210526315788,17,1.0
0.0545559478116852,0.23684210526315788,18,1.0
0.0545559478116852,0.23684210526315788,19,1.0
0.0545559478116852,0.2631578947368421,0,1.0
0.0545559478116852,0.2631578947368421,1,1.0
0.0545559478116852,0.2631578947368421,2,1.0
0.0545559478116852,0.2631578947368421,3,1.0
0.0545559478116852,0.2631578947368421,4,1.0
0.0545559478116852,0.2631578947368421,5,1.0
0.0545559478116852,0.2631578947368421,6,1.0
0.0545559478116852,0.2631578947368421,7,1.0
0.0545559478116852,0.2631578947368421,8,1.0
0.0545559478116852,0.2631578947368421,9,1.0
0.0545559478116852,0.2631578947368421,10,1.0
0.0545559478116852,0.2631578947368421,11,1.0
0.0545559478116852,0.2631578947368421,12,1.0
0.0545559478116852,0.2631578947368421,13,1.0
0.0545559478116852,0.2631578947368421,14,1.0
0.0545559478116852,0.2631578947368421,15,1.0
0.0545559478116852,0.2631578947368421,16,1.0
0.0545559478116852,0.2631578947368421,17,1.0
0.0545559478116852,0.2631578947368421,18,1.0
0.0545559478116852,0.2631578947368421,19,1.0
0.0545559478116852,0.2894736842105263,0,1.0
0.0545559478116852,0.2894736842105263,1,1.0
0.0545559478116852,0.2894736842105263,2,1.0
0.0545559478116852,0.2894736842105263,3,1.0
0.0545559478116852,0.2894736842105263,4,1.0
0.0545559478116852,0.2894736842105263,5,1.0
0.0545559478116852,0.2894736842105263,6,1.0
0.0545559478116852,0.2894736842105263,7,1.0
0.0545559478116852,0.2894736842105263,8,1.0
0.0545559478116852,0.2894736842105263,9,1.0
0.0545559478116852,0.2894736842105263,10,1.0
0.0545559478116852,0.2894736842105263,11,1.0
0.0545559478116852,0.2894736842105263,12,1.0
0.0545559478116852,0.2894736842105263,13,1.0
0.0545559478116852,0.2894736842105263,14,1.0
0.0545559478116852,0.2894736842105263,15,1.0
0.0545559478116852,0.2894736842105263,16,1.0
0.0545559478116852,0.2894736842105263,17,1.0
0.0545559478116852,0.2894736842105263,18,1.0
0.0545559478116852,0.2894736842105263,19,1.0
0.0545559478116852,0.3157894736842105,0,1.0
0.0545559478116852,0.3157894736842105,1,1.0
0.0545559478116852,0.3157894736842105,2,1.0
0.0545559478116852,0.3157894736842105,3,1.0
0.0545559478116852,0.3157894736842105,4,1.0
0.0545559478116852,0.3157894736842105,5,1.0
0.0545559478116852,0.3157894736842105,6,1.0
0.0545559478116852,0.3157894736842105,7,1.0
0.0545559478116852,0.3157894736842105,8,1.0
0.0545559478116852,0.3157894736842105,9,1.0
0.0545559478116852,0.3157894736842105,10,1.0
0.0545559478116852,0.3157894736842105,11,0.19
0.0545559478116852,0.3157894736842105,12,1.0
0.0545559478116852,0.3157894736842105,13,1.0
0.0545559478116852,0.3157894736842105,14,1.0
0.0545559478116852,0.3157894736842105,15,1.0
0.0545559478116852,0.3157894736842105,16,1.0
0.0545559478116852,0.3157894736842105,17,1.0
0.0545559478116852,0.3157894736842105,18,1.0
0.0545559478116852,0.3157894736842105,19,1.0
0.0545559478116852,0.3421052631578947,0,1.0
0.0545559478116852,0.3421052631578947,1,1.0
0.0545559478116852,0.3421052631578947,2,1.0
0.0545559478116852,0.3421052631578947,3,1.0
0.0545559478116852,0.3421052631578947,4,1.0
0.0545559478116852,0.3421052631578947,5,1.0
0.0545559478116852,0.3421052631578947,6,1.0
0.0545559478116852,0.3421052631578947,7,1.0
0.0545559478116852,0.3421052631578947,8,1.0
0.0545559478116852,0.3421052631578947,9,1.0
0.0545559478116852,0.3421052631578947,10,1.0
0.0545559478116852,0.3421052631578947,11,1.0
0.0545559478116852,0.3421052631578947,12,1.0
0.0545559478116852,0.3421052631578947,13,1.0
0.0545559478116852,0.3421052631578947,14,1.0
0.0545559478116852,0.3421052631578947,15,1.0
0.0545559478116852,0.3421052631578947,16,1.0
0.0545559478116852,0.3421052631578947,17,1.0
0.0545559478116852,0.3421052631578947,18,1.0
0.0545559478116852,0.3421052631578947,19,1.0
0.0545559478116852,0.3684210526315789,0,1.0
0.0545559478116852,0.3684210526315789,1,1.0
0.0545559478116852,0.3684210526315789,2,1.0
0.0545559478116852,0.3684210526315789,3,1.0
0.0545559478116852,0.3684210526315789,4,1.0
0.0545559478116852,0.3684210526315789,5,1.0
0.0545559478116852,0.3684210526315789,6,1.0
0.0545559478116852,0.3684210526315789,7,1.0
0.0545559478116852,0.3684210526315789,8,1.0
0.0545559478116852,0.3684210526315789,9,1.0
0.0545559478116852,0.3684210526315789,10,1.0
0.0545559478116852,0.3684210526315789,11,1.0
0.0545559478116852,0.3684210526315789,12,1.0
0.0545559478116852,0.3684210526315789,13,1.0
0.0545559478116852,0.3684210526315789,14,1.0
0.0545559478116852,0.3684210526315789,15,1.0
0.0545559478116852,0.3684210526315789,16,1.0
0.0545559478116852,0.3684210526315789,17,1.0
0.0545559478116852,0.3684210526315789,18,1.0
0.0545559478116852,0.3684210526315789,19,1.0
0.0545559478116852,0.39473684210526316,0,1.0
0.0545559478116852,0.39473684210526316,1,1.0
0.0545559478116852,0.39473684210526316,2,1.0
0.0545559478116852,0.39473684210526316,3,1.0
0.0545559478116852,0.39473684210526316,4,1.0
0.0545559478116852,0.39473684210526316,5,1.0
0.0545559478116852,0.39473684210526316,6,1.0
0.0545559478116852,0.39473684210526316,7,1.0
0.0545559478116852,0.39473684210526316,8,1.0
0.0545559478116852,0.39473684210526316,9,1.0
0.0545559478116852,0.39473684210526316,10,1.0
0.0545559478116852,0.39473684210526316,11,1.0
0.0545559478116852,0.39473684210526316,12,1.0
0.0545559478116852,0.39473684210526316,13,1.0
0.0545559478116852,0.39473684210526316,14,1.0
0.0545559478116852,0.39473684210526316,15,1.0
0.0545559478116852,0.39473684210526316,16,1.0
0.0545559478116852,0.39473684210526316,17,1.0
0.0545559478116852,0.39473684210526316,18,1.0
0.0545559478116852,0.39473684210526316,19,1.0
0.0545559478116852,0.42105263157894735,0,1.0
0.0545559478116852,0.42105263157894735,1,1.0
0.0545559478116852,0.42105263157894735,2,1.0
0.0545559478116852,0.42105263157894735,3,1.0
0.0545559478116852,0.42105263157894735,4,1.0
0.0545559478116852,0.42105263157894735,5,1.0
0.0545559478116852,0.42105263157894735,6,1.0
0.0545559478116852,0.42105263157894735,7,1.0
0.0545559478116852,0.42105263157894735,8,1.0
0.0545559478116852,0.42105263157894735,9,1.0
0.0545559478116852,0.42105263157894735,10,1.0
0.0545559478116852,0.42105263157894735,11,1.0
0.0545559478116852,0.42105263157894735,12,1.0
0.0545559478116852,0.42105263157894735,13,1.0
0.0545559478116852,0.42105263157894735,14,1.0
0.0545559478116852,0.42105263157894735,15,1.0
0.0545559478116852,0.42105263157894735,16,1.0
0.0545559478116852,0.42105263157894735,17,1.0
0.0545559478116852,0.42105263157894735,18,1.0
0.0545559478116852,0.42105263157894735,19,1.0
0.0545559478116852,0.4473684210526315,0,1.0
0.0545559478116852,0.4473684210526315,1,1.0
0.0545559478116852,0.4473684210526315,2,1.0
0.0545559478116852,0.4473684210526315,3,1.0
0.0545559478116852,0.4473684210526315,4,1.0
0.0545559478116852,0.4473684210526315,5,1.0
0.0545559478116852,0.4473684210526315,6,1.0
0.0545559478116852,0.4473684210526315,7,1.0
0.0545559478116852,0.4473684210526315,8,1.0
0.0545559478116852,0.4473684210526315,9,1.0
0.0545559478116852,0.4473684210526315,10,1.0
0.0545559478116852,0.4473684210526315,11,1.0
0.0545559478116852,0.4473684210526315,12,1.0
0.0545559478116852,0.4473684210526315,13,1.0
0.0545559478116852,0.4473684210526315,14,1.0
0.0545559478116852,0.4473684210526315,15,1.0
0.0545559478116852,0.4473684210526315,16,0.055
0.0545559478116852,0.4473684210526315,17,1.0
0.0545559478116852,0.4473684210526315,18,1.0
0.0545559478116852,0.4473684210526315,19,1.0
0.0545559478116852,0.47368421052631576,0,1.0
0.0545559478116852,0.47368421052631576,1,1.0
0.0545559478116852,0.47368421052631576,2,1.0
0.0545559478116852,0.47368421052631576,3,1.0
0.0545559478116852,0.47368421052631576,4,1.0
0.0545559478116852,0.47368421052631576,5,1.0
0.0545559478116852,0.47368421052631576,6,1.0
0.0545559478116852,0.47368421052631576,7,1.0
0.0545559478116852,0.47368421052631576,8,1.0
0.0545559478116852,0.47368421052631576,9,1.0
0.0545559478116852,0.47368421052631576,10,1.0
0.0545559478116852,0.47368421052631576,11,1.0
0.0545559478116852,0.47368421052631576,12,1.0
0.0545559478116852,0.47368421052631576,13,1.0
0.0545559478116852,0.47368421052631576,14,1.0
0.0545559478116852,0.47368421052631576,15,1.0
0.0545559478116852,0.47368421052631576,16,1.0
0.0545559478116852,0.47368421052631576,17,1.0
0.0545559478116852,0.47368421052631576,18,1.0
0.0545559478116852,0.47368421052631576,19,1.0
0.0545559478116852,0.5,0,1.0
0.0545559478116852,0.5,1,1.0
0.0545559478116852,0.5,2,1.0
0.0545559478116852,0.5,3,1.0
0.0545559478116852,0.5,4,1.0
0.0545559478116852,0.5,5,1.0
0.0545559478116852,0.5,6,1.0
0.0545559478116852,0.5,7,1.0
0.0545559478116852,0.5,8,1.0
0.0545559478116852,0.5,9,1.0
0.0545559478116852,0.5,10,1.0
0.0545559478116852,0.5,11,1.0
0.0545559478116852,0.5,12,1.0
0.0545559478116852,0.5,13,1.0
0.0545559478116852,0.5,14,1.0
0.0545559478116852,0.5,15,1.0
0.0545559478116852,0.5,16,1.0
0.0545559478116852,0.5,17,1.0
0.0545559478116852,0.5,18,1.0
0.0545559478116852,0.5,19,1.0
0.07847599703514611,0.0,0,1.0
0.07847599703514611,0.0,1,1.0
0.07847599703514611,0.0,2,1.0
0.07847599703514611,0.0,3,1.0
0.07847599703514611,0.0,4,1.0
0.07847599703514611,0.0,5,1.0
0.07847599703514611,0.0,6,1.0
0.07847599703514611,0.0,7,1.0
0.07847599703514611,0.0,8,1.0
0.07847599703514611,0.0,9,1.0
0.07847599703514611,0.0,10,1.0
0.07847599703514611,0.0,11,1.0
0.07847599703514611,0.0,12,1.0
0.07847599703514611,0.0,13,1.0
0.07847599703514611,0.0,14,1.0
0.07847599703514611,0.0,15,1.0
0.07847599703514611,0.0,16,1.0
0.07847599703514611,0.0,17,1.0
0.07847599703514611,0.0,18,1.0
0.07847599703514611,0.0,19,1.0
0.07847599703514611,0.02631578947368421,0,1.0
0.07847599703514611,0.02631578947368421,1,1.0
0.07847599703514611,0.02631578947368421,2,1.0
0.07847599703514611,0.02631578947368421,3,1.0
0.07847599703514611,0.02631578947368421,4,1.0
0.07847599703514611,0.02631578947368421,5,1.0
0.07847599703514611,0.02631578947368421,6,1.0
0.07847599703514611,0.02631578947368421,7,1.0
0.07847599703514611,0.02631578947368421,8,1.0
0.07847599703514611,0.02631578947368421,9,1.0
0.07847599703514611,0.02631578947368421,10,1.0
0.07847599703514611,0.02631578947368421,11,1.0
0.07847599703514611,0.02631578947368421,12,1.0
0.07847599703514611,0.02631578947368421,13,1.0
0.07847599703514611,0.02631578947368421,14,1.0
0.07847599703514611,0.02631578947368421,15,1.0
0.07847599703514611,0.02631578947368421,16,1.0
0.07847599703514611,0.02631578947368421,17,1.0
0.07847599703514611,0.02631578947368421,18,1.0
0.07847599703514611,0.02631578947368421,19,1.0
0.07847599703514611,0.05263157894736842,0,1.0
0.07847599703514611,0.05263157894736842,1,1.0
0.07847599703514611,0.05263157894736842,2,1.0
0.07847599703514611,0.05263157894736842,3,1.0
0.07847599703514611,0.05263157894736842,4,1.0
0.07847599703514611,0.05263157894736842,5,1.0
0.07847599703514611,0.05263157894736842,6,1.0
0.07847599703514611,0.05263157894736842,7,1.0
0.07847599703514611,0.05263157894736842,8,1.0
0.07847599703514611,0.05263157894736842,9,1.0
0.07847599703514611,0.05263157894736842,10,1.0
0.07847599703514611,0.05263157894736842,11,1.0
0.07847599703514611,0.05263157894736842,12,1.0
0.07847599703514611,0.05263157894736842,13,1.0
0.07847599703514611,0.05263157894736842,14,1.0
0.07847599703514611,0.05263157894736842,15,1.0
0.07847599703514611,0.05263157894736842,16,1.0
0.07847599703514611,0.05263157894736842,17,1.0
0.07847599703514611,0.05263157894736842,18,1.0
0.07847599703514611,0.05263157894736842,19,1.0
0.07847599703514611,0.07894736842105263,0,1.0
0.07847599703514611,0.07894736842105263,1,1.0
0.07847599703514611,0.07894736842105263,2,1.0
0.07847599703514611,0.07894736842105263,3,1.0
0.07847599703514611,0.07894736842105263,4,1.0
0.07847599703514611,0.07894736842105263,5,1.0
0.07847599703514611,0.07894736842105263,6,1.0
0.07847599703514611,0.07894736842105263,7,1.0
0.07847599703514611,0.07894736842105263,8,1.0
0.07847599703514611,0.07894736842105263,9,1.0
0.07847599703514611,0.07894736842105263,10,1.0
0.07847599703514611,0.07894736842105263,11,1.0
0.07847599703514611,0.07894736842105263,12,1.0
0.07847599703514611,0.07894736842105263,13,1.0
0.07847599703514611,0.07894736842105263,14,1.0
0.07847599703514611,0.07894736842105263,15,1.0
0.07847599703514611,0.07894736842105263,16,1.0
0.07847599703514611,0.07894736842105263,17,1.0
0.07847599703514611,0.07894736842105263,18,1.0
0.07847599703514611,0.07894736842105263,19,1.0
0.07847599703514611,0.10526315789473684,0,1.0
0.07847599703514611,0.10526315789473684,1,1.0
0.07847599703514611,0.10526315789473684,2,1.0
0.07847599703514611,0.10526315789473684,3,1.0
0.07847599703514611,0.10526315789473684,4,1.0
0.07847599703514611,0.10526315789473684,5,1.0
0.07847599703514611,0.10526315789473684,6,1.0
0.07847599703514611,0.10526315789473684,7,1.0
0.07847599703514611,0.10526315789473684,8,1.0
0.07847599703514611,0.10526315789473684,9,1.0
0.07847599703514611,0.10526315789473684,10,1.0
0.07847599703514611,0.10526315789473684,11,1.0
0.07847599703514611,0.10526315789473684,12,1.0
0.07847599703514611,0.10526315789473684,13,1.0
0.07847599703514611,0.10526315789473684,14,1.0
0.07847599703514611,0.10526315789473684,15,1.0
0.07847599703514611,0.10526315789473684,16,1.0
0.07847599703514611,0.10526315789473684,17,1.0
0.07847599703514611,0.10526315789473684,18,1.0
0.07847599703514611,0.10526315789473684,19,1.0
0.07847599703514611,0.13157894736842105,0,1.0
0.07847599703514611,0.13157894736842105,1,1.0
0.07847599703514611,0.13157894736842105,2,1.0
0.07847599703514611,0.13157894736842105,3,1.0
0.07847599703514611,0.13157894736842105,4,1.0
0.07847599703514611,0.13157894736842105,5,1.0
0.07847599703514611,0.13157894736842105,6,1.0
0.07847599703514611,0.13157894736842105,7,1.0
0.07847599703514611,0.13157894736842105,8,1.0
0.07847599703514611,0.13157894736842105,9,1.0
0.07847599703514611,0.13157894736842105,10,1.0
0.07847599703514611,0.13157894736842105,11,1.0
0.07847599703514611,0.13157894736842105,12,1.0
0.07847599703514611,0.13157894736842105,13,1.0
0.07847599703514611,0.13157894736842105,14,1.0
0.07847599703514611,0.13157894736842105,15,1.0
0.07847599703514611,0.13157894736842105,16,1.0
0.07847599703514611,0.13157894736842105,17,1.0
0.07847599703514611,0.13157894736842105,18,1.0
0.07847599703514611,0.13157894736842105,19,1.0
0.07847599703514611,0.15789473684210525,0,1.0
0.07847599703514611,0.15789473684210525,1,1.0
0.07847599703514611,0.15789473684210525,2,1.0
0.07847599703514611,0.15789473684210525,3,1.0
0.07847599703514611,0.15789473684210525,4,1.0
0.07847599703514611,0.15789473684210525,5,1.0
0.07847599703514611,0.15789473684210525,6,1.0
0.07847599703514611,0.15789473684210525,7,1.0
0.07847599703514611,0.15789473684210525,8,1.0
0.07847599703514611,0.15789473684210525,9,1.0
0.07847599703514611,0.15789473684210525,10,1.0
0.07847599703514611,0.15789473684210525,11,1.0
0.07847599703514611,0.15789473684210525,12,1.0
0.07847599703514611,0.15789473684210525,13,1.0
0.07847599703514611,0.15789473684210525,14,1.0
0.07847599703514611,0.15789473684210525,15,1.0
0.07847599703514611,0.15789473684210525,16,1.0
0.07847599703514611,0.15789473684210525,17,1.0
0.07847599703514611,0.15789473684210525,18,1.0
0.07847599703514611,0.15789473684210525,19,1.0
0.07847599703514611,0.18421052631578946,0,1.0
0.07847599703514611,0.18421052631578946,1,1.0
0.07847599703514611,0.18421052631578946,2,1.0
0.07847599703514611,0.18421052631578946,3,1.0
0.07847599703514611,0.18421052631578946,4,1.0
0.07847599703514611,0.18421052631578946,5,1.0
0.07847599703514611,0.18421052631578946,6,1.0
0.07847599703514611,0.18421052631578946,7,1.0
0.07847599703514611,0.18421052631578946,8,1.0
0.07847599703514611,0.18421052631578946,9,1.0
0.07847599703514611,0.18421052631578946,10,1.0
0.07847599703514611,0.18421052631578946,11,1.0
0.07847599703514611,0.18421052631578946,12,1.0
0.07847599703514611,0.18421052631578946,13,1.0
0.07847599703514611,0.18421052631578946,14,1.0
0.07847599703514611,0.18421052631578946,15,1.0
0.07847599703514611,0.18421052631578946,16,1.0
0.07847599703514611,0.18421052631578946,17,1.0
0.07847599703514611,0.18421052631578946,18,1.0
0.07847599703514611,0.18421052631578946,19,1.0
0.07847599703514611,0.21052631578947367,0,1.0
0.07847599703514611,0.21052631578947367,1,1.0
0.07847599703514611,0.21052631578947367,2,1.0
0.07847599703514611,0.21052631578947367,3,1.0
0.07847599703514611,0.21052631578947367,4,1.0
0.07847599703514611,0.21052631578947367,5,1.0
0.07847599703514611,0.21052631578947367,6,1.0
0.07847599703514611,0.21052631578947367,7,1.0
0.07847599703514611,0.21052631578947367,8,1.0
0.07847599703514611,0.21052631578947367,9,1.0
0.07847599703514611,0.21052631578947367,10,1.0
0.07847599703514611,0.21052631578947367,11,1.0
0.07847599703514611,0.21052631578947367,12,1.0
0.07847599703514611,0.21052631578947367,13,1.0
0.07847599703514611,0.21052631578947367,14,1.0
0.07847599703514611,0.21052631578947367,15,1.0
0.07847599703514611,0.21052631578947367,16,1.0
0.07847599703514611,0.21052631578947367,17,1.0
0.07847599703514611,0.21052631578947367,18,1.0
0.07847599703514611,0.21052631578947367,19,1.0
0.07847599703514611,0.23684210526315788,0,1.0
0.07847599703514611,0.23684210526315788,1,1.0
0.07847599703514611,0.23684210526315788,2,1.0
0.07847599703514611,0.23684210526315788,3,1.0
0.07847599703514611,0.23684210526315788,4,1.0
0.07847599703514611,0.23684210526315788,5,1.0
0.07847599703514611,0.23684210526315788,6,1.0
0.07847599703514611,0.23684210526315788,7,1.0
0.07847599703514611,0.23684210526315788,8,1.0
0.07847599703514611,0.23684210526315788,9,1.0
0.07847599703514611,0.23684210526315788,10,1.0
0.07847599703514611,0.23684210526315788,11,1.0
0.07847599703514611,0.23684210526315788,12,1.0
0.07847599703514611,0.23684210526315788,13,1.0
0.07847599703514611,0.23684210526315788,14,1.0
0.07847599703514611,0.23684210526315788,15,1.0
0.07847599703514611,0.23684210526315788,16,1.0
0.07847599703514611,0.23684210526315788,17,1.0
0.07847599703514611,0.23684210526315788,18,1.0
0.07847599703514611,0.23684210526315788,19,1.0
0.07847599703514611,0.2631578947368421,0,1.0
0.07847599703514611,0.2631578947368421,1,1.0
0.07847599703514611,0.2631578947368421,2,1.0
0.07847599703514611,0.2631578947368421,3,1.0
0.07847599703514611,0.2631578947368421,4,1.0
0.07847599703514611,0.2631578947368421,5,1.0
0.07847599703514611,0.2631578947368421,6,1.0
0.07847599703514611,0.2631578947368421,7,1.0
0.07847599703514611,0.2631578947368421,8,1.0
0.07847599703514611,0.2631578947368421,9,1.0
0.07847599703514611,0.2631578947368421,10,1.0
0.07847599703514611,0.2631578947368421,11,1.0
0.07847599703514611,0.2631578947368421,12,1.0
0.07847599703514611,0.2631578947368421,13,1.0
0.07847599703514611,0.2631578947368421,14,1.0
0.07847599703514611,0.2631578947368421,15,1.0
0.07847599703514611,0.2631578947368421,16,1.0
0.07847599703514611,0.2631578947368421,17,1.0
0.07847599703514611,0.2631578947368421,18,1.0
0.07847599703514611,0.2631578947368421,19,1.0
0.07847599703514611,0.2894736842105263,0,1.0
0.07847599703514611,0.2894736842105263,1,1.0
0.07847599703514611,0.2894736842105263,2,1.0
0.07847599703514611,0.2894736842105263,3,1.0
0.07847599703514611,0.2894736842105263,4,1.0
0.07847599703514611,0.2894736842105263,5,1.0
0.07847599703514611,0.2894736842105263,6,1.0
0.07847599703514611,0.2894736842105263,7,1.0
0.07847599703514611,0.2894736842105263,8,1.0
0.07847599703514611,0.2894736842105263,9,1.0
0.07847599703514611,0.2894736842105263,10,1.0
0.07847599703514611,0.2894736842105263,11,1.0
0.07847599703514611,0.2894736842105263,12,1.0
0.07847599703514611,0.2894736842105263,13,1.0
0.07847599703514611,0.2894736842105263,14,1.0
0.07847599703514611,0.2894736842105263,15,1.0
0.07847599703514611,0.2894736842105263,16,1.0
0.07847599703514611,0.2894736842105263,17,1.0
0.07847599703514611,0.2894736842105263,18,1.0
0.07847599703514611,0.2894736842105263,19,0.32
0.07847599703514611,0.3157894736842105,0,1.0
0.07847599703514611,0.3157894736842105,1,1.0
0.07847599703514611,0.3157894736842105,2,1.0
0.07847599703514611,0.3157894736842105,3,1.0
0.07847599703514611,0.3157894736842105,4,1.0
0.07847599703514611,0.3157894736842105,5,1.0
0.07847599703514611,0.3157894736842105,6,1.0
0.07847599703514611,0.3157894736842105,7,1.0
0.07847599703514611,0.3157894736842105,8,1.0
0.07847599703514611,0.3157894736842105,9,1.0
0.07847599703514611,0.3157894736842105,10,1.0
0.07847599703514611,0.3157894736842105,11,1.0
0.07847599703514611,0.3157894736842105,12,1.0
0.07847599703514611,0.3157894736842105,13,1.0
0.07847599703514611,0.3157894736842105,14,1.0
0.07847599703514611,0.3157894736842105,15,0.055
0.07847599703514611,0.3157894736842105,16,1.0
0.07847599703514611,0.3157894736842105,17,1.0
0.07847599703514611,0.3157894736842105,18,1.0
0.07847599703514611,0.3157894736842105,19,1.0
0.07847599703514611,0.3421052631578947,0,1.0
0.07847599703514611,0.3421052631578947,1,1.0
0.07847599703514611,0.3421052631578947,2,1.0
0.07847599703514611,0.3421052631578947,3,1.0
0.07847599703514611,0.3421052631578947,4,1.0
0.07847599703514611,0.3421052631578947,5,1.0
0.07847599703514611,0.3421052631578947,6,1.0
0.07847599703514611,0.3421052631578947,7,1.0
0.07847599703514611,0.3421052631578947,8,1.0
0.07847599703514611,0.3421052631578947,9,1.0
0.07847599703514611,0.3421052631578947,10,1.0
0.07847599703514611,0.3421052631578947,11,1.0
0.07847599703514611,0.3421052631578947,12,1.0
0.07847599703514611,0.3421052631578947,13,1.0
0.07847599703514611,0.3421052631578947,14,1.0
0.07847599703514611,0.3421052631578947,15,1.0
0.07847599703514611,0.3421052631578947,16,1.0
0.07847599703514611,0.3421052631578947,17,1.0
0.07847599703514611,0.3421052631578947,18,1.0
0.07847599703514611,0.3421052631578947,19,1.0
0.07847599703514611,0.3684210526315789,0,1.0
0.07847599703514611,0.3684210526315789,1,1.0
0.07847599703514611,0.3684210526315789,2,1.0
0.07847599703514611,0.3684210526315789,3,1.0
0.07847599703514611,0.3684210526315789,4,1.0
0.07847599703514611,0.3684210526315789,5,1.0
0.07847599703514611,0.3684210526315789,6,1.0
0.07847599703514611,0.3684210526315789,7,1.0
0.07847599703514611,0.3684210526315789,8,1.0
0.07847599703514611,0.3684210526315789,9,1.0
0.07847599703514611,0.3684210526315789,10,1.0
0.07847599703514611,0.3684210526315789,11,1.0
0.07847599703514611,0.3684210526315789,12,1.0
0.07847599703514611,0.3684210526315789,13,1.0
0.07847599703514611,0.3684210526315789,14,1.0
0.07847599703514611,0.3684210526315789,15,1.0
0.07847599703514611,0.3684210526315789,16,1.0
0.07847599703514611,0.3684210526315789,17,1.0
0.07847599703514611,0.3684210526315789,18,1.0
0.07847599703514611,0.3684210526315789,19,1.0
0.07847599703514611,0.39473684210526316,0,1.0
0.07847599703514611,0.39473684210526316,1,1.0
0.07847599703514611,0.39473684210526316,2,1.0
0.07847599703514611,0.39473684210526316,3,1.0
0.07847599703514611,0.39473684210526316,4,1.0
0.07847599703514611,0.39473684210526316,5,1.0
0.07847599703514611,0.39473684210526316,6,1.0
0.07847599703514611,0.39473684210526316,7,1.0
0.07847599703514611,0.39473684210526316,8,1.0
0.07847599703514611,0.39473684210526316,9,1.0
0.07847599703514611,0.39473684210526316,10,1.0
0.07847599703514611,0.39473684210526316,11,1.0
0.07847599703514611,0.39473684210526316,12,1.0
0.07847599703514611,0.39473684210526316,13,1.0
0.07847599703514611,0.39473684210526316,14,1.0
0.07847599703514611,0.39473684210526316,15,1.0
0.07847599703514611,0.39473684210526316,16,1.0
0.07847599703514611,0.39473684210526316,17,1.0
0.07847599703514611,0.39473684210526316,18,1.0
0.07847599703514611,0.39473684210526316,19,1.0
0.07847599703514611,0.42105263157894735,0,1.0
0.07847599703514611,0.42105263157894735,1,1.0
0.07847599703514611,0.42105263157894735,2,1.0
0.07847599703514611,0.42105263157894735,3,1.0
0.07847599703514611,0.42105263157894735,4,1.0
0.07847599703514611,0.42105263157894735,5,1.0
0.07847599703514611,0.42105263157894735,6,1.0
0.07847599703514611,0.42105263157894735,7,1.0
0.07847599703514611,0.42105263157894735,8,1.0
0.07847599703514611,0.42105263157894735,9,1.0
0.07847599703514611,0.42105263157894735,10,1.0
0.07847599703514611,0.42105263157894735,11,1.0
0.07847599703514611,0.42105263157894735,12,1.0
0.07847599703514611,0.42105263157894735,13,1.0
0.07847599703514611,0.42105263157894735,14,1.0
0.07847599703514611,0.42105263157894735,15,1.0
0.07847599703514611,0.42105263157894735,16,1.0
0.07847599703514611,0.42105263157894735,17,1.0
0.07847599703514611,0.42105263157894735,18,1.0
0.07847599703514611,0.42105263157894735,19,0.05
0.07847599703514611,0.4473684210526315,0,1.0
0.07847599703514611,0.4473684210526315,1,1.0
0.07847599703514611,0.4473684210526315,2,1.0
0.07847599703514611,0.4473684210526315,3,1.0
0.07847599703514611,0.4473684210526315,4,1.0
0.07847599703514611,0.4473684210526315,5,1.0
0.07847599703514611,0.4473684210526315,6,1.0
0.07847599703514611,0.4473684210526315,7,1.0
0.07847599703514611,0.4473684210526315,8,1.0
0.07847599703514611,0.4473684210526315,9,1.0
0.07847599703514611,0.4473684210526315,10,1.0
0.07847599703514611,0.4473684210526315,11,1.0
0.07847599703514611,0.4473684210526315,12,1.0
0.07847599703514611,0.4473684210526315,13,1.0
0.07847599703514611,0.4473684210526315,14,1.0
0.07847599703514611,0.4473684210526315,15,1.0
0.07847599703514611,0.4473684210526315,16,0.06
0.07847599703514611,0.4473684210526315,17,1.0
0.07847599703514611,0.4473684210526315,18,1.0
0.07847599703514611,0.4473684210526315,19,1.0
0.07847599703514611,0.47368421052631576,0,1.0
0.07847599703514611,0.47368421052631576,1,1.0
0.07847599703514611,0.47368421052631576,2,0.055
0.07847599703514611,0.47368421052631576,3,1.0
0.07847599703514611,0.47368421052631576,4,1.0
0.07847599703514611,0.47368421052631576,5,1.0
0.07847599703514611,0.47368421052631576,6,1.0
0.07847599703514611,0.47368421052631576,7,1.0
0.07847599703514611,0.47368421052631576,8,1.0
0.07847599703514611,0.47368421052631576,9,1.0
0.07847599703514611,0.47368421052631576,10,1.0
0.07847599703514611,0.47368421052631576,11,1.0
0.07847599703514611,0.47368421052631576,12,1.0
0.07847599703514611,0.47368421052631576,13,1.0
0.07847599703514611,0.47368421052631576,14,1.0
0.07847599703514611,0.47368421052631576,15,1.0
0.07847599703514611,0.47368421052631576,16,1.0
0.07847599703514611,0.47368421052631576,17,1.0
0.07847599703514611,0.47368421052631576,18,1.0
0.07847599703514611,0.47368421052631576,19,1.0
0.07847599703514611,0.5,0,1.0
0.07847599703514611,0.5,1,1.0
0.07847599703514611,0.5,2,1.0
0.07847599703514611,0.5,3,1.0
0.07847599703514611,0.5,4,1.0
0.07847599703514611,0.5,5,1.0
0.07847599703514611,0.5,6,1.0
0.07847599703514611,0.5,7,1.0
0.07847599703514611,0.5,8,1.0
0.07847599703514611,0.5,9,1.0
0.07847599703514611,0.5,10,1.0
0.07847599703514611,0.5,11,1.0
0.07847599703514611,0.5,12,1.0
0.07847599703514611,0.5,13,1.0
0.07847599703514611,0.5,14,1.0
0.07847599703514611,0.5,15,1.0
0.07847599703514611,0.5,16,1.0
0.07847599703514611,0.5,17,1.0
0.07847599703514611,0.5,18,1.0
0.07847599703514611,0.5,19,1.0
0.11288378916846883,0.0,0,1.0
0.11288378916846883,0.0,1,1.0
0.11288378916846883,0.0,2,1.0
0.11288378916846883,0.0,3,1.0
0.11288378916846883,0.0,4,1.0
0.11288378916846883,0.0,5,1.0
0.11288378916846883,0.0,6,1.0
0.11288378916846883,0.0,7,1.0
0.11288378916846883,0.0,8,1.0
0.11288378916846883,0.0,9,1.0
0.11288378916846883,0.0,10,1.0
0.11288378916846883,0.0,11,1.0
0.11288378916846883,0.0,12,1.0
0.11288378916846883,0.0,13,1.0
0.11288378916846883,0.0,14,1.0
0.11288378916846883,0.0,15,1.0
0.11288378916846883,0.0,16,1.0
0.11288378916846883,0.0,17,1.0
0.11288378916846883,0.0,18,1.0
0.11288378916846883,0.0,19,1.0
0.11288378916846883,0.02631578947368421,0,1.0
0.11288378916846883,0.02631578947368421,1,1.0
0.11288378916846883,0.02631578947368421,2,1.0
0.11288378916846883,0.02631578947368421,3,1.0
0.11288378916846883,0.02631578947368421,4,1.0
0.11288378916846883,0.02631578947368421,5,1.0
0.11288378916846883,0.02631578947368421,6,0.97
0.11288378916846883,0.02631578947368421,7,1.0
0.11288378916846883,0.02631578947368421,8,1.0
0.11288378916846883,0.02631578947368421,9,1.0
0.11288378916846883,0.02631578947368421,10,1.0
0.11288378916846883,0.02631578947368421,11,1.0
0.11288378916846883,0.02631578947368421,12,1.0
0.11288378916846883,0.02631578947368421,13,1.0
0.11288378916846883,0.02631578947368421,14,1.0
0.11288378916846883,0.02631578947368421,15,1.0
0.11288378916846883,0.02631578947368421,16,1.0
0.11288378916846883,0.02631578947368421,17,1.0
0.11288378916846883,0.02631578947368421,18,1.0
0.11288378916846883,0.02631578947368421,19,1.0
0.11288378916846883,0.05263157894736842,0,1.0
0.11288378916846883,0.05263157894736842,1,1.0
0.11288378916846883,0.05263157894736842,2,1.0
0.11288378916846883,0.05263157894736842,3,1.0
0.11288378916846883,0.05263157894736842,4,1.0
0.11288378916846883,0.05263157894736842,5,1.0
0.11288378916846883,0.05263157894736842,6,1.0
0.11288378916846883,0.05263157894736842,7,1.0
0.11288378916846883,0.05263157894736842,8,1.0
0.11288378916846883,0.05263157894736842,9,1.0
0.11288378916846883,0.05263157894736842,10,1.0
0.11288378916846883,0.05263157894736842,11,1.0
0.11288378916846883,0.05263157894736842,12,1.0
0.11288378916846883,0.05263157894736842,13,1.0
0.11288378916846883,0.05263157894736842,14,1.0
0.11288378916846883,0.05263157894736842,15,1.0
0.11288378916846883,0.05263157894736842,16,1.0
0.11288378916846883,0.05263157894736842,17,1.0
0.11288378916846883,0.05263157894736842,18,1.0
0.11288378916846883,0.05263157894736842,19,1.0
0.11288378916846883,0.07894736842105263,0,1.0
0.11288378916846883,0.07894736842105263,1,1.0
0.11288378916846883,0.07894736842105263,2,1.0
0.11288378916846883,0.07894736842105263,3,1.0
0.11288378916846883,0.07894736842105263,4,1.0
0.11288378916846883,0.07894736842105263,5,1.0
0.11288378916846883,0.07894736842105263,6,1.0
0.11288378916846883,0.07894736842105263,7,1.0
0.11288378916846883,0.07894736842105263,8,1.0
0.11288378916846883,0.07894736842105263,9,1.0
0.11288378916846883,0.07894736842105263,10,1.0
0.11288378916846883,0.07894736842105263,11,1.0
0.11288378916846883,0.07894736842105263,12,1.0
0.11288378916846883,0.07894736842105263,13,1.0
0.11288378916846883,0.07894736842105263,14,1.0
0.11288378916846883,0.07894736842105263,15,1.0
0.11288378916846883,0.07894736842105263,16,1.0
0.11288378916846883,0.07894736842105263,17,1.0
0.11288378916846883,0.07894736842105263,18,1.0
0.11288378916846883,0.07894736842105263,19,1.0
0.11288378916846883,0.10526315789473684,0,1.0
0.11288378916846883,0.10526315789473684,1,1.0
0.11288378916846883,0.10526315789473684,2,1.0
0.11288378916846883,0.10526315789473684,3,1.0
0.11288378916846883,0.10526315789473684,4,1.0
0.11288378916846883,0.10526315789473684,5,1.0
0.11288378916846883,0.10526315789473684,6,1.0
0.11288378916846883,0.10526315789473684,7,1.0
0.11288378916846883,0.10526315789473684,8,1.0
0.11288378916846883,0.10526315789473684,9,1.0
0.11288378916846883,0.10526315789473684,10,1.0
0.11288378916846883,0.10526315789473684,11,1.0
0.11288378916846883,0.10526315789473684,12,1.0
0.11288378916846883,0.10526315789473684,13,1.0
0.11288378916846883,0.10526315789473684,14,1.0
0.11288378916846883,0.10526315789473684,15,1.0
0.11288378916846883,0.10526315789473684,16,1.0
0.11288378916846883,0.10526315789473684,17,1.0
0.11288378916846883,0.10526315789473684,18,1.0
0.11288378916846883,0.10526315789473684,19,1.0
0.11288378916846883,0.13157894736842105,0,1.0
0.11288378916846883,0.13157894736842105,1,1.0
0.11288378916846883,0.13157894736842105,2,1.0
0.11288378916846883,0.13157894736842105,3,1.0
0.11288378916846883,0.13157894736842105,4,1.0
0.11288378916846883,0.13157894736842105,5,1.0
0.11288378916846883,0.13157894736842105,6,1.0
0.11288378916846883,0.13157894736842105,7,1.0
0.11288378916846883,0.13157894736842105,8,1.0
0.11288378916846883,0.13157894736842105,9,1.0
0.11288378916846883,0.13157894736842105,10,1.0
0.11288378916846883,0.13157894736842105,11,1.0
0.11288378916846883,0.13157894736842105,12,1.0
0.11288378916846883,0.13157894736842105,13,1.0
0.11288378916846883,0.13157894736842105,14,1.0
0.11288378916846883,0.13157894736842105,15,1.0
0.11288378916846883,0.13157894736842105,16,1.0
0.11288378916846883,0.13157894736842105,17,1.0
0.11288378916846883,0.13157894736842105,18,1.0
0.11288378916846883,0.13157894736842105,19,1.0
0.11288378916846883,0.15789473684210525,0,1.0
0.11288378916846883,0.15789473684210525,1,1.0
0.11288378916846883,0.15789473684210525,2,1.0
0.11288378916846883,0.15789473684210525,3,1.0
0.11288378916846883,0.15789473684210525,4,1.0
0.11288378916846883,0.15789473684210525,5,1.0
0.11288378916846883,0.15789473684210525,6,1.0
0.11288378916846883,0.15789473684210525,7,1.0
0.11288378916846883,0.15789473684210525,8,1.0
0.11288378916846883,0.15789473684210525,9,1.0
0.11288378916846883,0.15789473684210525,10,1.0
0.11288378916846883,0.15789473684210525,11,1.0
0.11288378916846883,0.15789473684210525,12,1.0
0.11288378916846883,0.15789473684210525,13,1.0
0.11288378916846883,0.15789473684210525,14,1.0
0.11288378916846883,0.15789473684210525,15,1.0
0.11288378916846883,0.15789473684210525,16,1.0
0.11288378916846883,0.15789473684210525,17,1.0
0.11288378916846883,0.15789473684210525,18,1.0
0.11288378916846883,0.15789473684210525,19,1.0
0.11288378916846883,0.18421052631578946,0,1.0
0.11288378916846883,0.18421052631578946,1,1.0
0.11288378916846883,0.18421052631578946,2,1.0
0.11288378916846883,0.18421052631578946,3,1.0
0.11288378916846883,0.18421052631578946,4,1.0
0.11288378916846883,0.18421052631578946,5,0.185
0.11288378916846883,0.18421052631578946,6,1.0
0.11288378916846883,0.18421052631578946,7,1.0
0.11288378916846883,0.18421052631578946,8,1.0
0.11288378916846883,0.18421052631578946,9,1.0
0.11288378916846883,0.18421052631578946,10,1.0
0.11288378916846883,0.18421052631578946,11,1.0
0.11288378916846883,0.18421052631578946,12,1.0
0.11288378916846883,0.18421052631578946,13,1.0
0.11288378916846883,0.18421052631578946,14,1.0
0.11288378916846883,0.18421052631578946,15,1.0
0.11288378916846883,0.18421052631578946,16,1.0
0.11288378916846883,0.18421052631578946,17,1.0
0.11288378916846883,0.18421052631578946,18,1.0
0.11288378916846883,0.18421052631578946,19,1.0
0.11288378916846883,0.21052631578947367,0,1.0
0.11288378916846883,0.21052631578947367,1,1.0
0.11288378916846883,0.21052631578947367,2,1.0
0.11288378916846883,0.21052631578947367,3,1.0
0.11288378916846883,0.21052631578947367,4,1.0
0.11288378916846883,0.21052631578947367,5,1.0
0.11288378916846883,0.21052631578947367,6,1.0
0.11288378916846883,0.21052631578947367,7,1.0
0.11288378916846883,0.21052631578947367,8,1.0
0.11288378916846883,0.21052631578947367,9,1.0
0.11288378916846883,0.21052631578947367,10,1.0
0.11288378916846883,0.21052631578947367,11,1.0
0.11288378916846883,0.21052631578947367,12,1.0
0.11288378916846883,0.21052631578947367,13,1.0
0.11288378916846883,0.21052631578947367,14,1.0
0.11288378916846883,0.21052631578947367,15,1.0
0.11288378916846883,0.21052631578947367,16,1.0
0.11288378916846883,0.21052631578947367,17,1.0
0.11288378916846883,0.21052631578947367,18,1.0
0.11288378916846883,0.21052631578947367,19,1.0
0.11288378916846883,0.23684210526315788,0,1.0
0.11288378916846883,0.23684210526315788,1,1.0
0.11288378916846883,0.23684210526315788,2,1.0
0.11288378916846883,0.23684210526315788,3,1.0
0.11288378916846883,0.23684210526315788,4,1.0
0.11288378916846883,0.23684210526315788,5,1.0
0.11288378916846883,0.23684210526315788,6,1.0
0.11288378916846883,0.23684210526315788,7,1.0
0.11288378916846883,0.23684210526315788,8,1.0
0.11288378916846883,0.23684210526315788,9,1.0
0.11288378916846883,0.23684210526315788,10,1.0
0.11288378916846883,0.23684210526315788,11,1.0
0.11288378916846883,0.23684210526315788,12,1.0
0.11288378916846883,0.23684210526315788,13,1.0
0.11288378916846883,0.23684210526315788,14,1.0
0.11288378916846883,0.23684210526315788,15,1.0
0.11288378916846883,0.23684210526315788,16,1.0
0.11288378916846883,0.23684210526315788,17,1.0
0.11288378916846883,0.23684210526315788,18,1.0
0.11288378916846883,0.23684210526315788,19,1.0
0.11288378916846883,0.2631578947368421,0,1.0
0.11288378916846883,0.2631578947368421,1,1.0
0.11288378916846883,0.2631578947368421,2,1.0
0.11288378916846883,0.2631578947368421,3,1.0
0.11288378916846883,0.2631578947368421,4,1.0
0.11288378916846883,0.2631578947368421,5,1.0
0.11288378916846883,0.2631578947368421,6,1.0
0.11288378916846883,0.2631578947368421,7,0.055
0.11288378916846883,0.2631578947368421,8,1.0
0.11288378916846883,0.2631578947368421,9,1.0
0.11288378916846883,0.2631578947368421,10,1.0
0.11288378916846883,0.2631578947368421,11,1.0
0.11288378916846883,0.2631578947368421,12,1.0
0.11288378916846883,0.2631578947368421,13,1.0
0.11288378916846883,0.2631578947368421,14,1.0
0.11288378916846883,0.2631578947368421,15,1.0
0.11288378916846883,0.2631578947368421,16,1.0
0.11288378916846883,0.2631578947368421,17,1.0
0.11288378916846883,0.2631578947368421,18,1.0
0.11288378916846883,0.2631578947368421,19,1.0
0.11288378916846883,0.2894736842105263,0,1.0
0.11288378916846883,0.2894736842105263,1,1.0
0.11288378916846883,0.2894736842105263,2,1.0
0.11288378916846883,0.2894736842105263,3,1.0
0.11288378916846883,0.2894736842105263,4,1.0
0.11288378916846883,0.2894736842105263,5,1.0
0.11288378916846883,0.2894736842105263,6,1.0
0.11288378916846883,0.2894736842105263,7,1.0
0.11288378916846883,0.2894736842105263,8,1.0
0.11288378916846883,0.2894736842105263,9,1.0
0.11288378916846883,0.2894736842105263,10,1.0
0.11288378916846883,0.2894736842105263,11,1.0
0.11288378916846883,0.2894736842105263,12,1.0
0.11288378916846883,0.2894736842105263,13,1.0
0.11288378916846883,0.2894736842105263,14,1.0
0.11288378916846883,0.2894736842105263,15,1.0
0.11288378916846883,0.2894736842105263,16,1.0
0.11288378916846883,0.2894736842105263,17,1.0
0.11288378916846883,0.2894736842105263,18,1.0
0.11288378916846883,0.2894736842105263,19,1.0
0.11288378916846883,0.3157894736842105,0,1.0
0.11288378916846883,0.3157894736842105,1,1.0
0.11288378916846883,0.3157894736842105,2,1.0
0.11288378916846883,0.3157894736842105,3,1.0
0.11288378916846883,0.3157894736842105,4,1.0
0.11288378916846883,0.3157894736842105,5,1.0
0.11288378916846883,0.3157894736842105,6,1.0
0.11288378916846883,0.3157894736842105,7,1.0
0.11288378916846883,0.3157894736842105,8,1.0
0.11288378916846883,0.3157894736842105,9,1.0
0.11288378916846883,0.3157894736842105,10,1.0
0.11288378916846883,0.3157894736842105,11,1.0
0.11288378916846883,0.3157894736842105,12,1.0
0.11288378916846883,0.3157894736842105,13,1.0
0.11288378916846883,0.3157894736842105,14,1.0
0.11288378916846883,0.3157894736842105,15,1.0
0.11288378916846883,0.3157894736842105,16,1.0
0.11288378916846883,0.3157894736842105,17,1.0
0.11288378916846883,0.3157894736842105,18,1.0
0.11288378916846883,0.3157894736842105,19,1.0
0.11288378916846883,0.3421052631578947,0,0.055
0.11288378916846883,0.3421052631578947,1,0.05
0.11288378916846883,0.3421052631578947,2,1.0
0.11288378916846883,0.3421052631578947,3,1.0
0.11288378916846883,0.3421052631578947,4,1.0
0.11288378916846883,0.3421052631578947,5,1.0
0.11288378916846883,0.3421052631578947,6,1.0
0.11288378916846883,0.3421052631578947,7,1.0
0.11288378916846883,0.3421052631578947,8,0.045
0.11288378916846883,0.3421052631578947,9,1.0
0.11288378916846883,0.3421052631578947,10,1.0
0.11288378916846883,0.3421052631578947,11,0.055
0.11288378916846883,0.3421052631578947,12,1.0
0.11288378916846883,0.3421052631578947,13,1.0
0.11288378916846883,0.3421052631578947,14,0.055
0.11288378916846883,0.3421052631578947,15,1.0
0.11288378916846883,0.3421052631578947,16,1.0
0.11288378916846883,0.3421052631578947,17,1.0
0.11288378916846883,0.3421052631578947,18,1.0
0.11288378916846883,0.3421052631578947,19,1.0
0.11288378916846883,0.3684210526315789,0,1.0
0.11288378916846883,0.3684210526315789,1,1.0
0.11288378916846883,0.3684210526315789,2,1.0
0.11288378916846883,0.3684210526315789,3,1.0
0.11288378916846883,0.3684210526315789,4,1.0
0.11288378916846883,0.3684210526315789,5,1.0
0.11288378916846883,0.3684210526315789,6,1.0
0.11288378916846883,0.3684210526315789,7,1.0
0.11288378916846883,0.3684210526315789,8,1.0
0.11288378916846883,0.3684210526315789,9,1.0
0.11288378916846883,0.3684210526315789,10,0.055
0.11288378916846883,0.3684210526315789,11,1.0
0.11288378916846883,0.3684210526315789,12,1.0
0.11288378916846883,0.3684210526315789,13,1.0
0.11288378916846883,0.3684210526315789,14,1.0
0.11288378916846883,0.3684210526315789,15,1.0
0.11288378916846883,0.3684210526315789,16,1.0
0.11288378916846883,0.3684210526315789,17,0.06
0.11288378916846883,0.3684210526315789,18,1.0
0.11288378916846883,0.3684210526315789,19,1.0
0.11288378916846883,0.39473684210526316,0,1.0
0.11288378916846883,0.39473684210526316,1,1.0
0.11288378916846883,0.39473684210526316,2,1.0
0.11288378916846883,0.39473684210526316,3,1.0
0.11288378916846883,0.39473684210526316,4,1.0
0.11288378916846883,0.39473684210526316,5,1.0
0.11288378916846883,0.39473684210526316,6,1.0
0.11288378916846883,0.39473684210526316,7,0.445
0.11288378916846883,0.39473684210526316,8,1.0
0.11288378916846883,0.39473684210526316,9,0.19
0.11288378916846883,0.39473684210526316,10,1.0
0.11288378916846883,0.39473684210526316,11,1.0
0.11288378916846883,0.39473684210526316,12,1.0
0.11288378916846883,0.39473684210526316,13,1.0
0.11288378916846883,0.39473684210526316,14,1.0
0.11288378916846883,0.39473684210526316,15,1.0
0.11288378916846883,0.39473684210526316,16,1.0
0.11288378916846883,0.39473684210526316,17,1.0
0.11288378916846883,0.39473684210526316,18,1.0
0.11288378916846883,0.39473684210526316,19,1.0
0.11288378916846883,0.42105263157894735,0,1.0
0.11288378916846883,0.42105263157894735,1,1.0
0.11288378916846883,0.42105263157894735,2,1.0
0.11288378916846883,0.42105263157894735,3,1.0
0.11288378916846883,0.42105263157894735,4,1.0
0.11288378916846883,0.42105263157894735,5,1.0
0.11288378916846883,0.42105263157894735,6,1.0
0.11288378916846883,0.42105263157894735,7,1.0
0.11288378916846883,0.42105263157894735,8,1.0
0.11288378916846883,0.42105263157894735,9,1.0
0.11288378916846883,0.42105263157894735,10,1.0
0.11288378916846883,0.42105263157894735,11,1.0
0.11288378916846883,0.42105263157894735,12,1.0
0.11288378916846883,0.42105263157894735,13,1.0
0.11288378916846883,0.42105263157894735,14,1.0
0.11288378916846883,0.42105263157894735,15,1.0
0.11288378916846883,0.42105263157894735,16,1.0
0.11288378916846883,0.42105263157894735,17,1.0
0.11288378916846883,0.42105263157894735,18,0.06
0.11288378916846883,0.42105263157894735,19,1.0
0.11288378916846883,0.4473684210526315,0,1.0
0.11288378916846883,0.4473684210526315,1,1.0
0.11288378916846883,0.4473684210526315,2,1.0
0.11288378916846883,0.4473684210526315,3,1.0
0.11288378916846883,0.4473684210526315,4,1.0
0.11288378916846883,0.4473684210526315,5,1.0
0.11288378916846883,0.4473684210526315,6,1.0
0.11288378916846883,0.4473684210526315,7,1.0
0.11288378916846883,0.4473684210526315,8,1.0
0.11288378916846883,0.4473684210526315,9,1.0
0.11288378916846883,0.4473684210526315,10,1.0
0.11288378916846883,0.4473684210526315,11,1.0
0.11288378916846883,0.4473684210526315,12,1.0
0.11288378916846883,0.4473684210526315,13,1.0
0.11288378916846883,0.4473684210526315,14,1.0
0.11288378916846883,0.4473684210526315,15,1.0
0.11288378916846883,0.4473684210526315,16,1.0
0.11288378916846883,0.4473684210526315,17,1.0
0.11288378916846883,0.4473684210526315,18,1.0
0.11288378916846883,0.4473684210526315,19,1.0
0.11288378916846883,0.47368421052631576,0,1.0
0.11288378916846883,0.47368421052631576,1,1.0
0.11288378916846883,0.47368421052631576,2,1.0
0.11288378916846883,0.47368421052631576,3,1.0
0.11288378916846883,0.47368421052631576,4,1.0
0.11288378916846883,0.47368421052631576,5,1.0
0.11288378916846883,0.47368421052631576,6,1.0
0.11288378916846883,0.47368421052631576,7,1.0
0.11288378916846883,0.47368421052631576,8,1.0
0.11288378916846883,0.47368421052631576,9,1.0
0.11288378916846883,0.47368421052631576,10,1.0
0.11288378916846883,0.47368421052631576,11,1.0
0.11288378916846883,0.47368421052631576,12,1.0
0.11288378916846883,0.47368421052631576,13,1.0
0.11288378916846883,0.47368421052631576,14,1.0
0.11288378916846883,0.47368421052631576,15,1.0
0.11288378916846883,0.47368421052631576,16,1.0
0.11288378916846883,0.47368421052631576,17,0.055
0.11288378916846883,0.47368421052631576,18,1.0
0.11288378916846883,0.47368421052631576,19,1.0
0.11288378916846883,0.5,0,0.05
0.11288378916846883,0.5,1,1.0
0.11288378916846883,0.5,2,1.0
0.11288378916846883,0.5,3,1.0
0.11288378916846883,0.5,4,1.0
0.11288378916846883,0.5,5,1.0
0.11288378916846883,0.5,6,1.0
0.11288378916846883,0.5,7,1.0
0.11288378916846883,0.5,8,1.0
0.11288378916846883,0.5,9,1.0
0.11288378916846883,0.5,10,1.0
0.11288378916846883,0.5,11,1.0
0.11288378916846883,0.5,12,1.0
0.11288378916846883,0.5,13,1.0
0.11288378916846883,0.5,14,1.0
0.11288378916846883,0.5,15,1.0
0.11288378916846883,0.5,16,1.0
0.11288378916846883,0.5,17,1.0
0.11288378916846883,0.5,18,1.0
0.11288378916846883,0.5,19,1.0
0.16237767391887215,0.0,0,1.0
0.16237767391887215,0.0,1,1.0
0.16237767391887215,0.0,2,1.0
0.16237767391887215,0.0,3,1.0
0.16237767391887215,0.0,4,1.0
0.16237767391887215,0.0,5,1.0
0.16237767391887215,0.0,6,1.0
0.16237767391887215,0.0,7,1.0
0.16237767391887215,0.0,8,1.0
0.16237767391887215,0.0,9,1.0
0.16237767391887215,0.0,10,1.0
0.16237767391887215,0.0,11,1.0
0.16237767391887215,0.0,12,1.0
0.16237767391887215,0.0,13,1.0
0.16237767391887215,0.0,14,1.0
0.16237767391887215,0.0,15,1.0
0.16237767391887215,0.0,16,1.0
0.16237767391887215,0.0,17,1.0
0.16237767391887215,0.0,18,1.0
0.16237767391887215,0.0,19,1.0
0.16237767391887215,0.02631578947368421,0,1.0
0.16237767391887215,0.02631578947368421,1,1.0
0.16237767391887215,0.02631578947368421,2,1.0
0.16237767391887215,0.02631578947368421,3,1.0
0.16237767391887215,0.02631578947368421,4,1.0
0.16237767391887215,0.02631578947368421,5,1.0
0.16237767391887215,0.02631578947368421,6,1.0
0.16237767391887215,0.02631578947368421,7,1.0
0.16237767391887215,0.02631578947368421,8,1.0
0.16237767391887215,0.02631578947368421,9,1.0
0.16237767391887215,0.02631578947368421,10,1.0
0.16237767391887215,0.02631578947368421,11,1.0
0.16237767391887215,0.02631578947368421,12,1.0
0.16237767391887215,0.02631578947368421,13,1.0
0.16237767391887215,0.02631578947368421,14,1.0
0.16237767391887215,0.02631578947368421,15,1.0
0.16237767391887215,0.02631578947368421,16,1.0
0.16237767391887215,0.02631578947368421,17,1.0
0.16237767391887215,0.02631578947368421,18,1.0
0.16237767391887215,0.02631578947368421,19,1.0
0.16237767391887215,0.05263157894736842,0,1.0
0.16237767391887215,0.05263157894736842,1,1.0
0.16237767391887215,0.05263157894736842,2,1.0
0.16237767391887215,0.05263157894736842,3,1.0
0.16237767391887215,0.05263157894736842,4,1.0
0.16237767391887215,0.05263157894736842,5,1.0
0.16237767391887215,0.05263157894736842,6,1.0
0.16237767391887215,0.05263157894736842,7,1.0
0.16237767391887215,0.05263157894736842,8,1.0
0.16237767391887215,0.05263157894736842,9,1.0
0.16237767391887215,0.05263157894736842,10,1.0
0.16237767391887215,0.05263157894736842,11,1.0
0.16237767391887215,0.05263157894736842,12,1.0
0.16237767391887215,0.05263157894736842,13,1.0
0.16237767391887215,0.05263157894736842,14,1.0
0.16237767391887215,0.05263157894736842,15,1.0
0.16237767391887215,0.05263157894736842,16,1.0
0.16237767391887215,0.05263157894736842,17,1.0
0.16237767391887215,0.05263157894736842,18,1.0
0.16237767391887215,0.05263157894736842,19,1.0
0.16237767391887215,0.07894736842105263,0,1.0
0.16237767391887215,0.07894736842105263,1,1.0
0.16237767391887215,0.07894736842105263,2,1.0
0.16237767391887215,0.07894736842105263,3,1.0
0.16237767391887215,0.07894736842105263,4,1.0
0.16237767391887215,0.07894736842105263,5,1.0
0.16237767391887215,0.07894736842105263,6,1.0
0.16237767391887215,0.07894736842105263,7,1.0
0.16237767391887215,0.07894736842105263,8,1.0
0.16237767391887215,0.07894736842105263,9,1.0
0.16237767391887215,0.07894736842105263,10,1.0
0.16237767391887215,0.07894736842105263,11,1.0
0.16237767391887215,0.07894736842105263,12,1.0
0.16237767391887215,0.07894736842105263,13,1.0
0.16237767391887215,0.07894736842105263,14,1.0
0.16237767391887215,0.07894736842105263,15,1.0
0.16237767391887215,0.07894736842105263,16,1.0
0.16237767391887215,0.07894736842105263,17,1.0
0.16237767391887215,0.07894736842105263,18,1.0
0.16237767391887215,0.07894736842105263,19,1.0
0.16237767391887215,0.10526315789473684,0,1.0
0.16237767391887215,0.10526315789473684,1,1.0
0.16237767391887215,0.10526315789473684,2,1.0
0.16237767391887215,0.10526315789473684,3,1.0
0.16237767391887215,0.10526315789473684,4,1.0
0.16237767391887215,0.10526315789473684,5,1.0
0.16237767391887215,0.10526315789473684,6,1.0
0.16237767391887215,0.10526315789473684,7,1.0
0.16237767391887215,0.10526315789473684,8,1.0
0.16237767391887215,0.10526315789473684,9,1.0
0.16237767391887215,0.10526315789473684,10,1.0
0.16237767391887215,0.10526315789473684,11,1.0
0.16237767391887215,0.10526315789473684,12,1.0
0.16237767391887215,0.10526315789473684,13,1.0
0.16237767391887215,0.10526315789473684,14,1.0
0.16237767391887215,0.10526315789473684,15,1.0
0.16237767391887215,0.10526315789473684,16,1.0
0.16237767391887215,0.10526315789473684,17,1.0
0.16237767391887215,0.10526315789473684,18,1.0
0.16237767391887215,0.10526315789473684,19,1.0
0.16237767391887215,0.13157894736842105,0,1.0
0.16237767391887215,0.13157894736842105,1,1.0
0.16237767391887215,0.13157894736842105,2,1.0
0.16237767391887215,0.13157894736842105,3,1.0
0.16237767391887215,0.13157894736842105,4,1.0
0.16237767391887215,0.13157894736842105,5,1.0
0.16237767391887215,0.13157894736842105,6,1.0
0.16237767391887215,0.13157894736842105,7,1.0
0.16237767391887215,0.13157894736842105,8,1.0
0.16237767391887215,0.13157894736842105,9,1.0
0.16237767391887215,0.13157894736842105,10,1.0
0.16237767391887215,0.13157894736842105,11,1.0
0.16237767391887215,0.13157894736842105,12,1.0
0.16237767391887215,0.13157894736842105,13,1.0
0.16237767391887215,0.13157894736842105,14,1.0
0.16237767391887215,0.13157894736842105,15,1.0
0.16237767391887215,0.13157894736842105,16,1.0
0.16237767391887215,0.13157894736842105,17,1.0
0.16237767391887215,0.13157894736842105,18,1.0
0.16237767391887215,0.13157894736842105,19,1.0
0.16237767391887215,0.15789473684210525,0,1.0
0.16237767391887215,0.15789473684210525,1,1.0
0.16237767391887215,0.15789473684210525,2,1.0
0.16237767391887215,0.15789473684210525,3,0.01
0.16237767391887215,0.15789473684210525,4,1.0
0.16237767391887215,0.15789473684210525,5,1.0
0.16237767391887215,0.15789473684210525,6,1.0
0.16237767391887215,0.15789473684210525,7,1.0
0.16237767391887215,0.15789473684210525,8,1.0
0.16237767391887215,0.15789473684210525,9,1.0
0.16237767391887215,0.15789473684210525,10,1.0
0.16237767391887215,0.15789473684210525,11,1.0
0.16237767391887215,0.15789473684210525,12,1.0
0.16237767391887215,0.15789473684210525,13,1.0
0.16237767391887215,0.15789473684210525,14,0.19
0.16237767391887215,0.15789473684210525,15,1.0
0.16237767391887215,0.15789473684210525,16,1.0
0.16237767391887215,0.15789473684210525,17,1.0
0.16237767391887215,0.15789473684210525,18,0.32
0.16237767391887215,0.15789473684210525,19,1.0
0.16237767391887215,0.18421052631578946,0,1.0
0.16237767391887215,0.18421052631578946,1,1.0
0.16237767391887215,0.18421052631578946,2,1.0
0.16237767391887215,0.18421052631578946,3,1.0
0.16237767391887215,0.18421052631578946,4,1.0
0.16237767391887215,0.18421052631578946,5,1.0
0.16237767391887215,0.18421052631578946,6,1.0
0.16237767391887215,0.18421052631578946,7,1.0
0.16237767391887215,0.18421052631578946,8,1.0
0.16237767391887215,0.18421052631578946,9,1.0
0.16237767391887215,0.18421052631578946,10,1.0
0.16237767391887215,0.18421052631578946,11,1.0
0.16237767391887215,0.18421052631578946,12,1.0
0.16237767391887215,0.18421052631578946,13,1.0
0.16237767391887215,0.18421052631578946,14,1.0
0.16237767391887215,0.18421052631578946,15,1.0
0.16237767391887215,0.18421052631578946,16,1.0
0.16237767391887215,0.18421052631578946,17,1.0
0.16237767391887215,0.18421052631578946,18,1.0
0.16237767391887215,0.18421052631578946,19,1.0
0.16237767391887215,0.21052631578947367,0,1.0
0.16237767391887215,0.21052631578947367,1,1.0
0.16237767391887215,0.21052631578947367,2,1.0
0.16237767391887215,0.21052631578947367,3,1.0
0.16237767391887215,0.21052631578947367,4,1.0
0.16237767391887215,0.21052631578947367,5,1.0
0.16237767391887215,0.21052631578947367,6,1.0
0.16237767391887215,0.21052631578947367,7,1.0
0.16237767391887215,0.21052631578947367,8,1.0
0.16237767391887215,0.21052631578947367,9,1.0
0.16237767391887215,0.21052631578947367,10,1.0
0.16237767391887215,0.21052631578947367,11,0.185
0.16237767391887215,0.21052631578947367,12,1.0
0.16237767391887215,0.21052631578947367,13,1.0
0.16237767391887215,0.21052631578947367,14,1.0
0.16237767391887215,0.21052631578947367,15,1.0
0.16237767391887215,0.21052631578947367,16,1.0
0.16237767391887215,0.21052631578947367,17,1.0
0.16237767391887215,0.21052631578947367,18,1.0
0.16237767391887215,0.21052631578947367,19,1.0
0.16237767391887215,0.23684210526315788,0,1.0
0.16237767391887215,0.23684210526315788,1,1.0
0.16237767391887215,0.23684210526315788,2,1.0
0.16237767391887215,0.23684210526315788,3,1.0
0.16237767391887215,0.23684210526315788,4,1.0
0.16237767391887215,0.23684210526315788,5,1.0
0.16237767391887215,0.23684210526315788,6,1.0
0.16237767391887215,0.23684210526315788,7,1.0
0.16237767391887215,0.23684210526315788,8,1.0
0.16237767391887215,0.23684210526315788,9,1.0
0.16237767391887215,0.23684210526315788,10,1.0
0.16237767391887215,0.23684210526315788,11,1.0
0.16237767391887215,0.23684210526315788,12,1.0
0.16237767391887215,0.23684210526315788,13,1.0
0.16237767391887215,0.23684210526315788,14,1.0
0.16237767391887215,0.23684210526315788,15,1.0
0.16237767391887215,0.23684210526315788,16,1.0
0.16237767391887215,0.23684210526315788,17,1.0
0.16237767391887215,0.23684210526315788,18,0.055
0.16237767391887215,0.23684210526315788,19,1.0
0.16237767391887215,0.2631578947368421,0,1.0
0.16237767391887215,0.2631578947368421,1,1.0
0.16237767391887215,0.2631578947368421,2,1.0
0.16237767391887215,0.2631578947368421,3,1.0
0.16237767391887215,0.2631578947368421,4,1.0
0.16237767391887215,0.2631578947368421,5,1.0
0.16237767391887215,0.2631578947368421,6,1.0
0.16237767391887215,0.2631578947368421,7,1.0
0.16237767391887215,0.2631578947368421,8,1.0
0.16237767391887215,0.2631578947368421,9,1.0
0.16237767391887215,0.2631578947368421,10,1.0
0.16237767391887215,0.2631578947368421,11,1.0
0.16237767391887215,0.2631578947368421,12,1.0
0.16237767391887215,0.2631578947368421,13,0.015
0.16237767391887215,0.2631578947368421,14,1.0
0.16237767391887215,0.2631578947368421,15,1.0
0.16237767391887215,0.2631578947368421,16,1.0
0.16237767391887215,0.2631578947368421,17,1.0
0.16237767391887215,0.2631578947368421,18,1.0
0.16237767391887215,0.2631578947368421,19,1.0
0.16237767391887215,0.2894736842105263,0,1.0
0.16237767391887215,0.2894736842105263,1,1.0
0.16237767391887215,0.2894736842105263,2,1.0
0.16237767391887215,0.2894736842105263,3,1.0
0.16237767391887215,0.2894736842105263,4,1.0
0.16237767391887215,0.2894736842105263,5,1.0
0.16237767391887215,0.2894736842105263,6,1.0
0.16237767391887215,0.2894736842105263,7,1.0
0.16237767391887215,0.2894736842105263,8,1.0
0.16237767391887215,0.2894736842105263,9,1.0
0.16237767391887215,0.2894736842105263,10,1.0
0.16237767391887215,0.2894736842105263,11,1.0
0.16237767391887215,0.2894736842105263,12,1.0
0.16237767391887215,0.2894736842105263,13,1.0
0.16237767391887215,0.2894736842105263,14,0.185
0.16237767391887215,0.2894736842105263,15,1.0
0.16237767391887215,0.2894736842105263,16,1.0
0.16237767391887215,0.2894736842105263,17,1.0
0.16237767391887215,0.2894736842105263,18,1.0
0.16237767391887215,0.2894736842105263,19,1.0
0.16237767391887215,0.3157894736842105,0,1.0
0.16237767391887215,0.3157894736842105,1,1.0
0.16237767391887215,0.3157894736842105,2,1.0
0.16237767391887215,0.3157894736842105,3,1.0
0.16237767391887215,0.3157894736842105,4,1.0
0.16237767391887215,0.3157894736842105,5,1.0
0.16237767391887215,0.3157894736842105,6,1.0
0.16237767391887215,0.3157894736842105,7,1.0
0.16237767391887215,0.3157894736842105,8,0.025
0.16237767391887215,0.3157894736842105,9,1.0
0.16237767391887215,0.3157894736842105,10,1.0
0.16237767391887215,0.3157894736842105,11,1.0
0.16237767391887215,0.3157894736842105,12,1.0
0.16237767391887215,0.3157894736842105,13,0.055
0.16237767391887215,0.3157894736842105,14,1.0
0.16237767391887215,0.3157894736842105,15,1.0
0.16237767391887215,0.3157894736842105,16,0.035
0.16237767391887215,0.3157894736842105,17,1.0
0.16237767391887215,0.3157894736842105,18,1.0
0.16237767391887215,0.3157894736842105,19,1.0
0.16237767391887215,0.3421052631578947,0,1.0
0.16237767391887215,0.3421052631578947,1,1.0
0.16237767391887215,0.3421052631578947,2,0.32
0.16237767391887215,0.3421052631578947,3,1.0
0.16237767391887215,0.3421052631578947,4,1.0
0.16237767391887215,0.3421052631578947,5,1.0
0.16237767391887215,0.3421052631578947,6,1.0
0.16237767391887215,0.3421052631578947,7,1.0
0.16237767391887215,0.3421052631578947,8,0.055
0.16237767391887215,0.3421052631578947,9,1.0
0.16237767391887215,0.3421052631578947,10,1.0
0.16237767391887215,0.3421052631578947,11,1.0
0.16237767391887215,0.3421052631578947,12,1.0
0.16237767391887215,0.3421052631578947,13,1.0
0.16237767391887215,0.3421052631578947,14,1.0
0.16237767391887215,0.3421052631578947,15,1.0
0.16237767391887215,0.3421052631578947,16,1.0
0.16237767391887215,0.3421052631578947,17,1.0
0.16237767391887215,0.3421052631578947,18,1.0
0.16237767391887215,0.3421052631578947,19,1.0
0.16237767391887215,0.3684210526315789,0,1.0
0.16237767391887215,0.3684210526315789,1,0.02
0.16237767391887215,0.3684210526315789,2,1.0
0.16237767391887215,0.3684210526315789,3,1.0
0.16237767391887215,0.3684210526315789,4,1.0
0.16237767391887215,0.3684210526315789,5,1.0
0.16237767391887215,0.3684210526315789,6,1.0
0.16237767391887215,0.3684210526315789,7,1.0
0.16237767391887215,0.3684210526315789,8,1.0
0.16237767391887215,0.3684210526315789,9,1.0
0.16237767391887215,0.3684210526315789,10,1.0
0.16237767391887215,0.3684210526315789,11,1.0
0.16237767391887215,0.3684210526315789,12,1.0
0.16237767391887215,0.3684210526315789,13,1.0
0.16237767391887215,0.3684210526315789,14,1.0
0.16237767391887215,0.3684210526315789,15,1.0
0.16237767391887215,0.3684210526315789,16,0.035
0.16237767391887215,0.3684210526315789,17,1.0
0.16237767391887215,0.3684210526315789,18,1.0
0.16237767391887215,0.3684210526315789,19,1.0
0.16237767391887215,0.39473684210526316,0,1.0
0.16237767391887215,0.39473684210526316,1,1.0
0.16237767391887215,0.39473684210526316,2,1.0
0.16237767391887215,0.39473684210526316,3,0.025
0.16237767391887215,0.39473684210526316,4,1.0
0.16237767391887215,0.39473684210526316,5,1.0
0.16237767391887215,0.39473684210526316,6,0.06
0.16237767391887215,0.39473684210526316,7,1.0
0.16237767391887215,0.39473684210526316,8,1.0
0.16237767391887215,0.39473684210526316,9,1.0
0.16237767391887215,0.39473684210526316,10,0.015
0.16237767391887215,0.39473684210526316,11,1.0
0.16237767391887215,0.39473684210526316,12,1.0
0.16237767391887215,0.39473684210526316,13,1.0
0.16237767391887215,0.39473684210526316,14,1.0
0.16237767391887215,0.39473684210526316,15,1.0
0.16237767391887215,0.39473684210526316,16,0.185
0.16237767391887215,0.39473684210526316,17,0.03
0.16237767391887215,0.39473684210526316,18,1.0
0.16237767391887215,0.39473684210526316,19,1.0
0.16237767391887215,0.42105263157894735,0,1.0
0.16237767391887215,0.42105263157894735,1,1.0
0.16237767391887215,0.42105263157894735,2,1.0
0.16237767391887215,0.42105263157894735,3,1.0
0.16237767391887215,0.42105263157894735,4,1.0
0.16237767391887215,0.42105263157894735,5,1.0
0.16237767391887215,0.42105263157894735,6,0.04
0.16237767391887215,0.42105263157894735,7,1.0
0.16237767391887215,0.42105263157894735,8,1.0
0.16237767391887215,0.42105263157894735,9,1.0
0.16237767391887215,0.42105263157894735,10,0.02
0.16237767391887215,0.42105263157894735,11,1.0
0.16237767391887215,0.42105263157894735,12,1.0
0.16237767391887215,0.42105263157894735,13,1.0
0.16237767391887215,0.42105263157894735,14,1.0
0.16237767391887215,0.42105263157894735,15,0.015
0.16237767391887215,0.42105263157894735,16,1.0
0.16237767391887215,0.42105263157894735,17,1.0
0.16237767391887215,0.42105263157894735,18,1.0
0.16237767391887215,0.42105263157894735,19,1.0
0.16237767391887215,0.4473684210526315,0,0.05
0.16237767391887215,0.4473684210526315,1,1.0
0.16237767391887215,0.4473684210526315,2,0.05
0.16237767391887215,0.4473684210526315,3,1.0
0.16237767391887215,0.4473684210526315,4,1.0
0.16237767391887215,0.4473684210526315,5,1.0
0.16237767391887215,0.4473684210526315,6,1.0
0.16237767391887215,0.4473684210526315,7,0.02
0.16237767391887215,0.4473684210526315,8,1.0
0.16237767391887215,0.4473684210526315,9,1.0
0.16237767391887215,0.4473684210526315,10,1.0
0.16237767391887215,0.4473684210526315,11,1.0
0.16237767391887215,0.4473684210526315,12,1.0
0.16237767391887215,0.4473684210526315,13,1.0
0.16237767391887215,0.4473684210526315,14,1.0
0.16237767391887215,0.4473684210526315,15,1.0
0.16237767391887215,0.4473684210526315,16,0.055
0.16237767391887215,0.4473684210526315,17,1.0
0.16237767391887215,0.4473684210526315,18,1.0
0.16237767391887215,0.4473684210526315,19,1.0
0.16237767391887215,0.47368421052631576,0,0.025
0.16237767391887215,0.47368421052631576,1,0.015
0.16237767391887215,0.47368421052631576,2,1.0
0.16237767391887215,0.47368421052631576,3,1.0
0.16237767391887215,0.47368421052631576,4,1.0
0.16237767391887215,0.47368421052631576,5,1.0
0.16237767391887215,0.47368421052631576,6,1.0
0.16237767391887215,0.47368421052631576,7,1.0
0.16237767391887215,0.47368421052631576,8,1.0
0.16237767391887215,0.47368421052631576,9,1.0
0.16237767391887215,0.47368421052631576,10,1.0
0.16237767391887215,0.47368421052631576,11,0.04
0.16237767391887215,0.47368421052631576,12,1.0
0.16237767391887215,0.47368421052631576,13,1.0
0.16237767391887215,0.47368421052631576,14,1.0
0.16237767391887215,0.47368421052631576,15,1.0
0.16237767391887215,0.47368421052631576,16,1.0
0.16237767391887215,0.47368421052631576,17,0.03
0.16237767391887215,0.47368421052631576,18,1.0
0.16237767391887215,0.47368421052631576,19,1.0
0.16237767391887215,0.5,0,1.0
0.16237767391887215,0.5,1,0.02
0.16237767391887215,0.5,2,1.0
0.16237767391887215,0.5,3,1.0
0.16237767391887215,0.5,4,1.0
0.16237767391887215,0.5,5,1.0
0.16237767391887215,0.5,6,1.0
0.16237767391887215,0.5,7,1.0
0.16237767391887215,0.5,8,1.0
0.16237767391887215,0.5,9,1.0
0.16237767391887215,0.5,10,1.0
0.16237767391887215,0.5,11,1.0
0.16237767391887215,0.5,12,0.01
0.16237767391887215,0.5,13,1.0
0.16237767391887215,0.5,14,1.0
0.16237767391887215,0.5,15,1.0
0.16237767391887215,0.5,16,1.0
0.16237767391887215,0.5,17,0.035
0.16237767391887215,0.5,18,1.0
0.16237767391887215,0.5,19,1.0
0.23357214690901226,0.0,0,1.0
0.23357214690901226,0.0,1,1.0
0.23357214690901226,0.0,2,1.0
0.23357214690901226,0.0,3,1.0
0.23357214690901226,0.0,4,1.0
0.23357214690901226,0.0,5,1.0
0.23357214690901226,0.0,6,1.0
0.23357214690901226,0.0,7,1.0
0.23357214690901226,0.0,8,1.0
0.23357214690901226,0.0,9,1.0
0.23357214690901226,0.0,10,1.0
0.23357214690901226,0.0,11,1.0
0.23357214690901226,0.0,12,1.0
0.23357214690901226,0.0,13,1.0
0.23357214690901226,0.0,14,1.0
0.23357214690901226,0.0,15,1.0
0.23357214690901226,0.0,16,1.0
0.23357214690901226,0.0,17,1.0
0.23357214690901226,0.0,18,1.0
0.23357214690901226,0.0,19,1.0
0.23357214690901226,0.02631578947368421,0,1.0
0.23357214690901226,0.02631578947368421,1,1.0
0.23357214690901226,0.02631578947368421,2,1.0
0.23357214690901226,0.02631578947368421,3,1.0
0.23357214690901226,0.02631578947368421,4,1.0
0.23357214690901226,0.02631578947368421,5,1.0
0.23357214690901226,0.02631578947368421,6,1.0
0.23357214690901226,0.02631578947368421,7,1.0
0.23357214690901226,0.02631578947368421,8,1.0
0.23357214690901226,0.02631578947368421,9,1.0
0.23357214690901226,0.02631578947368421,10,1.0
0.23357214690901226,0.02631578947368421,11,1.0
0.23357214690901226,0.02631578947368421,12,1.0
0.23357214690901226,0.02631578947368421,13,1.0
0.23357214690901226,0.02631578947368421,14,1.0
0.23357214690901226,0.02631578947368421,15,1.0
0.23357214690901226,0.02631578947368421,16,1.0
0.23357214690901226,0.02631578947368421,17,1.0
0.23357214690901226,0.02631578947368421,18,1.0
0.23357214690901226,0.02631578947368421,19,1.0
0.23357214690901226,0.05263157894736842,0,1.0
0.23357214690901226,0.05263157894736842,1,1.0
0.23357214690901226,0.05263157894736842,2,1.0
0.23357214690901226,0.05263157894736842,3,1.0
0.23357214690901226,0.05263157894736842,4,1.0
0.23357214690901226,0.05263157894736842,5,1.0
0.23357214690901226,0.05263157894736842,6,1.0
0.23357214690901226,0.05263157894736842,7,1.0
0.23357214690901226,0.05263157894736842,8,1.0
0.23357214690901226,0.05263157894736842,9,1.0
0.23357214690901226,0.05263157894736842,10,1.0
0.23357214690901226,0.05263157894736842,11,1.0
0.23357214690901226,0.05263157894736842,12,1.0
0.23357214690901226,0.05263157894736842,13,1.0
0.23357214690901226,0.05263157894736842,14,1.0
0.23357214690901226,0.05263157894736842,15,1.0
0.23357214690901226,0.05263157894736842,16,1.0
0.23357214690901226,0.05263157894736842,17,1.0
0.23357214690901226,0.05263157894736842,18,1.0
0.23357214690901226,0.05263157894736842,19,1.0
0.23357214690901226,0.07894736842105263,0,1.0
0.23357214690901226,0.07894736842105263,1,1.0
0.23357214690901226,0.07894736842105263,2,1.0
0.23357214690901226,0.07894736842105263,3,1.0
0.23357214690901226,0.07894736842105263,4,1.0
0.23357214690901226,0.07894736842105263,5,1.0
0.23357214690901226,0.07894736842105263,6,1.0
0.23357214690901226,0.07894736842105263,7,1.0
0.23357214690901226,0.07894736842105263,8,1.0
0.23357214690901226,0.07894736842105263,9,1.0
0.23357214690901226,0.07894736842105263,10,1.0
0.23357214690901226,0.07894736842105263,11,1.0
0.23357214690901226,0.07894736842105263,12,1.0
0.23357214690901226,0.07894736842105263,13,1.0
0.23357214690901226,0.07894736842105263,14,1.0
0.23357214690901226,0.07894736842105263,15,1.0
0.23357214690901226,0.07894736842105263,16,1.0
0.23357214690901226,0.07894736842105263,17,1.0
0.23357214690901226,0.07894736842105263,18,1.0
0.23357214690901226,0.07894736842105263,19,1.0
0.23357214690901226,0.10526315789473684,0,1.0
0.23357214690901226,0.10526315789473684,1,1.0
0.23357214690901226,0.10526315789473684,2,1.0
0.23357214690901226,0.10526315789473684,3,1.0
0.23357214690901226,0.10526315789473684,4,0.035
0.23357214690901226,0.10526315789473684,5,1.0
0.23357214690901226,0.10526315789473684,6,1.0
0.23357214690901226,0.10526315789473684,7,1.0
0.23357214690901226,0.10526315789473684,8,1.0
0.23357214690901226,0.10526315789473684,9,0.01
0.23357214690901226,0.10526315789473684,10,1.0
0.23357214690901226,0.10526315789473684,11,1.0
0.23357214690901226,0.10526315789473684,12,1.0
0.23357214690901226,0.10526315789473684,13,1.0
0.23357214690901226,0.10526315789473684,14,1.0
0.23357214690901226,0.10526315789473684,15,1.0
0.23357214690901226,0.10526315789473684,16,1.0
0.23357214690901226,0.10526315789473684,17,1.0
0.23357214690901226,0.10526315789473684,18,1.0
0.23357214690901226,0.10526315789473684,19,0.315
0.23357214690901226,0.13157894736842105,0,1.0
0.23357214690901226,0.13157894736842105,1,1.0
0.23357214690901226,0.13157894736842105,2,1.0
0.23357214690901226,0.13157894736842105,3,1.0
0.23357214690901226,0.13157894736842105,4,1.0
0.23357214690901226,0.13157894736842105,5,1.0
0.23357214690901226,0.13157894736842105,6,1.0
0.23357214690901226,0.13157894736842105,7,1.0
0.23357214690901226,0.13157894736842105,8,1.0
0.23357214690901226,0.13157894736842105,9,1.0
0.23357214690901226,0.13157894736842105,10,1.0
0.23357214690901226,0.13157894736842105,11,1.0
0.23357214690901226,0.13157894736842105,12,1.0
0.23357214690901226,0.13157894736842105,13,1.0
0.23357214690901226,0.13157894736842105,14,1.0
0.23357214690901226,0.13157894736842105,15,1.0
0.23357214690901226,0.13157894736842105,16,1.0
0.23357214690901226,0.13157894736842105,17,1.0
0.23357214690901226,0.13157894736842105,18,1.0
0.23357214690901226,0.13157894736842105,19,1.0
0.23357214690901226,0.15789473684210525,0,0.055
0.23357214690901226,0.15789473684210525,1,1.0
0.23357214690901226,0.15789473684210525,2,1.0
0.23357214690901226,0.15789473684210525,3,0.035
0.23357214690901226,0.15789473684210525,4,1.0
0.23357214690901226,0.15789473684210525,5,1.0
0.23357214690901226,0.15789473684210525,6,1.0
0.23357214690901226,0.15789473684210525,7,1.0
0.23357214690901226,0.15789473684210525,8,1.0
0.23357214690901226,0.15789473684210525,9,1.0
0.23357214690901226,0.15789473684210525,10,1.0
0.23357214690901226,0.15789473684210525,11,1.0
0.23357214690901226,0.15789473684210525,12,1.0
0.23357214690901226,0.15789473684210525,13,1.0
0.23357214690901226,0.15789473684210525,14,0.01
0.23357214690901226,0.15789473684210525,15,1.0
0.23357214690901226,0.15789473684210525,16,1.0
0.23357214690901226,0.15789473684210525,17,1.0
0.23357214690901226,0.15789473684210525,18,1.0
0.23357214690901226,0.15789473684210525,19,1.0
0.23357214690901226,0.18421052631578946,0,0.02
0.23357214690901226,0.18421052631578946,1,0.895
0.23357214690901226,0.18421052631578946,2,1.0
0.23357214690901226,0.18421052631578946,3,0.015
0.23357214690901226,0.18421052631578946,4,1.0
0.23357214690901226,0.18421052631578946,5,1.0
0.23357214690901226,0.18421052631578946,6,1.0
0.23357214690901226,0.18421052631578946,7,1.0
0.23357214690901226,0.18421052631578946,8,1.0
0.23357214690901226,0.18421052631578946,9,1.0
0.23357214690901226,0.18421052631578946,10,1.0
0.23357214690901226,0.18421052631578946,11,1.0
0.23357214690901226,0.18421052631578946,12,0.015
0.23357214690901226,0.18421052631578946,13,1.0
0.23357214690901226,0.18421052631578946,14,1.0
0.23357214690901226,0.18421052631578946,15,1.0
0.23357214690901226,0.18421052631578946,16,0.055
0.23357214690901226,0.18421052631578946,17,1.0
0.23357214690901226,0.18421052631578946,18,1.0
0.23357214690901226,0.18421052631578946,19,1.0
0.23357214690901226,0.21052631578947367,0,1.0
0.23357214690901226,0.21052631578947367,1,1.0
0.23357214690901226,0.21052631578947367,2,1.0
0.23357214690901226,0.21052631578947367,3,1.0
0.23357214690901226,0.21052631578947367,4,1.0
0.23357214690901226,0.21052631578947367,5,1.0
0.23357214690901226,0.21052631578947367,6,0.06
0.23357214690901226,0.21052631578947367,7,1.0
0.23357214690901226,0.21052631578947367,8,1.0
0.23357214690901226,0.21052631578947367,9,1.0
0.23357214690901226,0.21052631578947367,10,1.0
0.23357214690901226,0.21052631578947367,11,1.0
0.23357214690901226,0.21052631578947367,12,0.015
0.23357214690901226,0.21052631578947367,13,1.0
0.23357214690901226,0.21052631578947367,14,1.0
0.23357214690901226,0.21052631578947367,15,1.0
0.23357214690901226,0.21052631578947367,16,1.0
0.23357214690901226,0.21052631578947367,17,0.015
0.23357214690901226,0.21052631578947367,18,1.0
0.23357214690901226,0.21052631578947367,19,0.015
0.23357214690901226,0.23684210526315788,0,1.0
0.23357214690901226,0.23684210526315788,1,1.0
0.23357214690901226,0.23684210526315788,2,1.0
0.23357214690901226,0.23684210526315788,3,1.0
0.23357214690901226,0.23684210526315788,4,0.015
0.23357214690901226,0.23684210526315788,5,1.0
0.23357214690901226,0.23684210526315788,6,1.0
0.23357214690901226,0.23684210526315788,7,1.0
0.23357214690901226,0.23684210526315788,8,1.0
0.23357214690901226,0.23684210526315788,9,1.0
0.23357214690901226,0.23684210526315788,10,1.0
0.23357214690901226,0.23684210526315788,11,1.0
0.23357214690901226,0.23684210526315788,12,1.0
0.23357214690901226,0.23684210526315788,13,0.02
0.23357214690901226,0.23684210526315788,14,1.0
0.23357214690901226,0.23684210526315788,15,0.035
0.23357214690901226,0.23684210526315788,16,1.0
0.23357214690901226,0.23684210526315788,17,1.0
0.23357214690901226,0.23684210526315788,18,1.0
0.23357214690901226,0.23684210526315788,19,1.0
0.23357214690901226,0.2631578947368421,0,1.0
0.23357214690901226,0.2631578947368421,1,1.0
0.23357214690901226,0.2631578947368421,2,0.055
0.23357214690901226,0.2631578947368421,3,1.0
0.23357214690901226,0.2631578947368421,4,1.0
0.23357214690901226,0.2631578947368421,5,0.01
0.23357214690901226,0.2631578947368421,6,1.0
0.23357214690901226,0.2631578947368421,7,1.0
0.23357214690901226,0.2631578947368421,8,1.0
0.23357214690901226,0.2631578947368421,9,1.0
0.23357214690901226,0.2631578947368421,10,1.0
0.23357214690901226,0.2631578947368421,11,0.015
0.23357214690901226,0.2631578947368421,12,1.0
0.23357214690901226,0.2631578947368421,13,1.0
0.23357214690901226,0.2631578947368421,14,1.0
0.23357214690901226,0.2631578947368421,15,1.0
0.23357214690901226,0.2631578947368421,16,0.01
0.23357214690901226,0.2631578947368421,17,0.02
0.23357214690901226,0.2631578947368421,18,1.0
0.23357214690901226,0.2631578947368421,19,1.0
0.23357214690901226,0.2894736842105263,0,1.0
0.23357214690901226,0.2894736842105263,1,0.19
0.23357214690901226,0.2894736842105263,2,1.0
0.23357214690901226,0.2894736842105263,3,1.0
0.23357214690901226,0.2894736842105263,4,1.0
0.23357214690901226,0.2894736842105263,5,1.0
0.23357214690901226,0.2894736842105263,6,1.0
0.23357214690901226,0.2894736842105263,7,1.0
0.23357214690901226,0.2894736842105263,8,0.03
0.23357214690901226,0.2894736842105263,9,1.0
0.23357214690901226,0.2894736842105263,10,1.0
0.23357214690901226,0.2894736842105263,11,0.01
0.23357214690901226,0.2894736842105263,12,0.06
0.23357214690901226,0.2894736842105263,13,0.035
0.23357214690901226,0.2894736842105263,14,1.0
0.23357214690901226,0.2894736842105263,15,0.025
0.23357214690901226,0.2894736842105263,16,1.0
0.23357214690901226,0.2894736842105263,17,1.0
0.23357214690901226,0.2894736842105263,18,1.0
0.23357214690901226,0.2894736842105263,19,0.03
0.23357214690901226,0.3157894736842105,0,1.0
0.23357214690901226,0.3157894736842105,1,1.0
0.23357214690901226,0.3157894736842105,2,0.01
0.23357214690901226,0.3157894736842105,3,1.0
0.23357214690901226,0.3157894736842105,4,0.01
0.23357214690901226,0.3157894736842105,5,1.0
0.23357214690901226,0.3157894736842105,6,0.02
0.23357214690901226,0.3157894736842105,7,1.0
0.23357214690901226,0.3157894736842105,8,1.0
0.23357214690901226,0.3157894736842105,9,1.0
0.23357214690901226,0.3157894736842105,10,0.01
0.23357214690901226,0.3157894736842105,11,0.02
0.23357214690901226,0.3157894736842105,12,1.0
0.23357214690901226,0.3157894736842105,13,1.0
0.23357214690901226,0.3157894736842105,14,1.0
0.23357214690901226,0.3157894736842105,15,0.01
0.23357214690901226,0.3157894736842105,16,1.0
0.23357214690901226,0.3157894736842105,17,0.045
0.23357214690901226,0.3157894736842105,18,0.055
0.23357214690901226,0.3157894736842105,19,0.035
0.23357214690901226,0.3421052631578947,0,1.0
0.23357214690901226,0.3421052631578947,1,1.0
0.23357214690901226,0.3421052631578947,2,0.045
0.23357214690901226,0.3421052631578947,3,0.015
0.23357214690901226,0.3421052631578947,4,1.0
0.23357214690901226,0.3421052631578947,5,0.01
0.23357214690901226,0.3421052631578947,6,1.0
0.23357214690901226,0.3421052631578947,7,1.0
0.23357214690901226,0.3421052631578947,8,0.05
0.23357214690901226,0.3421052631578947,9,1.0
0.23357214690901226,0.3421052631578947,10,0.015
0.23357214690901226,0.3421052631578947,11,1.0
0.23357214690901226,0.3421052631578947,12,0.05
0.23357214690901226,0.3421052631578947,13,0.035
0.23357214690901226,0.3421052631578947,14,1.0
0.23357214690901226,0.3421052631578947,15,1.0
0.23357214690901226,0.3421052631578947,16,0.01
0.23357214690901226,0.3421052631578947,17,1.0
0.23357214690901226,0.3421052631578947,18,0.015
0.23357214690901226,0.3421052631578947,19,0.055
0.23357214690901226,0.3684210526315789,0,0.015
0.23357214690901226,0.3684210526315789,1,0.03
0.23357214690901226,0.3684210526315789,2,1.0
0.23357214690901226,0.3684210526315789,3,0.03
0.23357214690901226,0.3684210526315789,4,1.0
0.23357214690901226,0.3684210526315789,5,1.0
0.23357214690901226,0.3684210526315789,6,1.0
0.23357214690901226,0.3684210526315789,7,0.075
0.23357214690901226,0.3684210526315789,8,0.01
0.23357214690901226,0.3684210526315789,9,1.0
0.23357214690901226,0.3684210526315789,10,0.01
0.23357214690901226,0.3684210526315789,11,1.0
0.23357214690901226,0.3684210526315789,12,0.035
0.23357214690901226,0.3684210526315789,13,1.0
0.23357214690901226,0.3684210526315789,14,0.03
0.23357214690901226,0.3684210526315789,15,1.0
0.23357214690901226,0.3684210526315789,16,0.015
0.23357214690901226,0.3684210526315789,17,1.0
0.23357214690901226,0.3684210526315789,18,0.01
0.23357214690901226,0.3684210526315789,19,0.01
0.23357214690901226,0.39473684210526316,0,1.0
0.23357214690901226,0.39473684210526316,1,0.025
0.23357214690901226,0.39473684210526316,2,1.0
0.23357214690901226,0.39473684210526316,3,1.0
0.23357214690901226,0.39473684210526316,4,0.45
0.23357214690901226,0.39473684210526316,5,0.015
0.23357214690901226,0.39473684210526316,6,0.025
0.23357214690901226,0.39473684210526316,7,1.0
0.23357214690901226,0.39473684210526316,8,0.015
0.23357214690901226,0.39473684210526316,9,1.0
0.23357214690901226,0.39473684210526316,10,0.015
0.23357214690901226,0.39473684210526316,11,1.0
0.23357214690901226,0.39473684210526316,12,0.03
0.23357214690901226,0.39473684210526316,13,1.0
0.23357214690901226,0.39473684210526316,14,0.01
0.23357214690901226,0.39473684210526316,15,1.0
0.23357214690901226,0.39473684210526316,16,0.055
0.23357214690901226,0.39473684210526316,17,1.0
0.23357214690901226,0.39473684210526316,18,1.0
0.23357214690901226,0.39473684210526316,19,0.065
0.23357214690901226,0.42105263157894735,0,0.02
0.23357214690901226,0.42105263157894735,1,0.02
0.23357214690901226,0.42105263157894735,2,1.0
0.23357214690901226,0.42105263157894735,3,0.02
0.23357214690901226,0.42105263157894735,4,0.01
0.23357214690901226,0.42105263157894735,5,1.0
0.23357214690901226,0.42105263157894735,6,0.02
0.23357214690901226,0.42105263157894735,7,0.055
0.23357214690901226,0.42105263157894735,8,1.0
0.23357214690901226,0.42105263157894735,9,0.01
0.23357214690901226,0.42105263157894735,10,0.015
0.23357214690901226,0.42105263157894735,11,0.035
0.23357214690901226,0.42105263157894735,12,0.03
0.23357214690901226,0.42105263157894735,13,1.0
0.23357214690901226,0.42105263157894735,14,1.0
0.23357214690901226,0.42105263157894735,15,0.01
0.23357214690901226,0.42105263157894735,16,1.0
0.23357214690901226,0.42105263157894735,17,1.0
0.23357214690901226,0.42105263157894735,18,0.01
0.23357214690901226,0.42105263157894735,19,1.0
0.23357214690901226,0.4473684210526315,0,0.045
0.23357214690901226,0.4473684210526315,1,1.0
0.23357214690901226,0.4473684210526315,2,0.05
0.23357214690901226,0.4473684210526315,3,0.035
0.23357214690901226,0.4473684210526315,4,0.015
0.23357214690901226,0.4473684210526315,5,1.0
0.23357214690901226,0.4473684210526315,6,0.055
0.23357214690901226,0.4473684210526315,7,1.0
0.23357214690901226,0.4473684210526315,8,1.0
0.23357214690901226,0.4473684210526315,9,0.01
0.23357214690901226,0.4473684210526315,10,0.01
0.23357214690901226,0.4473684210526315,11,0.04
0.23357214690901226,0.4473684210526315,12,0.01
0.23357214690901226,0.4473684210526315,13,0.015
0.23357214690901226,0.4473684210526315,14,0.025
0.23357214690901226,0.4473684210526315,15,0.045
0.23357214690901226,0.4473684210526315,16,0.055
0.23357214690901226,0.4473684210526315,17,0.015
0.23357214690901226,0.4473684210526315,18,1.0
0.23357214690901226,0.4473684210526315,19,0.04
0.23357214690901226,0.47368421052631576,0,1.0
0.23357214690901226,0.47368421052631576,1,1.0
0.23357214690901226,0.47368421052631576,2,0.01
0.23357214690901226,0.47368421052631576,3,0.01
0.23357214690901226,0.47368421052631576,4,0.01
0.23357214690901226,0.47368421052631576,5,1.0
0.23357214690901226,0.47368421052631576,6,1.0
0.23357214690901226,0.47368421052631576,7,0.01
0.23357214690901226,0.47368421052631576,8,0.035
0.23357214690901226,0.47368421052631576,9,0.025
0.23357214690901226,0.47368421052631576,10,0.015
0.23357214690901226,0.47368421052631576,11,1.0
0.23357214690901226,0.47368421052631576,12,0.01
0.23357214690901226,0.47368421052631576,13,0.03
0.23357214690901226,0.47368421052631576,14,1.0
0.23357214690901226,0.47368421052631576,15,0.01
0.23357214690901226,0.47368421052631576,16,0.05
0.23357214690901226,0.47368421052631576,17,1.0
0.23357214690901226,0.47368421052631576,18,0.015
0.23357214690901226,0.47368421052631576,19,1.0
0.23357214690901226,0.5,0,0.015
0.23357214690901226,0.5,1,1.0
0.23357214690901226,0.5,2,0.02
0.23357214690901226,0.5,3,0.01
0.23357214690901226,0.5,4,0.04
0.23357214690901226,0.5,5,0.01
0.23357214690901226,0.5,6,1.0
0.23357214690901226,0.5,7,1.0
0.23357214690901226,0.5,8,1.0
0.23357214690901226,0.5,9,1.0
0.23357214690901226,0.5,10,1.0
0.23357214690901226,0.5,11,1.0
0.23357214690901226,0.5,12,1.0
0.23357214690901226,0.5,13,0.03
0.23357214690901226,0.5,14,1.0
0.23357214690901226,0.5,15,1.0
0.23357214690901226,0.5,16,1.0
0.23357214690901226,0.5,17,1.0
0.23357214690901226,0.5,18,0.01
0.23357214690901226,0.5,19,0.015
0.3359818286283781,0.0,0,1.0
0.3359818286283781,0.0,1,1.0
0.3359818286283781,0.0,2,1.0
0.3359818286283781,0.0,3,1.0
0.3359818286283781,0.0,4,1.0
0.3359818286283781,0.0,5,1.0
0.3359818286283781,0.0,6,1.0
0.3359818286283781,0.0,7,1.0
0.3359818286283781,0.0,8,1.0
0.3359818286283781,0.0,9,1.0
0.3359818286283781,0.0,10,1.0
0.3359818286283781,0.0,11,1.0
0.3359818286283781,0.0,12,1.0
0.3359818286283781,0.0,13,1.0
0.3359818286283781,0.0,14,1.0
0.3359818286283781,0.0,15,1.0
0.3359818286283781,0.0,16,1.0
0.3359818286283781,0.0,17,1.0
0.3359818286283781,0.0,18,1.0
0.3359818286283781,0.0,19,1.0
0.3359818286283781,0.02631578947368421,0,0.01
0.3359818286283781,0.02631578947368421,1,1.0
0.3359818286283781,0.02631578947368421,2,1.0
0.3359818286283781,0.02631578947368421,3,1.0
0.3359818286283781,0.02631578947368421,4,1.0
0.3359818286283781,0.02631578947368421,5,1.0
0.3359818286283781,0.02631578947368421,6,1.0
0.3359818286283781,0.02631578947368421,7,1.0
0.3359818286283781,0.02631578947368421,8,1.0
0.3359818286283781,0.02631578947368421,9,1.0
0.3359818286283781,0.02631578947368421,10,1.0
0.3359818286283781,0.02631578947368421,11,1.0
0.3359818286283781,0.02631578947368421,12,1.0
0.3359818286283781,0.02631578947368421,13,1.0
0.3359818286283781,0.02631578947368421,14,1.0
0.3359818286283781,0.02631578947368421,15,1.0
0.3359818286283781,0.02631578947368421,16,1.0
0.3359818286283781,0.02631578947368421,17,1.0
0.3359818286283781,0.02631578947368421,18,1.0
0.3359818286283781,0.02631578947368421,19,1.0
0.3359818286283781,0.05263157894736842,0,1.0
0.3359818286283781,0.05263157894736842,1,1.0
0.3359818286283781,0.05263157894736842,2,1.0
0.3359818286283781,0.05263157894736842,3,1.0
0.3359818286283781,0.05263157894736842,4,1.0
0.3359818286283781,0.05263157894736842,5,1.0
0.3359818286283781,0.05263157894736842,6,0.01
0.3359818286283781,0.05263157894736842,7,1.0
0.3359818286283781,0.05263157894736842,8,1.0
0.3359818286283781,0.05263157894736842,9,0.055
0.3359818286283781,0.05263157894736842,10,1.0
0.3359818286283781,0.05263157894736842,11,1.0
0.3359818286283781,0.05263157894736842,12,1.0
0.3359818286283781,0.05263157894736842,13,1.0
0.3359818286283781,0.05263157894736842,14,1.0
0.3359818286283781,0.05263157894736842,15,1.0
0.3359818286283781,0.05263157894736842,16,1.0
0.3359818286283781,0.05263157894736842,17,1.0
0.3359818286283781,0.05263157894736842,18,1.0
0.3359818286283781,0.05263157894736842,19,1.0
0.3359818286283781,0.07894736842105263,0,0.025
0.3359818286283781,0.07894736842105263,1,0.005
0.3359818286283781,0.07894736842105263,2,0.005
0.3359818286283781,0.07894736842105263,3,1.0
0.3359818286283781,0.07894736842105263,4,1.0
0.3359818286283781,0.07894736842105263,5,1.0
0.3359818286283781,0.07894736842105263,6,1.0
0.3359818286283781,0.07894736842105263,7,1.0
0.3359818286283781,0.07894736842105263,8,1.0
0.3359818286283781,0.07894736842105263,9,1.0
0.3359818286283781,0.07894736842105263,10,1.0
0.3359818286283781,0.07894736842105263,11,1.0
0.3359818286283781,0.07894736842105263,12,1.0
0.3359818286283781,0.07894736842105263,13,1.0
0.3359818286283781,0.07894736842105263,14,1.0
0.3359818286283781,0.07894736842105263,15,1.0
0.3359818286283781,0.07894736842105263,16,0.005
0.3359818286283781,0.07894736842105263,17,1.0
0.3359818286283781,0.07894736842105263,18,0.015
0.3359818286283781,0.07894736842105263,19,1.0
0.3359818286283781,0.10526315789473684,0,1.0
0.3359818286283781,0.10526315789473684,1,1.0
0.3359818286283781,0.10526315789473684,2,0.005
0.3359818286283781,0.10526315789473684,3,0.015
0.3359818286283781,0.10526315789473684,4,1.0
0.3359818286283781,0.10526315789473684,5,1.0
0.3359818286283781,0.10526315789473684,6,0.02
0.3359818286283781,0.10526315789473684,7,1.0
0.3359818286283781,0.10526315789473684,8,1.0
0.3359818286283781,0.10526315789473684,9,0.19
0.3359818286283781,0.10526315789473684,10,1.0
0.3359818286283781,0.10526315789473684,11,1.0
0.3359818286283781,0.10526315789473684,12,1.0
0.3359818286283781,0.10526315789473684,13,1.0
0.3359818286283781,0.10526315789473684,14,1.0
0.3359818286283781,0.10526315789473684,15,1.0
0.3359818286283781,0.10526315789473684,16,1.0
0.3359818286283781,0.10526315789473684,17,1.0
0.3359818286283781,0.10526315789473684,18,1.0
0.3359818286283781,0.10526315789473684,19,0.045
0.3359818286283781,0.13157894736842105,0,1.0
0.3359818286283781,0.13157894736842105,1,1.0
0.3359818286283781,0.13157894736842105,2,1.0
0.3359818286283781,0.13157894736842105,3,1.0
0.3359818286283781,0.13157894736842105,4,0.035
0.3359818286283781,0.13157894736842105,5,0.04
0.3359818286283781,0.13157894736842105,6,1.0
0.3359818286283781,0.13157894736842105,7,1.0
0.3359818286283781,0.13157894736842105,8,0.01
0.3359818286283781,0.13157894736842105,9,1.0
0.3359818286283781,0.13157894736842105,10,0.005
0.3359818286283781,0.13157894736842105,11,0.005
0.3359818286283781,0.13157894736842105,12,0.05
0.3359818286283781,0.13157894736842105,13,1.0
0.3359818286283781,0.13157894736842105,14,0.185
0.3359818286283781,0.13157894736842105,15,1.0
0.3359818286283781,0.13157894736842105,16,1.0
0.3359818286283781,0.13157894736842105,17,1.0
0.3359818286283781,0.13157894736842105,18,1.0
0.3359818286283781,0.13157894736842105,19,0.005
0.3359818286283781,0.15789473684210525,0,1.0
0.3359818286283781,0.15789473684210525,1,1.0
0.3359818286283781,0.15789473684210525,2,0.055
0.3359818286283781,0.15789473684210525,3,0.005
0.3359818286283781,0.15789473684210525,4,0.01
0.3359818286283781,0.15789473684210525,5,1.0
0.3359818286283781,0.15789473684210525,6,0.02
0.3359818286283781,0.15789473684210525,7,1.0
0.3359818286283781,0.15789473684210525,8,0.045
0.3359818286283781,0.15789473684210525,9,0.005
0.3359818286283781,0.15789473684210525,10,0.055
0.3359818286283781,0.15789473684210525,11,1.0
0.3359818286283781,0.15789473684210525,12,0.05
0.3359818286283781,0.15789473684210525,13,1.0
0.3359818286283781,0.15789473684210525,14,1.0
0.3359818286283781,0.15789473684210525,15,1.0
0.3359818286283781,0.15789473684210525,16,1.0
0.3359818286283781,0.15789473684210525,17,0.185
0.3359818286283781,0.15789473684210525,18,1.0
0.3359818286283781,0.15789473684210525,19,0.03
0.3359818286283781,0.18421052631578946,0,1.0
0.3359818286283781,0.18421052631578946,1,1.0
0.3359818286283781,0.18421052631578946,2,1.0
0.3359818286283781,0.18421052631578946,3,1.0
0.3359818286283781,0.18421052631578946,4,1.0
0.3359818286283781,0.18421052631578946,5,1.0
0.3359818286283781,0.18421052631578946,6,1.0
0.3359818286283781,0.18421052631578946,7,1.0
0.3359818286283781,0.18421052631578946,8,1.0
0.3359818286283781,0.18421052631578946,9,0.005
0.3359818286283781,0.18421052631578946,10,1.0
0.3359818286283781,0.18421052631578946,11,1.0
0.3359818286283781,0.18421052631578946,12,1.0
0.3359818286283781,0.18421052631578946,13,0.01
0.3359818286283781,0.18421052631578946,14,1.0
0.3359818286283781,0.18421052631578946,15,1.0
0.3359818286283781,0.18421052631578946,16,1.0
0.3359818286283781,0.18421052631578946,17,0.02
0.3359818286283781,0.18421052631578946,18,0.01
0.3359818286283781,0.18421052631578946,19,1.0
0.3359818286283781,0.21052631578947367,0,0.01
0.3359818286283781,0.21052631578947367,1,0.02
0.3359818286283781,0.21052631578947367,2,0.08
0.3359818286283781,0.21052631578947367,3,1.0
0.3359818286283781,0.21052631578947367,4,1.0
0.3359818286283781,0.21052631578947367,5,1.0
0.3359818286283781,0.21052631578947367,6,0.005
0.3359818286283781,0.21052631578947367,7,0.19
0.3359818286283781,0.21052631578947367,8,0.035
0.3359818286283781,0.21052631578947367,9,1.0
0.3359818286283781,0.21052631578947367,10,0.015
0.3359818286283781,0.21052631578947367,11,0.03
0.3359818286283781,0.21052631578947367,12,0.005
0.3359818286283781,0.21052631578947367,13,1.0
0.3359818286283781,0.21052631578947367,14,0.005
0.3359818286283781,0.21052631578947367,15,0.025
0.3359818286283781,0.21052631578947367,16,1.0
0.3359818286283781,0.21052631578947367,17,1.0
0.3359818286283781,0.21052631578947367,18,0.19
0.3359818286283781,0.21052631578947367,19,1.0
0.3359818286283781,0.23684210526315788,0,0.005
0.3359818286283781,0.23684210526315788,1,0.03
0.3359818286283781,0.23684210526315788,2,1.0
0.3359818286283781,0.23684210526315788,3,0.06
0.3359818286283781,0.23684210526315788,4,1.0
0.3359818286283781,0.23684210526315788,5,0.055
0.3359818286283781,0.23684210526315788,6,1.0
0.3359818286283781,0.23684210526315788,7,0.02
0.3359818286283781,0.23684210526315788,8,1.0
0.3359818286283781,0.23684210526315788,9,0.005
0.3359818286283781,0.23684210526315788,10,0.005
0.3359818286283781,0.23684210526315788,11,0.005
0.3359818286283781,0.23684210526315788,12,1.0
0.3359818286283781,0.23684210526315788,13,1.0
0.3359818286283781,0.23684210526315788,14,0.005
0.3359818286283781,0.23684210526315788,15,1.0
0.3359818286283781,0.23684210526315788,16,0.035
0.3359818286283781,0.23684210526315788,17,1.0
0.3359818286283781,0.23684210526315788,18,0.03
0.3359818286283781,0.23684210526315788,19,1.0
0.3359818286283781,0.2631578947368421,0,1.0
0.3359818286283781,0.2631578947368421,1,0.005
0.3359818286283781,0.2631578947368421,2,0.005
0.3359818286283781,0.2631578947368421,3,0.01
0.3359818286283781,0.2631578947368421,4,0.02
0.3359818286283781,0.2631578947368421,5,1.0
0.3359818286283781,0.2631578947368421,6,1.0
0.3359818286283781,0.2631578947368421,7,0.06
0.3359818286283781,0.2631578947368421,8,0.025
0.3359818286283781,0.2631578947368421,9,1.0
0.3359818286283781,0.2631578947368421,10,0.03
0.3359818286283781,0.2631578947368421,11,0.01
0.3359818286283781,0.2631578947368421,12,1.0
0.3359818286283781,0.2631578947368421,13,0.055
0.3359818286283781,0.2631578947368421,14,1.0
0.3359818286283781,0.2631578947368421,15,1.0
0.3359818286283781,0.2631578947368421,16,1.0
0.3359818286283781,0.2631578947368421,17,0.05
0.3359818286283781,0.2631578947368421,18,1.0
0.3359818286283781,0.2631578947368421,19,1.0
0.3359818286283781,0.2894736842105263,0,1.0
0.3359818286283781,0.2894736842105263,1,0.02
0.3359818286283781,0.2894736842105263,2,0.025
0.3359818286283781,0.2894736842105263,3,1.0
0.3359818286283781,0.2894736842105263,4,0.01
0.3359818286283781,0.2894736842105263,5,1.0
0.3359818286283781,0.2894736842105263,6,1.0
0.3359818286283781,0.2894736842105263,7,0.035
0.3359818286283781,0.2894736842105263,8,0.015
0.3359818286283781,0.2894736842105263,9,0.025
0.3359818286283781,0.2894736842105263,10,0.01
0.3359818286283781,0.2894736842105263,11,1.0
0.3359818286283781,0.2894736842105263,12,0.01
0.3359818286283781,0.2894736842105263,13,1.0
0.3359818286283781,0.2894736842105263,14,0.005
0.3359818286283781,0.2894736842105263,15,1.0
0.3359818286283781,0.2894736842105263,16,1.0
0.3359818286283781,0.2894736842105263,17,0.055
0.3359818286283781,0.2894736842105263,18,1.0
0.3359818286283781,0.2894736842105263,19,0.05
0.3359818286283781,0.3157894736842105,0,0.005
0.3359818286283781,0.3157894736842105,1,1.0
0.3359818286283781,0.3157894736842105,2,1.0
0.3359818286283781,0.3157894736842105,3,0.01
0.3359818286283781,0.3157894736842105,4,0.005
0.3359818286283781,0.3157894736842105,5,0.01
0.3359818286283781,0.3157894736842105,6,0.035
0.3359818286283781,0.3157894736842105,7,1.0
0.3359818286283781,0.3157894736842105,8,0.02
0.3359818286283781,0.3157894736842105,9,1.0
0.3359818286283781,0.3157894736842105,10,0.005
0.3359818286283781,0.3157894736842105,11,0.015
0.3359818286283781,0.3157894736842105,12,0.005
0.3359818286283781,0.3157894736842105,13,0.02
0.3359818286283781,0.3157894736842105,14,1.0
0.3359818286283781,0.3157894736842105,15,1.0
0.3359818286283781,0.3157894736842105,16,0.015
0.3359818286283781,0.3157894736842105,17,0.01
0.3359818286283781,0.3157894736842105,18,0.025
0.3359818286283781,0.3157894736842105,19,1.0
0.3359818286283781,0.3421052631578947,0,0.005
0.3359818286283781,0.3421052631578947,1,1.0
0.3359818286283781,0.3421052631578947,2,0.02
0.3359818286283781,0.3421052631578947,3,1.0
0.3359818286283781,0.3421052631578947,4,1.0
0.3359818286283781,0.3421052631578947,5,0.05
0.3359818286283781,0.3421052631578947,6,1.0
0.3359818286283781,0.3421052631578947,7,0.005
0.3359818286283781,0.3421052631578947,8,1.0
0.3359818286283781,0.3421052631578947,9,0.005
0.3359818286283781,0.3421052631578947,10,0.025
0.3359818286283781,0.3421052631578947,11,0.02
0.3359818286283781,0.3421052631578947,12,1.0
0.3359818286283781,0.3421052631578947,13,1.0
0.3359818286283781,0.3421052631578947,14,0.01
0.3359818286283781,0.3421052631578947,15,0.01
0.3359818286283781,0.3421052631578947,16,0.005
0.3359818286283781,0.3421052631578947,17,1.0
0.3359818286283781,0.3421052631578947,18,0.02
0.3359818286283781,0.3421052631578947,19,1.0
0.3359818286283781,0.3684210526315789,0,1.0
0.3359818286283781,0.3684210526315789,1,0.005
0.3359818286283781,0.3684210526315789,2,0.01
0.3359818286283781,0.3684210526315789,3,0.03
0.3359818286283781,0.3684210526315789,4,0.02
0.3359818286283781,0.3684210526315789,5,0.005
0.3359818286283781,0.3684210526315789,6,0.005
0.3359818286283781,0.3684210526315789,7,0.02
0.3359818286283781,0.3684210526315789,8,0.005
0.3359818286283781,0.3684210526315789,9,0.005
0.3359818286283781,0.3684210526315789,10,1.0
0.3359818286283781,0.3684210526315789,11,0.005
0.3359818286283781,0.3684210526315789,12,1.0
0.3359818286283781,0.3684210526315789,13,1.0
0.3359818286283781,0.3684210526315789,14,1.0
0.3359818286283781,0.3684210526315789,15,0.03
0.3359818286283781,0.3684210526315789,16,0.01
0.3359818286283781,0.3684210526315789,17,0.01
0.3359818286283781,0.3684210526315789,18,1.0
0.3359818286283781,0.3684210526315789,19,1.0
0.3359818286283781,0.39473684210526316,0,0.02
0.3359818286283781,0.39473684210526316,1,0.01
0.3359818286283781,0.39473684210526316,2,1.0
0.3359818286283781,0.39473684210526316,3,0.01
0.3359818286283781,0.39473684210526316,4,1.0
0.3359818286283781,0.39473684210526316,5,1.0
0.3359818286283781,0.39473684210526316,6,1.0
0.3359818286283781,0.39473684210526316,7,0.005
0.3359818286283781,0.39473684210526316,8,0.035
0.3359818286283781,0.39473684210526316,9,1.0
0.3359818286283781,0.39473684210526316,10,1.0
0.3359818286283781,0.39473684210526316,11,1.0
0.3359818286283781,0.39473684210526316,12,0.03
0.3359818286283781,0.39473684210526316,13,0.005
0.3359818286283781,0.39473684210526316,14,0.005
0.3359818286283781,0.39473684210526316,15,0.005
0.3359818286283781,0.39473684210526316,16,0.025
0.3359818286283781,0.39473684210526316,17,0.005
0.3359818286283781,0.39473684210526316,18,0.015
0.3359818286283781,0.39473684210526316,19,0.005
0.3359818286283781,0.42105263157894735,0,0.005
0.3359818286283781,0.42105263157894735,1,0.035
0.3359818286283781,0.42105263157894735,2,0.035
0.3359818286283781,0.42105263157894735,3,0.005
0.3359818286283781,0.42105263157894735,4,0.035
0.3359818286283781,0.42105263157894735,5,0.005
0.3359818286283781,0.42105263157894735,6,0.01
0.3359818286283781,0.42105263157894735,7,1.0
0.3359818286283781,0.42105263157894735,8,0.005
0.3359818286283781,0.42105263157894735,9,0.005
0.3359818286283781,0.42105263157894735,10,0.005
0.3359818286283781,0.42105263157894735,11,1.0
0.3359818286283781,0.42105263157894735,12,0.01
0.3359818286283781,0.42105263157894735,13,1.0
0.3359818286283781,0.42105263157894735,14,0.005
0.3359818286283781,0.42105263157894735,15,0.005
0.3359818286283781,0.42105263157894735,16,1.0
0.3359818286283781,0.42105263157894735,17,0.025
0.3359818286283781,0.42105263157894735,18,0.005
0.3359818286283781,0.42105263157894735,19,0.025
0.3359818286283781,0.4473684210526315,0,1.0
0.3359818286283781,0.4473684210526315,1,0.005
0.3359818286283781,0.4473684210526315,2,0.03
0.3359818286283781,0.4473684210526315,3,0.005
0.3359818286283781,0.4473684210526315,4,0.015
0.3359818286283781,0.4473684210526315,5,1.0
0.3359818286283781,0.4473684210526315,6,0.025
0.3359818286283781,0.4473684210526315,7,0.005
0.3359818286283781,0.4473684210526315,8,0.005
0.3359818286283781,0.4473684210526315,9,0.01
0.3359818286283781,0.4473684210526315,10,0.005
0.3359818286283781,0.4473684210526315,11,0.005
0.3359818286283781,0.4473684210526315,12,0.005
0.3359818286283781,0.4473684210526315,13,1.0
0.3359818286283781,0.4473684210526315,14,0.06
0.3359818286283781,0.4473684210526315,15,0.02
0.3359818286283781,0.4473684210526315,16,0.005
0.3359818286283781,0.4473684210526315,17,0.02
0.3359818286283781,0.4473684210526315,18,1.0
0.3359818286283781,0.4473684210526315,19,0.01
0.3359818286283781,0.47368421052631576,0,0.02
0.3359818286283781,0.47368421052631576,1,0.03
0.3359818286283781,0.47368421052631576,2,0.035
0.3359818286283781,0.47368421052631576,3,0.01
0.3359818286283781,0.47368421052631576,4,0.02
0.3359818286283781,0.47368421052631576,5,0.005
0.3359818286283781,0.47368421052631576,6,1.0
0.3359818286283781,0.47368421052631576,7,0.015
0.3359818286283781,0.47368421052631576,8,0.005
0.3359818286283781,0.47368421052631576,9,0.03
0.3359818286283781,0.47368421052631576,10,0.005
0.3359818286283781,0.47368421052631576,11,0.015
0.3359818286283781,0.47368421052631576,12,0.015
0.3359818286283781,0.47368421052631576,13,0.03
0.3359818286283781,0.47368421052631576,14,1.0
0.3359818286283781,0.47368421052631576,15,0.025
0.3359818286283781,0.47368421052631576,16,0.01
0.3359818286283781,0.47368421052631576,17,0.035
0.3359818286283781,0.47368421052631576,18,0.01
0.3359818286283781,0.47368421052631576,19,0.005
0.3359818286283781,0.5,0,0.04
0.3359818286283781,0.5,1,0.045
0.3359818286283781,0.5,2,0.02
0.3359818286283781,0.5,3,0.015
0.3359818286283781,0.5,4,0.005
0.3359818286283781,0.5,5,0.015
0.3359818286283781,0.5,6,0.015
0.3359818286283781,0.5,7,0.015
0.3359818286283781,0.5,8,0.005
0.3359818286283781,0.5,9,0.005
0.3359818286283781,0.5,10,1.0
0.3359818286283781,0.5,11,0.03
0.3359818286283781,0.5,12,0.02
0.3359818286283781,0.5,13,0.015
0.3359818286283781,0.5,14,0.005
0.3359818286283781,0.5,15,0.01
0.3359818286283781,0.5,16,0.025
0.3359818286283781,0.5,17,0.02
0.3359818286283781,0.5,18,0.02
0.3359818286283781,0.5,19,1.0
0.483293023857175,0.0,0,1.0
0.483293023857175,0.0,1,1.0
0.483293023857175,0.0,2,1.0
0.483293023857175,0.0,3,1.0
0.483293023857175,0.0,4,1.0
0.483293023857175,0.0,5,1.0
0.483293023857175,0.0,6,1.0
0.483293023857175,0.0,7,1.0
0.483293023857175,0.0,8,1.0
0.483293023857175,0.0,9,1.0
0.483293023857175,0.0,10,1.0
0.483293023857175,0.0,11,1.0
0.483293023857175,0.0,12,1.0
0.483293023857175,0.0,13,1.0
0.483293023857175,0.0,14,1.0
0.483293023857175,0.0,15,1.0
0.483293023857175,0.0,16,1.0
0.483293023857175,0.0,17,1.0
0.483293023857175,0.0,18,1.0
0.483293023857175,0.0,19,1.0
0.483293023857175,0.02631578947368421,0,1.0
0.483293023857175,0.02631578947368421,1,1.0
0.483293023857175,0.02631578947368421,2,1.0
0.483293023857175,0.02631578947368421,3,1.0
0.483293023857175,0.02631578947368421,4,1.0
0.483293023857175,0.02631578947368421,5,1.0
0.483293023857175,0.02631578947368421,6,1.0
0.483293023857175,0.02631578947368421,7,1.0
0.483293023857175,0.02631578947368421,8,1.0
0.483293023857175,0.02631578947368421,9,1.0
0.483293023857175,0.02631578947368421,10,1.0
0.483293023857175,0.02631578947368421,11,1.0
0.483293023857175,0.02631578947368421,12,1.0
0.483293023857175,0.02631578947368421,13,1.0
0.483293023857175,0.02631578947368421,14,1.0
0.483293023857175,0.02631578947368421,15,1.0
0.483293023857175,0.02631578947368421,16,1.0
0.483293023857175,0.02631578947368421,17,0.02
0.483293023857175,0.02631578947368421,18,1.0
0.483293023857175,0.02631578947368421,19,1.0
0.483293023857175,0.05263157894736842,0,1.0
0.483293023857175,0.05263157894736842,1,1.0
0.483293023857175,0.05263157894736842,2,1.0
0.483293023857175,0.05263157894736842,3,1.0
0.483293023857175,0.05263157894736842,4,1.0
0.483293023857175,0.05263157894736842,5,0.19
0.483293023857175,0.05263157894736842,6,1.0
0.483293023857175,0.05263157894736842,7,1.0
0.483293023857175,0.05263157894736842,8,1.0
0.483293023857175,0.05263157894736842,9,0.005
0.483293023857175,0.05263157894736842,10,1.0
0.483293023857175,0.05263157894736842,11,1.0
0.483293023857175,0.05263157894736842,12,1.0
0.483293023857175,0.05263157894736842,13,1.0
0.483293023857175,0.05263157894736842,14,1.0
0.483293023857175,0.05263157894736842,15,1.0
0.483293023857175,0.05263157894736842,16,1.0
0.483293023857175,0.05263157894736842,17,1.0
0.483293023857175,0.05263157894736842,18,1.0
0.483293023857175,0.05263157894736842,19,1.0
0.483293023857175,0.07894736842105263,0,0.045
0.483293023857175,0.07894736842105263,1,0.015
0.483293023857175,0.07894736842105263,2,0.015
0.483293023857175,0.07894736842105263,3,1.0
0.483293023857175,0.07894736842105263,4,1.0
0.483293023857175,0.07894736842105263,5,1.0
0.483293023857175,0.07894736842105263,6,1.0
0.483293023857175,0.07894736842105263,7,0.05
0.483293023857175,0.07894736842105263,8,1.0
0.483293023857175,0.07894736842105263,9,1.0
0.483293023857175,0.07894736842105263,10,1.0
0.483293023857175,0.07894736842105263,11,1.0
0.483293023857175,0.07894736842105263,12,1.0
0.483293023857175,0.07894736842105263,13,1.0
0.483293023857175,0.07894736842105263,14,0.08
0.483293023857175,0.07894736842105263,15,1.0
0.483293023857175,0.07894736842105263,16,1.0
0.483293023857175,0.07894736842105263,17,1.0
0.483293023857175,0.07894736842105263,18,1.0
0.483293023857175,0.07894736842105263,19,1.0
0.483293023857175,0.10526315789473684,0,1.0
0.483293023857175,0.10526315789473684,1,1.0
0.483293023857175,0.10526315789473684,2,1.0
0.483293023857175,0.10526315789473684,3,1.0
0.483293023857175,0.10526315789473684,4,1.0
0.483293023857175,0.10526315789473684,5,1.0
0.483293023857175,0.10526315789473684,6,1.0
0.483293023857175,0.10526315789473684,7,1.0
0.483293023857175,0.10526315789473684,8,0.01
0.483293023857175,0.10526315789473684,9,1.0
0.483293023857175,0.10526315789473684,10,0.015
0.483293023857175,0.10526315789473684,11,1.0
0.483293023857175,0.10526315789473684,12,1.0
0.483293023857175,0.10526315789473684,13,0.005
0.483293023857175,0.10526315789473684,14,0.005
0.483293023857175,0.10526315789473684,15,1.0
0.483293023857175,0.10526315789473684,16,1.0
0.483293023857175,0.10526315789473684,17,0.015
0.483293023857175,0.10526315789473684,18,0.005
0.483293023857175,0.10526315789473684,19,0.015
0.483293023857175,0.13157894736842105,0,1.0
0.483293023857175,0.13157894736842105,1,0.01
0.483293023857175,0.13157894736842105,2,1.0
0.483293023857175,0.13157894736842105,3,1.0
0.483293023857175,0.13157894736842105,4,0.19
0.483293023857175,0.13157894736842105,5,1.0
0.483293023857175,0.13157894736842105,6,1.0
0.483293023857175,0.13157894736842105,7,1.0
0.483293023857175,0.13157894736842105,8,1.0
0.483293023857175,0.13157894736842105,9,1.0
0.483293023857175,0.13157894736842105,10,0.015
0.483293023857175,0.13157894736842105,11,0.035
0.483293023857175,0.13157894736842105,12,1.0
0.483293023857175,0.13157894736842105,13,0.01
0.483293023857175,0.13157894736842105,14,0.02
0.483293023857175,0.13157894736842105,15,1.0
0.483293023857175,0.13157894736842105,16,1.0
0.483293023857175,0.13157894736842105,17,1.0
0.483293023857175,0.13157894736842105,18,1.0
0.483293023857175,0.13157894736842105,19,0.035
0.483293023857175,0.15789473684210525,0,0.05
0.483293023857175,0.15789473684210525,1,0.005
0.483293023857175,0.15789473684210525,2,0.02
0.483293023857175,0.15789473684210525,3,1.0
0.483293023857175,0.15789473684210525,4,1.0
0.483293023857175,0.15789473684210525,5,0.025
0.483293023857175,0.15789473684210525,6,0.01
0.483293023857175,0.15789473684210525,7,1.0
0.483293023857175,0.15789473684210525,8,1.0
0.483293023857175,0.15789473684210525,9,1.0
0.483293023857175,0.15789473684210525,10,0.02
0.483293023857175,0.15789473684210525,11,0.185
0.483293023857175,0.15789473684210525,12,1.0
0.483293023857175,0.15789473684210525,13,1.0
0.483293023857175,0.15789473684210525,14,1.0
0.483293023857175,0.15789473684210525,15,1.0
0.483293023857175,0.15789473684210525,16,0.005
0.483293023857175,0.15789473684210525,17,1.0
0.483293023857175,0.15789473684210525,18,1.0
0.483293023857175,0.15789473684210525,19,0.01
0.483293023857175,0.18421052631578946,0,0.015
0.483293023857175,0.18421052631578946,1,0.015
0.483293023857175,0.18421052631578946,2,0.035
0.483293023857175,0.18421052631578946,3,0.025
0.483293023857175,0.18421052631578946,4,1.0
0.483293023857175,0.18421052631578946,5,0.015
0.483293023857175,0.18421052631578946,6,0.055
0.483293023857175,0.18421052631578946,7,0.005
0.483293023857175,0.18421052631578946,8,0.025
0.483293023857175,0.18421052631578946,9,1.0
0.483293023857175,0.18421052631578946,10,1.0
0.483293023857175,0.18421052631578946,11,0.01
0.483293023857175,0.18421052631578946,12,1.0
0.483293023857175,0.18421052631578946,13,0.01
0.483293023857175,0.18421052631578946,14,0.045
0.483293023857175,0.18421052631578946,15,0.93
0.483293023857175,0.18421052631578946,16,1.0
0.483293023857175,0.18421052631578946,17,1.0
0.483293023857175,0.18421052631578946,18,1.0
0.483293023857175,0.18421052631578946,19,0.01
0.483293023857175,0.21052631578947367,0,0.09
0.483293023857175,0.21052631578947367,1,0.005
0.483293023857175,0.21052631578947367,2,0.075
0.483293023857175,0.21052631578947367,3,0.05
0.483293023857175,0.21052631578947367,4,1.0
0.483293023857175,0.21052631578947367,5,1.0
0.483293023857175,0.21052631578947367,6,1.0
0.483293023857175,0.21052631578947367,7,1.0
0.483293023857175,0.21052631578947367,8,0.005
0.483293023857175,0.21052631578947367,9,0.01
0.483293023857175,0.21052631578947367,10,0.005
0.483293023857175,0.21052631578947367,11,1.0
0.483293023857175,0.21052631578947367,12,0.005
0.483293023857175,0.21052631578947367,13,0.02
0.483293023857175,0.21052631578947367,14,0.015
0.483293023857175,0.21052631578947367,15,1.0
0.483293023857175,0.21052631578947367,16,1.0
0.483293023857175,0.21052631578947367,17,1.0
0.483293023857175,0.21052631578947367,18,0.01
0.483293023857175,0.21052631578947367,19,1.0
0.483293023857175,0.23684210526315788,0,0.005
0.483293023857175,0.23684210526315788,1,0.01
0.483293023857175,0.23684210526315788,2,0.005
0.483293023857175,0.23684210526315788,3,0.05
0.483293023857175,0.23684210526315788,4,1.0
0.483293023857175,0.23684210526315788,5,1.0
0.483293023857175,0.23684210526315788,6,0.045
0.483293023857175,0.23684210526315788,7,1.0
0.483293023857175,0.23684210526315788,8,1.0
0.483293023857175,0.23684210526315788,9,1.0
0.483293023857175,0.23684210526315788,10,0.005
0.483293023857175,0.23684210526315788,11,1.0
0.483293023857175,0.23684210526315788,12,0.015
0.483293023857175,0.23684210526315788,13,0.015
0.483293023857175,0.23684210526315788,14,0.03
0.483293023857175,0.23684210526315788,15,1.0
0.483293023857175,0.23684210526315788,16,1.0
0.483293023857175,0.23684210526315788,17,0.01
0.483293023857175,0.23684210526315788,18,1.0
0.483293023857175,0.23684210526315788,19,1.0
0.483293023857175,0.2631578947368421,0,0.005
0.483293023857175,0.2631578947368421,1,0.055
0.483293023857175,0.2631578947368421,2,0.005
0.483293023857175,0.2631578947368421,3,0.005
0.483293023857175,0.2631578947368421,4,0.005
0.483293023857175,0.2631578947368421,5,0.05
0.483293023857175,0.2631578947368421,6,0.015
0.483293023857175,0.2631578947368421,7,0.03
0.483293023857175,0.2631578947368421,8,0.02
0.483293023857175,0.2631578947368421,9,0.005
0.483293023857175,0.2631578947368421,10,0.015
0.483293023857175,0.2631578947368421,11,0.91
0.483293023857175,0.2631578947368421,12,0.01
0.483293023857175,0.2631578947368421,13,0.005
0.483293023857175,0.2631578947368421,14,0.015
0.483293023857175,0.2631578947368421,15,1.0
0.483293023857175,0.2631578947368421,16,0.055
0.483293023857175,0.2631578947368421,17,0.015
0.483293023857175,0.2631578947368421,18,0.055
0.483293023857175,0.2631578947368421,19,0.01
0.483293023857175,0.2894736842105263,0,0.025
0.483293023857175,0.2894736842105263,1,0.02
0.483293023857175,0.2894736842105263,2,1.0
0.483293023857175,0.2894736842105263,3,0.01
0.483293023857175,0.2894736842105263,4,0.005
0.483293023857175,0.2894736842105263,5,0.055
0.483293023857175,0.2894736842105263,6,0.03
0.483293023857175,0.2894736842105263,7,0.015
0.483293023857175,0.2894736842105263,8,0.015
0.483293023857175,0.2894736842105263,9,1.0
0.483293023857175,0.2894736842105263,10,0.005
0.483293023857175,0.2894736842105263,11,0.005
0.483293023857175,0.2894736842105263,12,0.01
0.483293023857175,0.2894736842105263,13,0.005
0.483293023857175,0.2894736842105263,14,0.04
0.483293023857175,0.2894736842105263,15,0.005
0.483293023857175,0.2894736842105263,16,0.015
0.483293023857175,0.2894736842105263,17,0.01
0.483293023857175,0.2894736842105263,18,0.005
0.483293023857175,0.2894736842105263,19,0.01
0.483293023857175,0.3157894736842105,0,0.005
0.483293023857175,0.3157894736842105,1,0.005
0.483293023857175,0.3157894736842105,2,0.035
0.483293023857175,0.3157894736842105,3,0.02
0.483293023857175,0.3157894736842105,4,0.005
0.483293023857175,0.3157894736842105,5,0.075
0.483293023857175,0.3157894736842105,6,0.05
0.483293023857175,0.3157894736842105,7,0.035
0.483293023857175,0.3157894736842105,8,0.04
0.483293023857175,0.3157894736842105,9,0.01
0.483293023857175,0.3157894736842105,10,0.015
0.483293023857175,0.3157894736842105,11,0.045
0.483293023857175,0.3157894736842105,12,0.015
0.483293023857175,0.3157894736842105,13,0.005
0.483293023857175,0.3157894736842105,14,0.01
0.483293023857175,0.3157894736842105,15,0.025
0.483293023857175,0.3157894736842105,16,0.01
0.483293023857175,0.3157894736842105,17,0.01
0.483293023857175,0.3157894736842105,18,1.0
0.483293023857175,0.3157894736842105,19,0.01
0.483293023857175,0.3421052631578947,0,0.005
0.483293023857175,0.3421052631578947,1,0.015
0.483293023857175,0.3421052631578947,2,0.05
0.483293023857175,0.3421052631578947,3,0.02
0.483293023857175,0.3421052631578947,4,0.005
0.483293023857175,0.3421052631578947,5,0.025
0.483293023857175,0.3421052631578947,6,0.02
0.483293023857175,0.3421052631578947,7,0.05
0.483293023857175,0.3421052631578947,8,0.01
0.483293023857175,0.3421052631578947,9,0.035
0.483293023857175,0.3421052631578947,10,0.05
0.483293023857175,0.3421052631578947,11,1.0
0.483293023857175,0.3421052631578947,12,0.005
0.483293023857175,0.3421052631578947,13,0.015
0.483293023857175,0.3421052631578947,14,0.01
0.483293023857175,0.3421052631578947,15,0.015
0.483293023857175,0.3421052631578947,16,0.015
0.483293023857175,0.3421052631578947,17,0.075
0.483293023857175,0.3421052631578947,18,0.01
0.483293023857175,0.3421052631578947,19,0.005
0.483293023857175,0.3684210526315789,0,0.005
0.483293023857175,0.3684210526315789,1,0.02
0.483293023857175,0.3684210526315789,2,0.015
0.483293023857175,0.3684210526315789,3,0.04
0.483293023857175,0.3684210526315789,4,0.005
0.483293023857175,0.3684210526315789,5,0.02
0.483293023857175,0.3684210526315789,6,0.01
0.483293023857175,0.3684210526315789,7,0.03
0.483293023857175,0.3684210526315789,8,0.05
0.483293023857175,0.3684210526315789,9,0.01
0.483293023857175,0.3684210526315789,10,0.015
0.483293023857175,0.3684210526315789,11,0.005
0.483293023857175,0.3684210526315789,12,0.005
0.483293023857175,0.3684210526315789,13,0.01
0.483293023857175,0.3684210526315789,14,0.015
0.483293023857175,0.3684210526315789,15,0.005
0.483293023857175,0.3684210526315789,16,0.01
0.483293023857175,0.3684210526315789,17,0.005
0.483293023857175,0.3684210526315789,18,0.015
0.483293023857175,0.3684210526315789,19,0.01
0.483293023857175,0.39473684210526316,0,0.005
0.483293023857175,0.39473684210526316,1,0.9400000000000001
0.483293023857175,0.39473684210526316,2,0.005
0.483293023857175,0.39473684210526316,3,0.015
0.483293023857175,0.39473684210526316,4,1.0
0.483293023857175,0.39473684210526316,5,0.04
0.483293023857175,0.39473684210526316,6,0.015
0.483293023857175,0.39473684210526316,7,0.005
0.483293023857175,0.39473684210526316,8,0.005
0.483293023857175,0.39473684210526316,9,0.015
0.483293023857175,0.39473684210526316,10,0.01
0.483293023857175,0.39473684210526316,11,0.015
0.483293023857175,0.39473684210526316,12,0.005
0.483293023857175,0.39473684210526316,13,0.005
0.483293023857175,0.39473684210526316,14,1.0
0.483293023857175,0.39473684210526316,15,0.045
0.483293023857175,0.39473684210526316,16,0.025
0.483293023857175,0.39473684210526316,17,0.03
0.483293023857175,0.39473684210526316,18,0.015
0.483293023857175,0.39473684210526316,19,0.005
0.483293023857175,0.42105263157894735,0,0.005
0.483293023857175,0.42105263157894735,1,0.005
0.483293023857175,0.42105263157894735,2,0.02
0.483293023857175,0.42105263157894735,3,1.0
0.483293023857175,0.42105263157894735,4,0.01
0.483293023857175,0.42105263157894735,5,0.035
0.483293023857175,0.42105263157894735,6,1.0
0.483293023857175,0.42105263157894735,7,0.005
0.483293023857175,0.42105263157894735,8,0.015
0.483293023857175,0.42105263157894735,9,0.005
0.483293023857175,0.42105263157894735,10,0.02
0.483293023857175,0.42105263157894735,11,0.005
0.483293023857175,0.42105263157894735,12,0.005
0.483293023857175,0.42105263157894735,13,0.03
0.483293023857175,0.42105263157894735,14,0.015
0.483293023857175,0.42105263157894735,15,1.0
0.483293023857175,0.42105263157894735,16,0.02
0.483293023857175,0.42105263157894735,17,0.015
0.483293023857175,0.42105263157894735,18,0.015
0.483293023857175,0.42105263157894735,19,0.005
0.483293023857175,0.4473684210526315,0,0.005
0.483293023857175,0.4473684210526315,1,0.015
0.483293023857175,0.4473684210526315,2,0.005
0.483293023857175,0.4473684210526315,3,0.055
0.483293023857175,0.4473684210526315,4,0.01
0.483293023857175,0.4473684210526315,5,0.005
0.483293023857175,0.4473684210526315,6,1.0
0.483293023857175,0.4473684210526315,7,0.005
0.483293023857175,0.4473684210526315,8,0.015
0.483293023857175,0.4473684210526315,9,0.005
0.483293023857175,0.4473684210526315,10,0.02
0.483293023857175,0.4473684210526315,11,0.03
0.483293023857175,0.4473684210526315,12,0.005
0.483293023857175,0.4473684210526315,13,0.035
0.483293023857175,0.4473684210526315,14,0.005
0.483293023857175,0.4473684210526315,15,0.01
0.483293023857175,0.4473684210526315,16,0.005
0.483293023857175,0.4473684210526315,17,0.02
0.483293023857175,0.4473684210526315,18,0.015
0.483293023857175,0.4473684210526315,19,0.005
0.483293023857175,0.47368421052631576,0,0.01
0.483293023857175,0.47368421052631576,1,0.05
0.483293023857175,0.47368421052631576,2,0.005
0.483293023857175,0.47368421052631576,3,0.015
0.483293023857175,0.47368421052631576,4,0.005
0.483293023857175,0.47368421052631576,5,0.005
0.483293023857175,0.47368421052631576,6,0.005
0.483293023857175,0.47368421052631576,7,0.01
0.483293023857175,0.47368421052631576,8,0.005
0.483293023857175,0.47368421052631576,9,0.02
0.483293023857175,0.47368421052631576,10,0.005
0.483293023857175,0.47368421052631576,11,0.01
0.483293023857175,0.47368421052631576,12,0.02
0.483293023857175,0.47368421052631576,13,0.005
0.483293023857175,0.47368421052631576,14,0.005
0.483293023857175,0.47368421052631576,15,0.005
0.483293023857175,0.47368421052631576,16,0.005
0.483293023857175,0.47368421052631576,17,0.005
0.483293023857175,0.47368421052631576,18,0.01
0.483293023857175,0.47368421052631576,19,0.005
0.483293023857175,0.5,0,0.01
0.483293023857175,0.5,1,0.005
0.483293023857175,0.5,2,0.005
0.483293023857175,0.5,3,0.025
0.483293023857175,0.5,4,0.005
0.483293023857175,0.5,5,0.005
0.483293023857175,0.5,6,0.005
0.483293023857175,0.5,7,0.005
0.483293023857175,0.5,8,0.015
0.483293023857175,0.5,9,0.01
0.483293023857175,0.5,10,0.025
0.483293023857175,0.5,11,0.015
0.483293023857175,0.5,12,0.005
0.483293023857175,0.5,13,0.005
0.483293023857175,0.5,14,0.015
0.483293023857175,0.5,15,0.015
0.483293023857175,0.5,16,0.045
0.483293023857175,0.5,17,0.005
0.483293023857175,0.5,18,0.005
0.483293023857175,0.5,19,0.05
0.6951927961775604,0.0,0,1.0
0.6951927961775604,0.0,1,1.0
0.6951927961775604,0.0,2,1.0
0.6951927961775604,0.0,3,1.0
0.6951927961775604,0.0,4,1.0
0.6951927961775604,0.0,5,1.0
0.6951927961775604,0.0,6,1.0
0.6951927961775604,0.0,7,1.0
0.6951927961775604,0.0,8,1.0
0.6951927961775604,0.0,9,1.0
0.6951927961775604,0.0,10,1.0
0.6951927961775604,0.0,11,1.0
0.6951927961775604,0.0,12,1.0
0.6951927961775604,0.0,13,1.0
0.6951927961775604,0.0,14,1.0
0.6951927961775604,0.0,15,1.0
0.6951927961775604,0.0,16,1.0
0.6951927961775604,0.0,17,1.0
0.6951927961775604,0.0,18,1.0
0.6951927961775604,0.0,19,1.0
0.6951927961775604,0.02631578947368421,0,1.0
0.6951927961775604,0.02631578947368421,1,0.71
0.6951927961775604,0.02631578947368421,2,0.015
0.6951927961775604,0.02631578947368421,3,1.0
0.6951927961775604,0.02631578947368421,4,1.0
0.6951927961775604,0.02631578947368421,5,1.0
0.6951927961775604,0.02631578947368421,6,1.0
0.6951927961775604,0.02631578947368421,7,1.0
0.6951927961775604,0.02631578947368421,8,1.0
0.6951927961775604,0.02631578947368421,9,0.01
0.6951927961775604,0.02631578947368421,10,1.0
0.6951927961775604,0.02631578947368421,11,1.0
0.6951927961775604,0.02631578947368421,12,1.0
0.6951927961775604,0.02631578947368421,13,0.91
0.6951927961775604,0.02631578947368421,14,0.015
0.6951927961775604,0.02631578947368421,15,1.0
0.6951927961775604,0.02631578947368421,16,1.0
0.6951927961775604,0.02631578947368421,17,0.005
0.6951927961775604,0.02631578947368421,18,1.0
0.6951927961775604,0.02631578947368421,19,0.055
0.6951927961775604,0.05263157894736842,0,1.0
0.6951927961775604,0.05263157894736842,1,1.0
0.6951927961775604,0.05263157894736842,2,0.065
0.6951927961775604,0.05263157894736842,3,0.005
0.6951927961775604,0.05263157894736842,4,0.035
0.6951927961775604,0.05263157894736842,5,0.025
0.6951927961775604,0.05263157894736842,6,1.0
0.6951927961775604,0.05263157894736842,7,0.04
0.6951927961775604,0.05263157894736842,8,1.0
0.6951927961775604,0.05263157894736842,9,1.0
0.6951927961775604,0.05263157894736842,10,0.01
0.6951927961775604,0.05263157894736842,11,1.0
0.6951927961775604,0.05263157894736842,12,1.0
0.6951927961775604,0.05263157894736842,13,1.0
0.6951927961775604,0.05263157894736842,14,0.055
0.6951927961775604,0.05263157894736842,15,1.0
0.6951927961775604,0.05263157894736842,16,1.0
0.6951927961775604,0.05263157894736842,17,1.0
0.6951927961775604,0.05263157894736842,18,1.0
0.6951927961775604,0.05263157894736842,19,0.015
0.6951927961775604,0.07894736842105263,0,1.0
0.6951927961775604,0.07894736842105263,1,0.015
0.6951927961775604,0.07894736842105263,2,0.015
0.6951927961775604,0.07894736842105263,3,0.195
0.6951927961775604,0.07894736842105263,4,1.0
0.6951927961775604,0.07894736842105263,5,0.025
0.6951927961775604,0.07894736842105263,6,1.0
0.6951927961775604,0.07894736842105263,7,0.315
0.6951927961775604,0.07894736842105263,8,1.0
0.6951927961775604,0.07894736842105263,9,1.0
0.6951927961775604,0.07894736842105263,10,0.005
0.6951927961775604,0.07894736842105263,11,0.025
0.6951927961775604,0.07894736842105263,12,0.03
0.6951927961775604,0.07894736842105263,13,1.0
0.6951927961775604,0.07894736842105263,14,0.03
0.6951927961775604,0.07894736842105263,15,0.025
0.6951927961775604,0.07894736842105263,16,1.0
0.6951927961775604,0.07894736842105263,17,1.0
0.6951927961775604,0.07894736842105263,18,1.0
0.6951927961775604,0.07894736842105263,19,0.01
0.6951927961775604,0.10526315789473684,0,1.0
0.6951927961775604,0.10526315789473684,1,1.0
0.6951927961775604,0.10526315789473684,2,1.0
0.6951927961775604,0.10526315789473684,3,1.0
0.6951927961775604,0.10526315789473684,4,0.015
0.6951927961775604,0.10526315789473684,5,0.005
0.6951927961775604,0.10526315789473684,6,0.005
0.6951927961775604,0.10526315789473684,7,0.005
0.6951927961775604,0.10526315789473684,8,0.055
0.6951927961775604,0.10526315789473684,9,1.0
0.6951927961775604,0.10526315789473684,10,0.015
0.6951927961775604,0.10526315789473684,11,0.035
0.6951927961775604,0.10526315789473684,12,1.0
0.6951927961775604,0.10526315789473684,13,0.01
0.6951927961775604,0.10526315789473684,14,1.0
0.6951927961775604,0.10526315789473684,15,0.04
0.6951927961775604,0.10526315789473684,16,1.0
0.6951927961775604,0.10526315789473684,17,0.025
0.6951927961775604,0.10526315789473684,18,1.0
0.6951927961775604,0.10526315789473684,19,0.04
0.6951927961775604,0.13157894736842105,0,1.0
0.6951927961775604,0.13157894736842105,1,0.04
0.6951927961775604,0.13157894736842105,2,0.015
0.6951927961775604,0.13157894736842105,3,1.0
0.6951927961775604,0.13157894736842105,4,1.0
0.6951927961775604,0.13157894736842105,5,1.0
0.6951927961775604,0.13157894736842105,6,0.03
0.6951927961775604,0.13157894736842105,7,1.0
0.6951927961775604,0.13157894736842105,8,1.0
0.6951927961775604,0.13157894736842105,9,0.03
0.6951927961775604,0.13157894736842105,10,0.01
0.6951927961775604,0.13157894736842105,11,1.0
0.6951927961775604,0.13157894736842105,12,0.08
0.6951927961775604,0.13157894736842105,13,0.02
0.6951927961775604,0.13157894736842105,14,0.025
0.6951927961775604,0.13157894736842105,15,1.0
0.6951927961775604,0.13157894736842105,16,0.02
0.6951927961775604,0.13157894736842105,17,0.02
0.6951927961775604,0.13157894736842105,18,0.01
0.6951927961775604,0.13157894736842105,19,0.03
0.6951927961775604,0.15789473684210525,0,1.0
0.6951927961775604,0.15789473684210525,1,1.0
0.6951927961775604,0.15789473684210525,2,1.0
0.6951927961775604,0.15789473684210525,3,0.01
0.6951927961775604,0.15789473684210525,4,1.0
0.6951927961775604,0.15789473684210525,5,0.015
0.6951927961775604,0.15789473684210525,6,0.015
0.6951927961775604,0.15789473684210525,7,0.02
0.6951927961775604,0.15789473684210525,8,1.0
0.6951927961775604,0.15789473684210525,9,0.015
0.6951927961775604,0.15789473684210525,10,1.0
0.6951927961775604,0.15789473684210525,11,0.03
0.6951927961775604,0.15789473684210525,12,0.025
0.6951927961775604,0.15789473684210525,13,0.03
0.6951927961775604,0.15789473684210525,14,1.0
0.6951927961775604,0.15789473684210525,15,1.0
0.6951927961775604,0.15789473684210525,16,0.015
0.6951927961775604,0.15789473684210525,17,0.045
0.6951927961775604,0.15789473684210525,18,0.02
0.6951927961775604,0.15789473684210525,19,0.015
0.6951927961775604,0.18421052631578946,0,0.005
0.6951927961775604,0.18421052631578946,1,1.0
0.6951927961775604,0.18421052631578946,2,0.025
0.6951927961775604,0.18421052631578946,3,0.01
0.6951927961775604,0.18421052631578946,4,0.02
0.6951927961775604,0.18421052631578946,5,0.07
0.6951927961775604,0.18421052631578946,6,1.0
0.6951927961775604,0.18421052631578946,7,0.005
0.6951927961775604,0.18421052631578946,8,0.01
0.6951927961775604,0.18421052631578946,9,0.015
0.6951927961775604,0.18421052631578946,10,0.015
0.6951927961775604,0.18421052631578946,11,0.015
0.6951927961775604,0.18421052631578946,12,0.58
0.6951927961775604,0.18421052631578946,13,0.005
0.6951927961775604,0.18421052631578946,14,1.0
0.6951927961775604,0.18421052631578946,15,0.055
0.6951927961775604,0.18421052631578946,16,1.0
0.6951927961775604,0.18421052631578946,17,0.005
0.6951927961775604,0.18421052631578946,18,0.015
0.6951927961775604,0.18421052631578946,19,0.025
0.6951927961775604,0.21052631578947367,0,1.0
0.6951927961775604,0.21052631578947367,1,0.035
0.6951927961775604,0.21052631578947367,2,0.03
0.6951927961775604,0.21052631578947367,3,1.0
0.6951927961775604,0.21052631578947367,4,1.0
0.6951927961775604,0.21052631578947367,5,0.935
0.6951927961775604,0.21052631578947367,6,0.075
0.6951927961775604,0.21052631578947367,7,0.005
0.6951927961775604,0.21052631578947367,8,0.025
0.6951927961775604,0.21052631578947367,9,0.035
0.6951927961775604,0.21052631578947367,10,0.015
0.6951927961775604,0.21052631578947367,11,0.015
0.6951927961775604,0.21052631578947367,12,0.01
0.6951927961775604,0.21052631578947367,13,0.05
0.6951927961775604,0.21052631578947367,14,0.02
0.6951927961775604,0.21052631578947367,15,0.035
0.6951927961775604,0.21052631578947367,16,0.02
0.6951927961775604,0.21052631578947367,17,0.005
0.6951927961775604,0.21052631578947367,18,1.0
0.6951927961775604,0.21052631578947367,19,0.9
0.6951927961775604,0.23684210526315788,0,0.01
0.6951927961775604,0.23684210526315788,1,0.005
0.6951927961775604,0.23684210526315788,2,0.055
0.6951927961775604,0.23684210526315788,3,0.015
0.6951927961775604,0.23684210526315788,4,0.01
0.6951927961775604,0.23684210526315788,5,1.0
0.6951927961775604,0.23684210526315788,6,1.0
0.6951927961775604,0.23684210526315788,7,0.005
0.6951927961775604,0.23684210526315788,8,0.04
0.6951927961775604,0.23684210526315788,9,0.005
0.6951927961775604,0.23684210526315788,10,1.0
0.6951927961775604,0.23684210526315788,11,0.035
0.6951927961775604,0.23684210526315788,12,0.02
0.6951927961775604,0.23684210526315788,13,0.01
0.6951927961775604,0.23684210526315788,14,0.005
0.6951927961775604,0.23684210526315788,15,0.01
0.6951927961775604,0.23684210526315788,16,0.04
0.6951927961775604,0.23684210526315788,17,1.0
0.6951927961775604,0.23684210526315788,18,0.02
0.6951927961775604,0.23684210526315788,19,0.005
0.6951927961775604,0.2631578947368421,0,0.025
0.6951927961775604,0.2631578947368421,1,0.015
0.6951927961775604,0.2631578947368421,2,0.015
0.6951927961775604,0.2631578947368421,3,0.005
0.6951927961775604,0.2631578947368421,4,0.01
0.6951927961775604,0.2631578947368421,5,0.005
0.6951927961775604,0.2631578947368421,6,0.005
0.6951927961775604,0.2631578947368421,7,0.015
0.6951927961775604,0.2631578947368421,8,0.01
0.6951927961775604,0.2631578947368421,9,0.015
0.6951927961775604,0.2631578947368421,10,0.015
0.6951927961775604,0.2631578947368421,11,0.02
0.6951927961775604,0.2631578947368421,12,0.04
0.6951927961775604,0.2631578947368421,13,0.005
0.6951927961775604,0.2631578947368421,14,0.005
0.6951927961775604,0.2631578947368421,15,0.005
0.6951927961775604,0.2631578947368421,16,0.005
0.6951927961775604,0.2631578947368421,17,0.01
0.6951927961775604,0.2631578947368421,18,0.015
0.6951927961775604,0.2631578947368421,19,0.04
0.6951927961775604,0.2894736842105263,0,0.025
0.6951927961775604,0.2894736842105263,1,1.0
0.6951927961775604,0.2894736842105263,2,0.025
0.6951927961775604,0.2894736842105263,3,0.01
0.6951927961775604,0.2894736842105263,4,0.02
0.6951927961775604,0.2894736842105263,5,1.0
0.6951927961775604,0.2894736842105263,6,1.0
0.6951927961775604,0.2894736842105263,7,0.015
0.6951927961775604,0.2894736842105263,8,0.02
0.6951927961775604,0.2894736842105263,9,0.015
0.6951927961775604,0.2894736842105263,10,0.01
0.6951927961775604,0.2894736842105263,11,0.005
0.6951927961775604,0.2894736842105263,12,0.015
0.6951927961775604,0.2894736842105263,13,0.015
0.6951927961775604,0.2894736842105263,14,0.02
0.6951927961775604,0.2894736842105263,15,0.005
0.6951927961775604,0.2894736842105263,16,0.015
0.6951927961775604,0.2894736842105263,17,0.01
0.6951927961775604,0.2894736842105263,18,0.005
0.6951927961775604,0.2894736842105263,19,0.01
0.6951927961775604,0.3157894736842105,0,0.02
0.6951927961775604,0.3157894736842105,1,1.0
0.6951927961775604,0.3157894736842105,2,0.015
0.6951927961775604,0.3157894736842105,3,0.015
0.6951927961775604,0.3157894736842105,4,0.01
0.6951927961775604,0.3157894736842105,5,0.005
0.6951927961775604,0.3157894736842105,6,1.0
0.6951927961775604,0.3157894736842105,7,1.0
0.6951927961775604,0.3157894736842105,8,0.015
0.6951927961775604,0.3157894736842105,9,1.0
0.6951927961775604,0.3157894736842105,10,0.015
0.6951927961775604,0.3157894736842105,11,0.01
0.6951927961775604,0.3157894736842105,12,0.01
0.6951927961775604,0.3157894736842105,13,0.01
0.6951927961775604,0.3157894736842105,14,0.05
0.6951927961775604,0.3157894736842105,15,0.01
0.6951927961775604,0.3157894736842105,16,0.015
0.6951927961775604,0.3157894736842105,17,0.015
0.6951927961775604,0.3157894736842105,18,1.0
0.6951927961775604,0.3157894736842105,19,0.02
0.6951927961775604,0.3421052631578947,0,0.005
0.6951927961775604,0.3421052631578947,1,0.005
0.6951927961775604,0.3421052631578947,2,1.0
0.6951927961775604,0.3421052631578947,3,0.025
0.6951927961775604,0.3421052631578947,4,0.01
0.6951927961775604,0.3421052631578947,5,0.005
0.6951927961775604,0.3421052631578947,6,0.005
0.6951927961775604,0.3421052631578947,7,0.02
0.6951927961775604,0.3421052631578947,8,1.0
0.6951927961775604,0.3421052631578947,9,0.03
0.6951927961775604,0.3421052631578947,10,0.005
0.6951927961775604,0.3421052631578947,11,0.015
0.6951927961775604,0.3421052631578947,12,0.01
0.6951927961775604,0.3421052631578947,13,0.01
0.6951927961775604,0.3421052631578947,14,0.005
0.6951927961775604,0.3421052631578947,15,0.02
0.6951927961775604,0.3421052631578947,16,0.005
0.6951927961775604,0.3421052631578947,17,0.025
0.6951927961775604,0.3421052631578947,18,0.005
0.6951927961775604,0.3421052631578947,19,0.005
0.6951927961775604,0.3684210526315789,0,0.01
0.6951927961775604,0.3684210526315789,1,1.0
0.6951927961775604,0.3684210526315789,2,0.01
0.6951927961775604,0.3684210526315789,3,0.01
0.6951927961775604,0.3684210526315789,4,0.005
0.6951927961775604,0.3684210526315789,5,0.005
0.6951927961775604,0.3684210526315789,6,0.02
0.6951927961775604,0.3684210526315789,7,1.0
0.6951927961775604,0.3684210526315789,8,0.005
0.6951927961775604,0.3684210526315789,9,0.035
0.6951927961775604,0.3684210526315789,10,0.01
0.6951927961775604,0.3684210526315789,11,0.015
0.6951927961775604,0.3684210526315789,12,1.0
0.6951927961775604,0.3684210526315789,13,0.015
0.6951927961775604,0.3684210526315789,14,0.005
0.6951927961775604,0.3684210526315789,15,0.055
0.6951927961775604,0.3684210526315789,16,0.02
0.6951927961775604,0.3684210526315789,17,0.005
0.6951927961775604,0.3684210526315789,18,0.015
0.6951927961775604,0.3684210526315789,19,0.01
0.6951927961775604,0.39473684210526316,0,0.03
0.6951927961775604,0.39473684210526316,1,0.03
0.6951927961775604,0.39473684210526316,2,0.005
0.6951927961775604,0.39473684210526316,3,0.025
0.6951927961775604,0.39473684210526316,4,0.01
0.6951927961775604,0.39473684210526316,5,0.49
0.6951927961775604,0.39473684210526316,6,0.01
0.6951927961775604,0.39473684210526316,7,0.01
0.6951927961775604,0.39473684210526316,8,0.005
0.6951927961775604,0.39473684210526316,9,0.005
0.6951927961775604,0.39473684210526316,10,0.005
0.6951927961775604,0.39473684210526316,11,0.01
0.6951927961775604,0.39473684210526316,12,0.015
0.6951927961775604,0.39473684210526316,13,0.005
0.6951927961775604,0.39473684210526316,14,0.01
0.6951927961775604,0.39473684210526316,15,0.02
0.6951927961775604,0.39473684210526316,16,0.005
0.6951927961775604,0.39473684210526316,17,0.005
0.6951927961775604,0.39473684210526316,18,0.01
0.6951927961775604,0.39473684210526316,19,0.01
0.6951927961775604,0.42105263157894735,0,0.005
0.6951927961775604,0.42105263157894735,1,0.005
0.6951927961775604,0.42105263157894735,2,0.03
0.6951927961775604,0.42105263157894735,3,0.005
0.6951927961775604,0.42105263157894735,4,0.005
0.6951927961775604,0.42105263157894735,5,0.01
0.6951927961775604,0.42105263157894735,6,0.02
0.6951927961775604,0.42105263157894735,7,0.01
0.6951927961775604,0.42105263157894735,8,0.02
0.6951927961775604,0.42105263157894735,9,0.005
0.6951927961775604,0.42105263157894735,10,0.01
0.6951927961775604,0.42105263157894735,11,0.005
0.6951927961775604,0.42105263157894735,12,0.01
0.6951927961775604,0.42105263157894735,13,0.005
0.6951927961775604,0.42105263157894735,14,0.005
0.6951927961775604,0.42105263157894735,15,0.005
0.6951927961775604,0.42105263157894735,16,0.015
0.6951927961775604,0.42105263157894735,17,0.005
0.6951927961775604,0.42105263157894735,18,0.01
0.6951927961775604,0.42105263157894735,19,0.005
0.6951927961775604,0.4473684210526315,0,0.015
0.6951927961775604,0.4473684210526315,1,0.03
0.6951927961775604,0.4473684210526315,2,0.01
0.6951927961775604,0.4473684210526315,3,0.01
0.6951927961775604,0.4473684210526315,4,0.01
0.6951927961775604,0.4473684210526315,5,0.01
0.6951927961775604,0.4473684210526315,6,0.01
0.6951927961775604,0.4473684210526315,7,0.01
0.6951927961775604,0.4473684210526315,8,0.01
0.6951927961775604,0.4473684210526315,9,0.01
0.6951927961775604,0.4473684210526315,10,0.015
0.6951927961775604,0.4473684210526315,11,1.0
0.6951927961775604,0.4473684210526315,12,0.015
0.6951927961775604,0.4473684210526315,13,0.02
0.6951927961775604,0.4473684210526315,14,0.025
0.6951927961775604,0.4473684210526315,15,0.015
0.6951927961775604,0.4473684210526315,16,0.01
0.6951927961775604,0.4473684210526315,17,0.015
0.6951927961775604,0.4473684210526315,18,0.005
0.6951927961775604,0.4473684210526315,19,0.005
0.6951927961775604,0.47368421052631576,0,0.005
0.6951927961775604,0.47368421052631576,1,0.02
0.6951927961775604,0.47368421052631576,2,0.005
0.6951927961775604,0.47368421052631576,3,0.02
0.6951927961775604,0.47368421052631576,4,0.01
0.6951927961775604,0.47368421052631576,5,0.01
0.6951927961775604,0.47368421052631576,6,0.01
0.6951927961775604,0.47368421052631576,7,0.025
0.6951927961775604,0.47368421052631576,8,0.005
0.6951927961775604,0.47368421052631576,9,0.01
0.6951927961775604,0.47368421052631576,10,0.005
0.6951927961775604,0.47368421052631576,11,0.01
0.6951927961775604,0.47368421052631576,12,0.005
0.6951927961775604,0.47368421052631576,13,0.015
0.6951927961775604,0.47368421052631576,14,0.005
0.6951927961775604,0.47368421052631576,15,0.005
0.6951927961775604,0.47368421052631576,16,0.02
0.6951927961775604,0.47368421052631576,17,0.005
0.6951927961775604,0.47368421052631576,18,0.005
0.6951927961775604,0.47368421052631576,19,0.005
0.6951927961775604,0.5,0,0.005
0.6951927961775604,0.5,1,0.005
0.6951927961775604,0.5,2,0.02
0.6951927961775604,0.5,3,0.01
0.6951927961775604,0.5,4,0.005
0.6951927961775604,0.5,5,0.03
0.6951927961775604,0.5,6,0.055
0.6951927961775604,0.5,7,1.0
0.6951927961775604,0.5,8,0.015
0.6951927961775604,0.5,9,0.015
0.6951927961775604,0.5,10,0.005
0.6951927961775604,0.5,11,0.01
0.6951927961775604,0.5,12,0.97
0.6951927961775604,0.5,13,0.005
0.6951927961775604,0.5,14,0.005
0.6951927961775604,0.5,15,1.0
0.6951927961775604,0.5,16,0.005
0.6951927961775604,0.5,17,0.005
0.6951927961775604,0.5,18,0.01
0.6951927961775604,0.5,19,0.005
1.0,0.0,0,1.0
1.0,0.0,1,1.0
1.0,0.0,2,1.0
1.0,0.0,3,1.0
1.0,0.0,4,1.0
1.0,0.0,5,1.0
1.0,0.0,6,1.0
1.0,0.0,7,1.0
1.0,0.0,8,1.0
1.0,0.0,9,1.0
1.0,0.0,10,1.0
1.0,0.0,11,1.0
1.0,0.0,12,1.0
1.0,0.0,13,1.0
1.0,0.0,14,1.0
1.0,0.0,15,1.0
1.0,0.0,16,1.0
1.0,0.0,17,1.0
1.0,0.0,18,1.0
1.0,0.0,19,1.0
1.0,0.02631578947368421,0,1.0
1.0,0.02631578947368421,1,0.025
1.0,0.02631578947368421,2,1.0
1.0,0.02631578947368421,3,1.0
1.0,0.02631578947368421,4,1.0
1.0,0.02631578947368421,5,1.0
1.0,0.02631578947368421,6,1.0
1.0,0.02631578947368421,7,1.0
1.0,0.02631578947368421,8,1.0
1.0,0.02631578947368421,9,1.0
1.0,0.02631578947368421,10,0.015
1.0,0.02631578947368421,11,1.0
1.0,0.02631578947368421,12,1.0
1.0,0.02631578947368421,13,1.0
1.0,0.02631578947368421,14,0.005
1.0,0.02631578947368421,15,1.0
1.0,0.02631578947368421,16,1.0
1.0,0.02631578947368421,17,1.0
1.0,0.02631578947368421,18,1.0
1.0,0.02631578947368421,19,0.015
1.0,0.05263157894736842,0,1.0
1.0,0.05263157894736842,1,1.0
1.0,0.05263157894736842,2,1.0
1.0,0.05263157894736842,3,1.0
1.0,0.05263157894736842,4,1.0
1.0,0.05263157894736842,5,1.0
1.0,0.05263157894736842,6,1.0
1.0,0.05263157894736842,7,0.66
1.0,0.05263157894736842,8,0.065
1.0,0.05263157894736842,9,0.06
1.0,0.05263157894736842,10,1.0
1.0,0.05263157894736842,11,1.0
1.0,0.05263157894736842,12,0.015
1.0,0.05263157894736842,13,0.03
1.0,0.05263157894736842,14,1.0
1.0,0.05263157894736842,15,1.0
1.0,0.05263157894736842,16,1.0
1.0,0.05263157894736842,17,1.0
1.0,0.05263157894736842,18,0.035
1.0,0.05263157894736842,19,0.045
1.0,0.07894736842105263,0,0.045
1.0,0.07894736842105263,1,0.015
1.0,0.07894736842105263,2,1.0
1.0,0.07894736842105263,3,0.02
1.0,0.07894736842105263,4,0.04
1.0,0.07894736842105263,5,1.0
1.0,0.07894736842105263,6,1.0
1.0,0.07894736842105263,7,0.015
1.0,0.07894736842105263,8,0.005
1.0,0.07894736842105263,9,0.02
1.0,0.07894736842105263,10,0.015
1.0,0.07894736842105263,11,1.0
1.0,0.07894736842105263,12,1.0
1.0,0.07894736842105263,13,1.0
1.0,0.07894736842105263,14,0.045
1.0,0.07894736842105263,15,0.005
1.0,0.07894736842105263,16,1.0
1.0,0.07894736842105263,17,0.015
1.0,0.07894736842105263,18,1.0
1.0,0.07894736842105263,19,1.0
1.0,0.10526315789473684,0,0.895
1.0,0.10526315789473684,1,0.015
1.0,0.10526315789473684,2,0.02
1.0,0.10526315789473684,3,0.19
1.0,0.10526315789473684,4,1.0
1.0,0.10526315789473684,5,0.01
1.0,0.10526315789473684,6,1.0
1.0,0.10526315789473684,7,0.055
1.0,0.10526315789473684,8,0.04
1.0,0.10526315789473684,9,1.0
1.0,0.10526315789473684,10,0.01
1.0,0.10526315789473684,11,0.025
1.0,0.10526315789473684,12,0.025
1.0,0.10526315789473684,13,0.045
1.0,0.10526315789473684,14,1.0
1.0,0.10526315789473684,15,0.015
1.0,0.10526315789473684,16,0.03
1.0,0.10526315789473684,17,1.0
1.0,0.10526315789473684,18,1.0
1.0,0.10526315789473684,19,0.04
1.0,0.13157894736842105,0,0.04
1.0,0.13157894736842105,1,0.06
1.0,0.13157894736842105,2,1.0
1.0,0.13157894736842105,3,1.0
1.0,0.13157894736842105,4,0.03
1.0,0.13157894736842105,5,1.0
1.0,0.13157894736842105,6,1.0
1.0,0.13157894736842105,7,0.055
1.0,0.13157894736842105,8,1.0
1.0,0.13157894736842105,9,1.0
1.0,0.13157894736842105,10,0.02
1.0,0.13157894736842105,11,1.0
1.0,0.13157894736842105,12,1.0
1.0,0.13157894736842105,13,0.78
1.0,0.13157894736842105,14,1.0
1.0,0.13157894736842105,15,0.005
1.0,0.13157894736842105,16,0.01
1.0,0.13157894736842105,17,0.03
1.0,0.13157894736842105,18,0.02
1.0,0.13157894736842105,19,0.03
1.0,0.15789473684210525,0,0.015
1.0,0.15789473684210525,1,1.0
1.0,0.15789473684210525,2,0.035
1.0,0.15789473684210525,3,0.005
1.0,0.15789473684210525,4,0.02
1.0,0.15789473684210525,5,0.015
1.0,0.15789473684210525,6,1.0
1.0,0.15789473684210525,7,0.01
1.0,0.15789473684210525,8,0.885
1.0,0.15789473684210525,9,0.01
1.0,0.15789473684210525,10,0.005
1.0,0.15789473684210525,11,1.0
1.0,0.15789473684210525,12,0.005
1.0,0.15789473684210525,13,0.03
1.0,0.15789473684210525,14,0.025
1.0,0.15789473684210525,15,1.0
1.0,0.15789473684210525,16,1.0
1.0,0.15789473684210525,17,0.025
1.0,0.15789473684210525,18,1.0
1.0,0.15789473684210525,19,0.055
1.0,0.18421052631578946,0,0.01
1.0,0.18421052631578946,1,0.02
1.0,0.18421052631578946,2,0.015
1.0,0.18421052631578946,3,1.0
1.0,0.18421052631578946,4,0.01
1.0,0.18421052631578946,5,1.0
1.0,0.18421052631578946,6,1.0
1.0,0.18421052631578946,7,0.005
1.0,0.18421052631578946,8,0.005
1.0,0.18421052631578946,9,0.02
1.0,0.18421052631578946,10,0.01
1.0,0.18421052631578946,11,0.025
1.0,0.18421052631578946,12,0.01
1.0,0.18421052631578946,13,1.0
1.0,0.18421052631578946,14,0.025
1.0,0.18421052631578946,15,0.01
1.0,0.18421052631578946,16,0.025
1.0,0.18421052631578946,17,0.025
1.0,0.18421052631578946,18,0.03
1.0,0.18421052631578946,19,0.005
1.0,0.21052631578947367,0,0.015
1.0,0.21052631578947367,1,0.02
1.0,0.21052631578947367,2,0.02
1.0,0.21052631578947367,3,0.03
1.0,0.21052631578947367,4,0.015
1.0,0.21052631578947367,5,0.01
1.0,0.21052631578947367,6,0.005
1.0,0.21052631578947367,7,0.005
1.0,0.21052631578947367,8,0.01
1.0,0.21052631578947367,9,0.005
1.0,0.21052631578947367,10,0.015
1.0,0.21052631578947367,11,0.025
1.0,0.21052631578947367,12,0.005
1.0,0.21052631578947367,13,0.9400000000000001
1.0,0.21052631578947367,14,0.04
1.0,0.21052631578947367,15,0.005
1.0,0.21052631578947367,16,0.02
1.0,0.21052631578947367,17,1.0
1.0,0.21052631578947367,18,0.03
1.0,0.21052631578947367,19,0.01
1.0,0.23684210526315788,0,0.005
1.0,0.23684210526315788,1,0.04
1.0,0.23684210526315788,2,0.005
1.0,0.23684210526315788,3,0.005
1.0,0.23684210526315788,4,0.02
1.0,0.23684210526315788,5,0.055
1.0,0.23684210526315788,6,0.06
1.0,0.23684210526315788,7,0.01
1.0,0.23684210526315788,8,0.04
1.0,0.23684210526315788,9,0.025
1.0,0.23684210526315788,10,1.0
1.0,0.23684210526315788,11,1.0
1.0,0.23684210526315788,12,0.03
1.0,0.23684210526315788,13,1.0
1.0,0.23684210526315788,14,0.01
1.0,0.23684210526315788,15,0.005
1.0,0.23684210526315788,16,0.005
1.0,0.23684210526315788,17,1.0
1.0,0.23684210526315788,18,0.03
1.0,0.23684210526315788,19,1.0
1.0,0.2631578947368421,0,0.02
1.0,0.2631578947368421,1,0.03
1.0,0.2631578947368421,2,1.0
1.0,0.2631578947368421,3,0.035
1.0,0.2631578947368421,4,1.0
1.0,0.2631578947368421,5,0.005
1.0,0.2631578947368421,6,0.055
1.0,0.2631578947368421,7,0.005
1.0,0.2631578947368421,8,0.02
1.0,0.2631578947368421,9,0.015
1.0,0.2631578947368421,10,0.005
1.0,0.2631578947368421,11,0.01
1.0,0.2631578947368421,12,0.005
1.0,0.2631578947368421,13,0.005
1.0,0.2631578947368421,14,0.005
1.0,0.2631578947368421,15,0.005
1.0,0.2631578947368421,16,0.015
1.0,0.2631578947368421,17,0.01
1.0,0.2631578947368421,18,0.005
1.0,0.2631578947368421,19,0.51
1.0,0.2894736842105263,0,0.045
1.0,0.2894736842105263,1,0.005
1.0,0.2894736842105263,2,0.01
1.0,0.2894736842105263,3,1.0
1.0,0.2894736842105263,4,0.01
1.0,0.2894736842105263,5,1.0
1.0,0.2894736842105263,6,0.02
1.0,0.2894736842105263,7,0.02
1.0,0.2894736842105263,8,0.03
1.0,0.2894736842105263,9,0.03
1.0,0.2894736842105263,10,0.005
1.0,0.2894736842105263,11,0.01
1.0,0.2894736842105263,12,0.015
1.0,0.2894736842105263,13,0.02
1.0,0.2894736842105263,14,0.035
1.0,0.2894736842105263,15,0.015
1.0,0.2894736842105263,16,1.0
1.0,0.2894736842105263,17,0.05
1.0,0.2894736842105263,18,0.965
1.0,0.2894736842105263,19,0.005
1.0,0.3157894736842105,0,0.01
1.0,0.3157894736842105,1,0.01
1.0,0.3157894736842105,2,0.03
1.0,0.3157894736842105,3,0.015
1.0,0.3157894736842105,4,1.0
1.0,0.3157894736842105,5,0.005
1.0,0.3157894736842105,6,0.025
1.0,0.3157894736842105,7,0.64
1.0,0.3157894736842105,8,0.015
1.0,0.3157894736842105,9,1.0
1.0,0.3157894736842105,10,0.035
1.0,0.3157894736842105,11,0.03
1.0,0.3157894736842105,12,0.005
1.0,0.3157894736842105,13,0.005
1.0,0.3157894736842105,14,0.01
1.0,0.3157894736842105,15,0.025
1.0,0.3157894736842105,16,0.05
1.0,0.3157894736842105,17,0.02
1.0,0.3157894736842105,18,0.01
1.0,0.3157894736842105,19,0.01
1.0,0.3421052631578947,0,0.005
1.0,0.3421052631578947,1,0.01
1.0,0.3421052631578947,2,0.015
1.0,0.3421052631578947,3,1.0
1.0,0.3421052631578947,4,0.01
1.0,0.3421052631578947,5,0.035
1.0,0.3421052631578947,6,1.0
1.0,0.3421052631578947,7,0.755
1.0,0.3421052631578947,8,0.025
1.0,0.3421052631578947,9,0.01
1.0,0.3421052631578947,10,0.02
1.0,0.3421052631578947,11,0.015
1.0,0.3421052631578947,12,0.01
1.0,0.3421052631578947,13,0.015
1.0,0.3421052631578947,14,0.015
1.0,0.3421052631578947,15,0.01
1.0,0.3421052631578947,16,0.015
1.0,0.3421052631578947,17,0.915
1.0,0.3421052631578947,18,0.015
1.0,0.3421052631578947,19,0.04
1.0,0.3684210526315789,0,0.005
1.0,0.3684210526315789,1,0.015
1.0,0.3684210526315789,2,0.005
1.0,0.3684210526315789,3,0.015
1.0,0.3684210526315789,4,0.005
1.0,0.3684210526315789,5,0.01
1.0,0.3684210526315789,6,0.015
1.0,0.3684210526315789,7,0.005
1.0,0.3684210526315789,8,0.01
1.0,0.3684210526315789,9,0.035
1.0,0.3684210526315789,10,0.01
1.0,0.3684210526315789,11,0.03
1.0,0.3684210526315789,12,0.035
1.0,0.3684210526315789,13,0.02
1.0,0.3684210526315789,14,0.03
1.0,0.3684210526315789,15,0.01
1.0,0.3684210526315789,16,0.005
1.0,0.3684210526315789,17,0.02
1.0,0.3684210526315789,18,0.005
1.0,0.3684210526315789,19,0.005
1.0,0.39473684210526316,0,0.025
1.0,0.39473684210526316,1,0.01
1.0,0.39473684210526316,2,0.02
1.0,0.39473684210526316,3,0.005
1.0,0.39473684210526316,4,0.005
1.0,0.39473684210526316,5,0.005
1.0,0.39473684210526316,6,0.005
1.0,0.39473684210526316,7,0.01
1.0,0.39473684210526316,8,0.02
1.0,0.39473684210526316,9,0.02
1.0,0.39473684210526316,10,0.005
1.0,0.39473684210526316,11,0.01
1.0,0.39473684210526316,12,0.01
1.0,0.39473684210526316,13,0.01
1.0,0.39473684210526316,14,0.01
1.0,0.39473684210526316,15,0.96
1.0,0.39473684210526316,16,0.005
1.0,0.39473684210526316,17,0.015
1.0,0.39473684210526316,18,0.005
1.0,0.39473684210526316,19,0.005
1.0,0.42105263157894735,0,0.015
1.0,0.42105263157894735,1,0.025
1.0,0.42105263157894735,2,0.005
1.0,0.42105263157894735,3,0.015
1.0,0.42105263157894735,4,0.015
1.0,0.42105263157894735,5,0.01
1.0,0.42105263157894735,6,0.01
1.0,0.42105263157894735,7,0.635
1.0,0.42105263157894735,8,0.02
1.0,0.42105263157894735,9,0.03
1.0,0.42105263157894735,10,0.005
1.0,0.42105263157894735,11,0.005
1.0,0.42105263157894735,12,0.005
1.0,0.42105263157894735,13,0.01
1.0,0.42105263157894735,14,0.01
1.0,0.42105263157894735,15,0.025
1.0,0.42105263157894735,16,0.005
1.0,0.42105263157894735,17,0.005
1.0,0.42105263157894735,18,0.02
1.0,0.42105263157894735,19,0.005
1.0,0.4473684210526315,0,0.01
1.0,0.4473684210526315,1,0.005
1.0,0.4473684210526315,2,0.02
1.0,0.4473684210526315,3,0.01
1.0,0.4473684210526315,4,0.005
1.0,0.4473684210526315,5,0.01
1.0,0.4473684210526315,6,0.635
1.0,0.4473684210526315,7,0.01
1.0,0.4473684210526315,8,0.005
1.0,0.4473684210526315,9,0.01
1.0,0.4473684210526315,10,0.01
1.0,0.4473684210526315,11,1.0
1.0,0.4473684210526315,12,0.005
1.0,0.4473684210526315,13,0.005
1.0,0.4473684210526315,14,0.005
1.0,0.4473684210526315,15,0.055
1.0,0.4473684210526315,16,0.01
1.0,0.4473684210526315,17,0.015
1.0,0.4473684210526315,18,0.025
1.0,0.4473684210526315,19,0.005
1.0,0.47368421052631576,0,0.015
1.0,0.47368421052631576,1,0.015
1.0,0.47368421052631576,2,0.64
1.0,0.47368421052631576,3,0.005
1.0,0.47368421052631576,4,0.015
1.0,0.47368421052631576,5,0.01
1.0,0.47368421052631576,6,0.005
1.0,0.47368421052631576,7,0.01
1.0,0.47368421052631576,8,0.005
1.0,0.47368421052631576,9,0.01
1.0,0.47368421052631576,10,0.015
1.0,0.47368421052631576,11,0.25
1.0,0.47368421052631576,12,0.015
1.0,0.47368421052631576,13,0.01
1.0,0.47368421052631576,14,0.005
1.0,0.47368421052631576,15,0.01
1.0,0.47368421052631576,16,0.005
1.0,0.47368421052631576,17,0.005
1.0,0.47368421052631576,18,0.005
1.0,0.47368421052631576,19,0.005
1.0,0.5,0,0.015
1.0,0.5,1,0.005
1.0,0.5,2,0.01
1.0,0.5,3,0.005
1.0,0.5,4,0.03
1.0,0.5,5,0.01
1.0,0.5,6,0.01
1.0,0.5,7,1.0
1.0,0.5,8,0.02
1.0,0.5,9,0.01
1.0,0.5,10,0.015
1.0,0.5,11,0.02
1.0,0.5,12,0.005
1.0,0.5,13,0.005
1.0,0.5,14,0.005
1.0,0.5,15,0.005
1.0,0.5,16,0.005
1.0,0.5,17,0.005
1.0,0.5,18,0.92
1.0,0.5,19,0.005
