1.03023361221087,0.0687372443157935,0.147641949569388,0.157623720622668,-0.181091773654881,0.389575654309805
1.03179349641089,0.0669024879653959,0.151513930925122,0.154349668252038,-0.185825222986092,0.384834452287163
1.03332054287776,0.0650214082994289,0.155338911007426,0.151056789910468,-0.190358106985436,0.38017496496206
1.03481458118824,0.0630959621304067,0.159117693819175,0.147748590708609,-0.194700069905084,0.375594554558006
1.03627547417917,0.0611280134413247,0.162851056772312,0.144428224764937,-0.198860043622617,0.371090545925323
1.03770311464498,0.0591193402130222,0.166539750460972,0.141098535825564,-0.202846305887597,0.366660254868187
1.03909742241647,0.0570716406878303,0.170184498688255,0.137762092995145,-0.206666536023227,0.36230101070933
1.04045834177444,0.0549865390944577,0.173785998693761,0.134421222054224,-0.210327864651656,0.358010174028061
1.04178583915712,0.0528655909136558,0.177344921538193,0.1310780330132,-0.21383691843484,0.353785150494226
1.04307990112637,0.0507102876974532,0.180861912609726,0.127734444388767,-0.217199863122591,0.349623401445889
1.04434053256191,0.0485220614839884,0.184337592222141,0.124392204567544,-0.220422441848799,0.345522451805235
1.04556775505575,0.0463022888456738,0.18777255628124,0.121052910542058,-0.223510010223745,0.341479895850104
1.04676160548272,0.0440522946022056,0.191167376999582,0.117718024503564,-0.226467568216702,0.337493401194132
1.04792213472738,0.041773355228807,0.194522603643761,0.114388888467267,-0.229299789505025,0.333560711353642
1.04904940654781,0.039466701982623,0.197838763301335,0.111066737160149,-0.232011048186865,0.32967964715932
1.05014349656115,0.0371335237762425,0.201116361657071,0.107752709446906,-0.234605442989735,0.325848107232064
1.05120449133628,0.0347749698177596,0.204355883770037,0.104447858390872,-0.237086819628966,0.322064067717029
1.05223248758134,0.032392152038096,0.207557794845078,0.101153160174571,-0.239458791023565,0.318325581440799
1.05322759141527,0.0299861473254225,0.21072254099351,0.0978695220245556,-0.241724755765513,0.314630776631178
1.05418991771406,0.0275579995824548,0.213850549979228,0.0945977892180284,-0.243887915035859,0.310977855269097
1.05511958952291,0.0251087216223825,0.216942231946753,0.0913387513018862,-0.24595128801836,0.307365091167073
1.05601673752715,0.022639296917252,0.219997980129304,0.0880931476119977,-0.247917726002814,0.303790827893963
1.056881499575,0.0201506812114944,0.223018171535358,0.0848616721699201,-0.249789925278368,0.300253476550143
1.05771402024686,0.0176438040120873,0.226003167612362,0.0816449780774301,-0.251570438923453,0.296751513435668
1.05851445046585,0.0151195699659492,0.228953314886904,0.078443681374261,-0.253261687592734,0.293283477684338
1.05928294714463,0.0125788601340015,0.231868945581226,0.0752583644818325,-0.254865969409432,0.289847968900459
1.06001967286516,0.0100225331704902,0.234750378206038,0.0720895793315829,-0.256385469030865,0.286443644770415
1.06072479558783,0.0074514264154441,0.237597918129479,0.0689378500956559,-0.257822265974965,0.283069218713578
1.0613984883861,0.00486635690739723,0.240411858122885,0.0658036756017393,-0.259178342229107,0.279723457554943
1.06204092920433,0.00226812232329025,0.243192478883389,0.0626875315619792,-0.260455589254358,0.276405179273494
1.06265230063662,-0.000342498149098143,0.245940049534585,0.0595898724967766,-0.26165581444775,0.273113250805898
1.06323278972371,-0.00296474300045639,0.248654828105239,0.0565111335196919,-0.26278074705096,0.269846585917349
1.0637825877671,-0.00559786764600118,0.251337061987325,0.0534517318781134,-0.263832043600206,0.26660414312291
1.06430189015691,-0.00824114372388453,0.253986988373181,0.0504120682918613,-0.264811292949839,0.263384923670205
1.06479089621348,-0.0108938584418307,0.256604834673516,0.0473925282786658,-0.26572002089986,0.26018796967386
1.06524980904089,-0.0135553139682006,0.259190818916765,0.0443934832377276,-0.266559694459751,0.257012362256359
1.0656788353907,-0.0162248268640371,0.261745150130139,0.0414152914263237,-0.267331725788367,0.253857219764199
1.06607818553512,-0.0189017275529933,0.264268028703447,0.0384582988475268,-0.268037475829537,0.250721696100875
1.06644807314839,-0.021585359826183,0.266759646736563,0.035522840040357,-0.268678257671368,0.247604979104737
1.06678871519572,-0.0242750803793732,0.269220188370863,0.0326092387511984,-0.269255339652501,0.244506288988992
1.06710033182907,-0.0269702583800266,0.271649830105609,0.0297178087598579,-0.269769948236155,0.241424876878797
1.06738314629102,-0.029670275062061,0.274048741100008,0.0268488544215816,-0.270223270676075,0.238360023409573
1.06763738482128,-0.032374523346224,0.276417083461543,0.0240026708608287,-0.270616457480422,0.235311037380134
1.06786327656658,-0.0350824074841937,0.278755012521159,0.0211795444646957,-0.270950624691778,0.23227725448169
1.06806105349696,-0.0377933427246276,0.2810626770961,0.0183797536558375,-0.271226856005422,0.22925803607886
1.0682309503283,-0.0405067549996916,0.283340219740687,0.0156035691153938,-0.271446204743451,0.22625276803409
1.06837320444472,-0.0432220806305517,0.285587776985791,0.0128512539117611,-0.271609695676182,0.223260859621141
1.06848805582488,-0.0459387660504303,0.28780547956774,0.0101230639213871,-0.271718326717138,0.22028174248485
1.0685757469711,-0.0486562675440147,0.289993452646917,0.00741924803605222,-0.271773070498792,0.217314869625778
1.06863652284068,-0.0513740510020631,0.292151816016494,0.00474004839920922,-0.271774875838897,0.214359714449268
1.06867063077952,-0.054091591690156,0.294280684301978,0.00208570062714547,-0.27172466910217,0.211415769871081
1.06867832045776,-0.0568083740305668,0.296380167152026,-0.000543566040758665,-0.271623355466791,0.208482547467614
1.0686598438066,-0.0595238913963827,0.298450369420891,-0.00314752859420254,-0.271471820107718,0.205559576641738
1.06861545495683,-0.0622376459170402,0.300491391342691,-0.00572597011037798,-0.271270929295992,0.202646403843749
1.06854541017851,-0.064949148294447,0.302503328698286,-0.00827867963379735,-0.271021531419009,0.199742591851442
1.06844996782189,-0.0676579176289733,0.304486272974985,-0.010805452077945,-0.270724457936348,0.196847719060832
1.06832938825902,-0.070363481254683,0.306440311519318,-0.013306088139638,-0.270380524269405,0.193961378810387
1.0681839338265,-0.0730653745831365,0.308365527683234,-0.0157803942145022,-0.269990530630197,0.19108317874284
1.06801386876867,-0.0757631409552175,0.31026200096415,-0.0182281823404521,-0.269555262795415,0.188212740214536
1.06781945918154,-0.0784563315004173,0.312129807139233,-0.0206492701394582,-0.269075492825699,0.185349697722875
1.06760097295721,-0.081144505003077,0.313969018393967,-0.0230434807664148,-0.268551979739133,0.182493698341647
1.06735867972871,-0.0838272277751415,0.315779703445287,-0.0254106428727099,-0.267985470138929,0.179644401208754
1.06709285081519,-0.0865040735349658,0.317561927659823,-0.0277505905745837,-0.267376698798463,0.176801477043064
1.06680375916747,-0.0891746232917819,0.319315753167297,-0.0300631634258898,-0.266726389207289,0.17396460766605
1.06649167931369,-0.0918384652354348,0.321041238969225,-0.0323482063974519,-0.266035254080893,0.171133485539465
1.06615688730529,-0.0944951946310521,0.322738441043183,-0.0346055698598829,-0.265303995836512,0.168307813351566
1.06579966066306,-0.0971444137182992,0.324407412443147,-0.0368351095727241,-0.264533307035958,0.16548730362469
1.06542027832328,-0.0997857316149203,0.326048203395786,-0.039036686675086,-0.263723870799832,0.162671678308829
1.06501902058395,-0.102418764224277,0.327660861392832,-0.0412101676842673,-0.262876361192914,0.159860668409093
1.06459616905102,-0.105043134146609,0.329245431279951,-0.0433554244888772,-0.261991443583738,0.157054013654571
1.06415200658472,-0.107658470593765,0.330801955342338,-0.0454723343522998,-0.261069774980079,0.154251462161337
1.06368681724572,-0.110264409307179,0.332330473386887,-0.047560779914943,-0.260112004340964,0.151452770105107
1.06320088624144,-0.112860592478852,0.333831022821304,-0.0496206491937018,-0.25911877286749,0.148657701420702
1.06269449987219,-0.115446668675141,0.335303638730246,-0.0516518355929544,-0.258090714273573,0.145866027520854
1.06216794547728,-0.118022292763163,0.336748353948762,-0.0536542379086381,-0.25702845503726,0.143077527023414
1.06162151138106,-0.120587125839616,0.33816519913296,-0.0556277603366696,-0.255932614634798,0.140291985479903
1.0610554868389,-0.123140835161868,0.339554202828101,-0.0575723124819547,-0.254803805758405,0.13750919512875
1.06047016198304,-0.125683094081132,0.340915391534271,-0.0594878093661009,-0.25364263451721,0.134728954659185
1.05986582776838,-0.12821358197758,0.342248789769785,-0.0613741714341289,-0.252449700624379,0.131951068991879
1.05924277591823,-0.130731984197265,0.343554420132414,-0.0632313245658371,-0.251225597570436,0.129175349059587
1.05860129886985,-0.133237991990706,0.344832303358448,-0.0650592000864591,-0.249970912783098,0.126401611603783
1.05794168972003,-0.135731302453,0.346082458379819,-0.0668577347732907,-0.24868622777462,0.123629678974337
1.05726424217046,-0.138211618465364,0.34730490237918,-0.0686268708664415,-0.247372118277962,0.120859378938911
1.05656925047307,-0.140678648637975,0.348499650843309,-0.0703665560767575,-0.246029154373094,0.118090544530356
1.05585700937532,-0.143132107254032,0.349666717614876,-0.072076743593702,-0.244657900601746,0.115323013855185
1.05512781406536,-0.145571714214896,0.350806114942242,-0.0737573920898555,-0.243258916071743,0.112556629929097
1.05438196011714,-0.147997194986244,0.351917853527962,-0.0754084657283738,-0.241832754553962,0.109791240548607
1.05361974343553,-0.150408280545149,0.35300194257578,-0.0770299341718906,-0.240379964570875,0.107026698126498
1.05284146020123,-0.152804707328,0.354058389836036,-0.0786217725852749,-0.238901089475105,0.104262859550672
1.05204740681578,-0.155186217179163,0.355087201649831,-0.0801839616409704,-0.237396667521359,0.101499586064399
1.05123787984642,-0.157552557300339,0.356088382991954,-0.0817164875230558,-0.235867231932019,0.0987367431402425
1.05041317597102,-0.159903480200531,0.357061937512528,-0.0832193419244929,-0.234313310954265,0.095974200352142
1.04957359192293,-0.162238743646558,0.358007867577459,-0.0846925220546112,-0.232735427911673,0.0932118312667902
1.04871942443586,-0.164558110614047,0.358926174307851,-0.0861360306313031,-0.231134101250535,0.0904495133372475
1.04785097018882,-0.166861349238875,0.359816857618334,-0.0875498758807873,-0.229509844579508,0.0876871278024667
1.04696852575095,-0.169148232768953,0.360679916254464,-0.0889340715484574,-0.227863166702581,0.0849245595886194
1.0460723875264,-0.171418539516338,0.361515347829051,-0.0902886368789466,-0.226194571649769,0.0821616972063788
1.04516285169944,-0.173672052809624,0.362323148857615,-0.0916135966146761,-0.224504558701199,0.0793984326760522
1.04424021417939,-0.175908560946531,0.363103314793122,-0.0929089809935061,-0.222793622405482,0.0766346614524926
1.04330477054577,-0.178127857146685,0.363855840059849,-0.0941748257407469,-0.221062252597855,0.0738702823229223
1.04235681599342,-0.180329739504549,0.364580718086314,-0.0954111720604751,-0.219310934411515,0.0711051973493022
1.04139664527785,-0.182514010942432,0.365277941337806,-0.0966180666182535,-0.217540148283184,0.068339311799998
1.0404245526606,-0.184680479163548,0.36594750134795,-0.0977955615380489,-0.215750369958703,0.0655725340718693
1.03944083185475,-0.186828956605126,0.366589388749785,-0.0989437143856485,-0.213942070493538,0.0628047756343873
1.03844577597058,-0.188959260391485,0.367203593306154,-0.10006258814946,-0.212115716251251,0.0600359509777113
1.03743967746144,-0.191071212287099,0.367790103939691,-0.101152251231,-0.210271768896005,0.0572659775503363
1.03642282806965,-0.193164638649549,0.368348908761998,-0.102212777427693,-0.208410685386353,0.0544947756958906
1.03539551877269,-0.195239370382455,0.368879995102504,-0.103244245904787,-0.206532917967127,0.051722268629713
1.03435803972962,-0.197295242888223,0.369383349536944,-0.104246741182094,-0.204638914148234,0.0489483823871442
1.0333106802276,-0.199332096020633,0.369858957915233,-0.105220353113987,-0.202729116693963,0.0461730457570357
1.03225372862869,-0.201349774037325,0.370306805388809,-0.106165176861504,-0.20080396360635,0.0433961902593471
1.03118747231692,-0.203348125552044,0.370726876437888,-0.107081312861401,-0.198863888102466,0.0406177501157224
1.03011219764568,-0.205327003486701,0.371119154898211,-0.107968866810581,-0.196909318594431,0.0378376622106567
1.02902818988517,-0.207286265023197,0.371483623987572,-0.10882794963663,-0.194940678662716,0.0350558660584329
1.02793573317035,-0.209225771554982,0.371820266331891,-0.109658677456357,-0.19295838703444,0.0322723037701855
1.02683511044916,-0.21114538863841,0.372129063991118,-0.110461171552662,-0.190962857557892,0.0294869200339235
1.02572660343102,-0.213044985943786,0.372409998484848,-0.111235558341622,-0.18895449916871,0.0266996620896173
1.02461049253566,-0.214924437206085,0.372663050817797,-0.11198196933975,-0.186933715861854,0.0239104797191374
1.02348705684231,-0.216783620175417,0.372888201505061,-0.112700541120597,-0.184900906663935,0.0211193252049811
1.02235657403934,-0.218622416567187,0.373085430596953,-0.113391415280603,-0.182856465602271,0.0183261533141797
1.02121932037418,-0.220440712011923,0.373254717703928,-0.114054738401477,-0.180800781666667,0.0155309213045133
1.02007557060371,-0.222238396004716,0.3733960420214,-0.114690662005174,-0.178734238776457,0.0127335889075826
1.01892559794506,-0.224015361854382,0.373509382354387,-0.115299342513692,-0.176657215750584,0.00993411830833663
1.01776967402683,-0.225771506632264,0.373594717141982,-0.115880941203625,-0.174570086269478,0.00713247413912575
1.01660806884075,-0.227506731120657,0.373652024481833,-0.11643562416032,-0.172473218836001,0.00432862347418366
1.0154410506939,-0.229220939760857,0.373681282154532,-0.116963562225834,-0.170366976744796,0.00152253583409951
1.01426888616133,-0.230914040600915,0.373682467648115,-0.117464930956917,-0.16825171804129,-0.00128581682091048
1.01309184003913,-0.232585945242909,0.373655558182342,-0.117939910569446,-0.166127795483377,-0.00409646010211416
1.01191017529823,-0.234236568789939,0.373600530733066,-0.118388685882467,-0.163995556508539,-0.00690941717976753
1.01072415303853,-0.235865829792692,0.373517362056653,-0.118811446266292,-0.161855343191719,-0.00972470877970395
1.00953403244371,-0.237473650195641,0.373406028714451,-0.119208385591478,-0.159707492207843,-0.0125423531799052
1.00834007073647,-0.239059955282837,0.373266507097235,-0.119579702165823,-0.15755233479158,-0.0153623662193483
1.00714252313455,-0.240624673623321,0.37309877344966,-0.119925598669494,-0.15539019669943,-0.0181847612730024
1.00594164280723,-0.242167737016161,0.372902803895065,-0.120246282102045,-0.153221398175882,-0.021009549232252
1.00473768083249,-0.24368908043515,0.372678574460228,-0.120541963712452,-0.151046253912282,-0.0238367385191261
1.00353088615483,-0.245188641973048,0.372426061100138,-0.120812858938441,-0.148865073006148,-0.026666335060307
1.00232150554371,-0.246666362785484,0.37214523972312,-0.121059187334243,-0.146678158926636,-0.0294983422624815
1.00110978355277,-0.248122187034463,0.371836086216046,-0.121281172504108,-0.144485809473504,-0.0323327610067913
0.99989596247961,-0.249556061831486,0.37149857646969,-0.12147904204002,-0.142288316740191,-0.035169589627937
0.998680282326304,-0.250967937180316,0.371132686404255,-0.121653027434364,-0.140085967080441,-0.0380088239062782
0.997462980760816,-0.2523577659194,0.370738391995013,-0.121803364014924,-0.137879041069522,-0.0408504570364505
0.996244293078932,-0.253725503663885,0.370315669298411,-0.121930290867892,-0.135667813468109,-0.0436944795864526
0.995024452167166,-0.255071108747306,0.369864494478316,-0.122034050755659,-0.133452553184143,-0.0465408795111221
0.993803688466299,-0.256394542162856,0.369384843832235,-0.122114890043079,-0.131233523239438,-0.0493896421048096
0.992582229935855,-0.257695767504407,0.36887669381824,-0.122173058605234,-0.129010980740029,-0.0522407499739419
0.991360302019367,-0.258974750907146,0.368340021081781,-0.122208809751891,-0.126785176837635,-0.0550941830161521
0.990138127610437,-0.260231460987873,0.367774802483108,-0.122222400145256,-0.124556356697877,-0.0579499183801411
0.98891592701968,-0.261465868784991,0.367181015124758,-0.122214089701932,-0.122324759471883,-0.060807930447603
0.987693917942667,-0.262677947698194,0.366558636379474,-0.122184141502961,-0.12009061825734,-0.0636681907953832
0.986472315428654,-0.263867673427741,0.365907643918382,-0.12213282171485,-0.117854160068905,-0.066530668157976
0.985251331850233,-0.265035023913567,0.365228015739659,-0.122060399484498,-0.115615605822961,-0.0693953283900583
0.984031176874042,-0.266179979274113,0.364519730197423,-0.121967146843214,-0.113375170293634,-0.0722621344402806
0.982812057432355,-0.267302521744723,0.363782766031043,-0.121853338614211,-0.111133062090835,-0.0751310463026201
0.9815941776957,-0.268402635615976,0.363017102394871,-0.121719252306243,-0.108889483642572,-0.0780020209820039
0.980377739046508,-0.26948030717165,0.362222718888327,-0.121565168014066,-0.106644631156857,-0.0808750124495629
0.979162940053775,-0.27053552462644,0.361399595586454,-0.121391368309781,-0.104398694607944,-0.0837499716081316
0.977949976448815,-0.271568278063516,0.360547713070771,-0.121198138144684,-0.102151857708965,-0.0866268462457964
0.976739041101989,-0.272578559371762,0.359667052460734,-0.120985764732227,-0.0999042978902581,-0.0895055809839093
0.975530324000725,-0.273566362182932,0.35875759544556,-0.120754537433515,-0.0976561862913389,-0.0923861172389265
0.974324012228505,-0.274531681808593,0.357819324316568,-0.120504747654091,-0.0954076877291912,-0.0952683931651793
0.97312028994505,-0.2754745151768,0.356852221999996,-0.1202366887225,-0.093158960687407,-0.0981523436221568
0.971919338367671,-0.27639486076875,0.355856272090162,-0.119950655770882,-0.0909101573028918,-0.101037900118038
0.970721335753865,-0.277292718555182,0.354831458883364,-0.119646945608964,-0.0886614233499669,-0.103924990743179
0.969526457385124,-0.278168089932742,0.35377776741226,-0.119325856611195,-0.0864128982288189,-0.106813540125018
0.96833487555189,-0.279020977660144,0.352695183480732,-0.118987688586928,-0.0841647149565962,-0.109703469389029
0.967146759539952,-0.279851385794365,0.351583693699147,-0.1186327426354,-0.0819170001647659,-0.112594696092912
0.965962275618131,-0.280659319626691,0.350443285520462,-0.118261321036092,-0.0796698740814122,-0.115487134157641
0.964781587027089,-0.281444785618674,0.349273947276751,-0.117873727110125,-0.0774234505349936,-0.118380693830338
0.963604853969676,-0.282207791338151,0.348075668216234,-0.117470265084682,-0.075177836949475,-0.121275281621495
0.96243223360252,-0.282948345395135,0.346848438541068,-0.117051239940232,-0.0729331343385328,-0.124170800217511
0.961263880029359,-0.283666457377781,0.345592249445862,-0.116616957261818,-0.0706894373185629,-0.127067148446309
0.960099944295512,-0.284362137788441,0.344307093156429,-0.116167723120649,-0.0684468341121967,-0.129964221212321
0.958940574383804,-0.285035397979689,0.342992962969575,-0.115703843921042,-0.0662054065387336,-0.132861909410789
0.957785915212005,-0.285686250090311,0.34164985329332,-0.115225626239503,-0.0639652300280368,-0.135760099894397
0.956636108631989,-0.286314706981554,0.340277759687729,-0.114733376651004,-0.0617263736432631,-0.138658675379379
0.955491293430536,-0.286920782173468,0.338876678906726,-0.114227401575679,-0.0594889000812361,-0.141557514376993
0.954351605331486,-0.287504489781271,0.337446608940301,-0.113708007168315,-0.057252865682635,-0.144456491148624
0.953217176999033,-0.288065844451929,0.33598754905748,-0.113175499165453,-0.0550183204634128,-0.147355475606468
0.952088138043184,-0.288604861301024,0.334499499850208,-0.112630182616533,-0.052785308127466,-0.150254333253953
0.950964615027671,-0.289121555849646,0.332982463277679,-0.11207236172572,-0.0505538660808149,-0.153152925115007
0.94984673147872,-0.28961594396163,0.331436442711648,-0.111502339760507,-0.0483240254711233,-0.156051107647684
0.948734607895422,-0.29008804178108,0.329861442982362,-0.110920418839547,-0.0460958112058966,-0.158948732679261
0.94762836176233,-0.290537865670089,0.328257470425364,-0.110326899722725,-0.0438692419855816,-0.161845647306665
0.946528107563852,-0.290965432146871,0.326624532929132,-0.109722081656459,-0.0416443303332543,-0.164741693845544
0.945433956800239,-0.291370757824079,0.324962639983155,-0.10910626218622,-0.0394210826242759,-0.167636709752469
0.944346018005782,-0.291753859347622,0.323271802727192,-0.108479736918242,-0.0371994991424429,-0.170530527501112
0.943264396769144,-0.292114753335916,0.321552034001394,-0.107842799359048,-0.0349795741063348,-0.173422974541966
0.942189195755104,-0.292453456319377,0.319803348396872,-0.107195740729432,-0.0327612957102264,-0.176313873193725
0.941120514728782,-0.292769984680539,0.318025762307678,-0.106538849703021,-0.0305446461931302,-0.179203040560292
0.940058450582071,-0.293064354594699,0.316219293983079,-0.105872412230003,-0.0283296018696282,-0.18209028846127
0.939003097361762,-0.293336581970846,0.314383963581153,-0.105196711334671,-0.0261161331786353,-0.184975423306085
0.93795454630004,-0.293586682393307,0.312519793223145,-0.104512026882316,-0.0239042047589529,-0.187858246043785
0.9369128858472,-0.293814671064017,0.310626807048507,-0.103818635336303,-0.0216937755004494,-0.19073855205734
0.935878201706891,-0.294020562745287,0.308705031271183,-0.103116809538279,-0.0194847985998236,-0.193616131055963
0.934850576873274,-0.29420437170323,0.306754494236693,-0.102406818498706,-0.0172772216336326,-0.196490766998818
0.933830091670698,-0.294366111651933,0.304775226480164,-0.101688927124039,-0.015070986631983,-0.199362237985418
0.93281682379602,-0.294505795698366,0.302767260785417,-0.100963395969114,-0.0128660301549707,-0.202230316168511
0.931810848363268,-0.294623436288045,0.300730632244883,-0.100230481004859,-0.010662283361147,-0.20509476764601
0.930812237950674,-0.294719045151356,0.29866537832076,-0.0994904333801638,-0.00845967208048413,-0.207955352360647
0.929821062650229,-0.294792633250734,0.29657153890694,-0.0987434991392703,-0.0062581169103752,-0.210811824005243
0.928837390120508,-0.294844210728814,0.294449156392131,-0.0979899188521969,-0.00405753330655958,-0.213663929912412
0.927861285642148,-0.294873786857455,0.292298275723931,-0.097229927604916,-0.00185783167437429,-0.216511410947849
0.926892812173465,-0.294881369987719,0.29011894447409,-0.0964637545556281,0.000341082533223139,-0.219354001403456
0.925932030413443,-0.294866967500795,0.287911212904742,-0.0956916224858215,0.00253930873532878,-0.222191428884123
0.924978998864968,-0.294830585759772,0.285675134035907,-0.0949137477382603,0.00473695110080055,-0.225023414198015
0.924033773901378,-0.294772230062834,0.283410763713876,-0.0941303398549376,0.00693411843628576,-0.227849671260989
0.923096409835687,-0.294691904597289,0.281118160680861,-0.093341601286443,0.00913092408010443,-0.230669906943243
0.922166958993386,-0.294589612394903,0.278797386646107,-0.0925477270424808,0.0113274857982085,-0.233483820962112
0.921245471788444,-0.294465355288125,0.276448506357759,-0.0917489043471862,0.0135239256462087,-0.236291105797709
0.920331996802742,-0.294319133868084,0.274071587676023,-0.0909453123777049,0.0157203698271324,-0.239091446524438
0.91942658086788,-0.294150947443451,0.271666701647951,-0.0901371219113565,0.0179169486056258,-0.241884520692442
0.918529269151482,-0.293960794000633,0.269233922583044,-0.0893244949390257,0.0201137961375707,-0.24466999823832
0.917640105246438,-0.293748670165564,0.266773328130221,-0.088507584332821,0.0223110503552462,-0.247447541304907
0.916759131264046,-0.293514571166837,0.264284999356509,-0.087686533511923,0.0245088527195753,-0.25021680412676
0.915886387930062,-0.293258490800951,0.261769020826531,-0.0868614760661901,0.0267073482805834,-0.25297743291198
0.915021914685308,-0.292980421396362,0.259225480683707,-0.0860325353614678,0.0289066854247646,-0.255729065674811
0.914165749789407,-0.292680353782875,0.256654470732843,-0.0851998241831328,0.0311070155591133,-0.258471332096036
0.913317930428992,-0.292358277260764,0.254056086524234,-0.0843634442814097,0.0333084931264848,-0.261203853375741
0.912478492829931,-0.292014179571734,0.25143042743916,-0.083523485995961,0.035511275376965,-0.263926242089993
0.911647472373357,-0.291648046871603,0.248777596776911,-0.0826800278680504,0.0377155222047558,-0.266638102036633
0.910824903715717,-0.291259863704864,0.246097701843403,-0.0818331362195052,0.0399213959469209,-0.269339028056788
0.910010820913286,-0.2908496129812,0.243390854041639,-0.0809828646786878,0.0421290612006649,-0.272028605874519
0.909205257551317,-0.290417275953814,0.24065716896361,-0.0801292537690157,0.044338684627864,-0.274706411929778
0.908408246877136,-0.289962832199849,0.237896766484065,-0.0792723304525798,0.0465504347453494,-0.277372013214936
0.907619821938435,-0.289486259602855,0.235109770855807,-0.0784121076265119,0.048764481719773,-0.280024967077408
0.906840015725968,-0.288987534337369,0.232296310807308,-0.07754858371149,0.0509809971495622,-0.282664821017607
0.906068861320687,-0.28846663085573,0.229456519641899,-0.0766817421496092,0.0532001538372787,-0.285291112527884
0.905306392046236,-0.287923521877207,0.226590535339021,-0.0758115508852255,0.0554221255553954,-0.287903368847971
0.904552641626343,-0.287358178379494,0.223698500657864,-0.0749379618651051,0.0576470868048154,-0.290501106769366
0.903807644347391,-0.286770569592655,0.220780563242708,-0.0740609105368851,0.0598752125700951,-0.293083832434352
0.903071435225977,-0.286160662995581,0.217836875730756,-0.0731803153026408,0.0621066780533945,-0.295651041077765
0.902344050182119,-0.285528424315201,0.214867595862348,-0.0722960770159171,0.0643416584022766,-0.298202216800174
0.901625526217253,-0.284873817528356,0.211872886593503,-0.0714080784080471,0.0665803284385168,-0.300736832320328
0.900915901598683,-0.284196804866506,0.208852916211036,-0.070516183515465,0.0688228623694323,-0.303254348719165
0.900215216048884,-0.283497346823348,0.20580785845028,-0.0696202371488471,0.0710694334856397,-0.305754215160527
0.899523510941033,-0.282775402165623,0.202737892615752,-0.0687200642668785,0.0733202138336448,-0.308235868597876
0.898840829500429,-0.282030927947202,0.199643203704732,-0.0678154693774338,0.0755753738849265,-0.31069873346839
0.898167217011873,-0.281263879526442,0.196523982533981,-0.0669062360031484,0.077835082221877,-0.313142221396742
0.897502721032377,-0.280474210586787,0.193380425869377,-0.0659921260314214,0.0800995051706867,-0.315565730868396
0.896847391611295,-0.279661873161392,0.190212736559245,-0.065072879024668,0.0823688064055836,-0.317968646847383
0.896201281516016,-0.2788268176614,0.187021123671316,-0.0641482117325523,0.0846431465936994,-0.320350340435711
0.895564446463251,-0.277968992907981,0.183805802633093,-0.0632178173871104,0.0869226829871712,-0.322710168508288
0.894936945358154,-0.27708834616879,0.180566995376274,-0.0622813649806152,0.0892075689570255,-0.325047473273204
0.894318840539488,-0.276184823198992,0.177304930485615,-0.0613384986969517,0.0914979535679672,-0.327361581846948
0.893710198030879,-0.275258368286454,0.174019843351927,-0.0603888372670444,0.0937939811269905,-0.329651805822104
0.893111087798691,-0.274308924301926,0.170711976329725,-0.0594319733018944,0.0960957906653033,-0.331917440784027
0.892521584016859,-0.273336432754421,0.167381578899786,-0.0584674725352491,0.0984035154067928,-0.334157765808476
0.891941765338987,-0.272340833851994,0.164028907836868,-0.0574948732495072,0.100717282234102,-0.336372042934167
0.891371715175455,-0.271322066567929,0.160654227382822,-0.0565136856463755,0.103037211110446,-0.338559516608849
0.890811521978501,-0.270280068713176,0.157257809425447,-0.0555233910477115,0.105363414431713,-0.340719413090265
0.890261279533918,-0.269214777015214,0.153839933683454,-0.0545234413409855,0.107695996392517,-0.342850939841404
0.889721087258497,-0.268126127203397,0.150400887897539,-0.0535132582879196,0.110035052297009,-0.344953284883813
0.889191050504952,-0.267014054101668,0.146940968028332,-0.0524922328786772,0.11238066779497,-0.347025616092633
0.88867128087219,-0.265878491728884,0.143460478461403,-0.0514597247558359,0.114732918131396,-0.349067080483638
0.888161896522569,-0.264719373406955,0.139959732219608,-0.0504150614662851,0.117091867286335,-0.351076803450553
0.887663022505509,-0.26353663187809,0.136439051183303,-0.0493575380268161,0.119457567089478,-0.353053887967605
0.887174791084966,-0.262330199430718,0.132898766318623,-0.0482864163431391,0.121830056284589,-0.354997413759884
0.886697342074495,-0.261100008035671,0.129339217914394,-0.0472009245360587,0.124209359480812,-0.356906436412533
0.886230823177003,-0.259845989492767,0.125760755828145,-0.0461002565322731,0.126595486080548,-0.358779986442159
0.885775390329391,-0.258568075588677,0.12216373974154,-0.0449835715000792,0.128988429112729,-0.360617068345341
0.885331208052132,-0.257266198266765,0.118548539425441,-0.043849993570465,0.131388163995938,-0.362416659619478
0.884898449800522,-0.255940289809763,0.114915535015119,-0.0426986115329924,0.133794647207722,-0.364177709697429
0.884477298320816,-0.25459028303622,0.111265117296381,-0.0415284783641996,0.136207814863434,-0.365899138867271
0.884067946009286,-0.253216111511725,0.107597688002426,-0.0403386110766695,0.138627581166883,-0.367579837165035
0.883670595272501,-0.251817709776354,0.103913660122268,-0.0391279905493941,0.141053836729461,-0.36921866319754
0.883285458889112,-0.250395013589083,0.100213458220836,-0.0378955615408862,0.143486446885622,-0.370814442983399
0.882912760370232,-0.248947960189624,0.0964975187708202,-0.0366402327755996,0.145925249794214,-0.37236596873836
0.882552734319939,-0.247476488580708,0.0927662904970467,-0.0353608769695478,0.148370054359017,-0.373871997612805
0.882205626793812,-0.245980539831114,0.0890202347332924,-0.0340563311948861,0.150820638086703,-0.375331250464706
0.881871695652706,-0.244460057401169,0.0852598257913862,-0.0327253974146837,0.153276744767791,-0.37674241061153
0.88155121091116,-0.242914987491985,0.0814855513429733,-0.0313668430170122,0.155738082033049,-0.378104122566066
0.88124445507986,-0.241345279420329,0.0776979128138169,-0.0299794015382377,0.158204318637489,-0.379414990780515
0.88095172349918,-0.239750886021611,0.0738974257905097,-0.0285617736947668,0.16067508164126,-0.380673578450279
0.880673324661182,-0.238131764081377,0.0700846204387582,-0.0271126286724419,0.163149953415422,-0.381878406359902
0.880409580518154,-0.236487874798304,0.0662600419331646,-0.0256306054376552,0.165628468435578,-0.383027951774406
0.880160826777398,-0.234819184279836,0.0624242508975659,-0.0241143143672629,0.168110109860326,-0.38412064741139
0.879927413176818,-0.233125664073598,0.0585778238552325,-0.0225623393037167,0.170594305895667,-0.385154880536689
0.879709703739665,-0.231407291735672,0.0547213536872248,-0.0209732397157709,0.173080425968975,-0.386128992203839
0.879508077005463,-0.229664051438427,0.0508554500978218,-0.0193455533998022,0.17556777674329,-0.387041276632048
0.879322926233319,-0.227895934619098,0.0469807400850575,-0.0176777989456342,0.178055597792925,-0.387889980800449
0.879154659578002,-0.226102940673108,0.0430978684141153,-0.0159684796236804,0.18054305724694,-0.388673304303736
0.87900370022203,-0.224285077690439,0.0392074980908017,-0.0142160867383497,0.183029247187239,-0.389389399453852
0.878870486482555,-0.222442363241672,0.0353103108326713,-0.0124191030873076,0.18551317861763,-0.390036371698555
0.878755471867602,-0.220574825212607,0.0314070075337694,-0.0105760085226478,0.187993776695129,-0.390612280464581
0.878659125082141,-0.218682502687479,0.027498308719023,-0.00868528449121746,0.190469875695655,-0.391115140386844
0.878581929991393,-0.216765446882819,0.0235849549840969,-0.00674541819332377,0.192940214139758,-0.39154292301416
0.878524385537299,-0.214823722140577,0.0196677074154877,-0.00475490829576874,0.195403426342358,-0.391893559046275
0.878487005573754,-0.21285740698913,0.0157473479853827,-0.00271227630496893,0.197858043072739,-0.392164941178976
0.878470318609595,-0.21086659517888,0.0118246799146468,-0.000616067491819629,0.200302484198705,-0.392354927619041
0.878474867572228,-0.208851396876537,0.00790052799740746,0.00153514281874336,0.202735048198216,-0.392461346261131
0.878501209422336,-0.206811939859382,0.00397573888015628,0.00374273674089916,0.20515391311979,-0.392481999630849
0.878549914712893,-0.204748370755202,5.11812872378316e-05,0.00600804881690561,0.207557129997464,-0.392414670664501
0.878621567065718,-0.20266085633609,-0.0038722538157194,0.00833235710914561,0.209942618205451,-0.392257129348165
0.878716762564571,-0.200549584855361,-0.00779365312916674,0.0107168740645076,0.212308161560372,-0.392007140237213
0.878836109050693,-0.198414767420067,-0.0117120810067458,0.0131627376628268,0.214651404933606,-0.3916624709017
0.878980225339152,-0.196256639396017,-0.0156265795316356,0.0156710029339433,0.216969851280735,-0.391220901320169
0.879149740338561,-0.19407546183823,-0.0195361686916211,0.0182426319949798,0.219260859519752,-0.39068023424662
0.879345292075329,-0.191871522937888,-0.0234398466625302,0.0208784847530761,0.22152164341351,-0.39003830647566
0.879567526625009,-0.189645139475193,-0.0273365902085281,0.023579309548198,0.223749271438384,-0.389293000982857
0.879817096950303,-0.187396658268886,-0.031225355208447,0.0263457340047636,0.225940667658727,-0.388442259965933
0.880094661650787,-0.185126457610682,-0.0351050773163767,0.0291782564960166,0.228092613886534,-0.387484098628656
0.880400883628247,-0.182834948671463,-0.0389746727634587,0.0320772376326866,0.230201753166026,-0.386416619643614
0.880736428666777,-0.18052257686528,-0.0428330393072192,0.0350428919558335,0.23226459480517,-0.385238028139863
0.881101963935654,-0.178189823155302,-0.0466790573326833,0.0380752809406706,0.234277520837002,-0.383946647086052
0.881498156427718,-0.175837205288264,-0.0505115911089604,0.0411743067707897,0.236236794012207,-0.382540932945824
0.881925671336967,-0.173465278940014,-0.0543294902024931,0.0443397066535438,0.238138567486009,-0.381019491313939
0.88238517038557,-0.171074638756769,-0.0581315910459446,0.0475710483737947,0.239978896034775,-0.379381092407059
0.882877310112873,-0.16866591927602,-0.0619167186604951,0.0508677271904184,0.241753748897322,-0.377624686179009
0.883402740139612,-0.166239795711246,-0.0656836885259575,0.054228963850339,0.243459024154746,-0.375749416737568
0.88396210141757,-0.163796984585701,-0.0694313085909865,0.0576538038363266,0.245090564506371,-0.373754635935942
0.884556024480131,-0.161338244201895,-0.0731583814141447,0.0611411182623686,0.246644174354706,-0.371639915875301
0.885185127709117,-0.158864374933996,-0.0768637064230543,0.0646896061974794,0.248115638105794,-0.36940505998656
0.885850015630581,-0.156376219332294,-0.0805460822768616,0.0682977980479049,0.249500739390568,-0.367050112619413
0.886551277251861,-0.153874662031781,-0.0842043093162577,0.0719640607705185,0.25079528102058,-0.364575366866026
0.88728948446034,-0.151360629458159,-0.0878371920818022,0.0756866045243722,0.251995105487518,-0.361981370434435
0.888065190491628,-0.148835089327317,-0.0914435418810624,0.0794634901934064,0.253096115735129,-0.359268929467034
0.888878928480881,-0.146299049936911,-0.0950221793828007,0.0832926384091103,0.25409429590222,-0.356439110152051
0.88973121010994,-0.143753559251807,-0.0985719372163496,0.0871718396254978,0.254985731790114,-0.353493238130027
0.890622524359952,-0.14119970378745,-0.102091662553891,0.091098765185764,0.255766630713292,-0.350432895683567
0.891553336378507,-0.1386386072988,-0.105580219653396,0.0950709789832727,0.256433340579899,-0.347259916641545
0.892524086465448,-0.13607142928302,-0.109036492339272,0.0990859497055851,0.256982367923432,-0.343976379081954
0.893535189185441,-0.133499363308814,-0.112459386400027,0.103141063826881,0.257410394577875,-0.340584596033755
0.894587032610961,-0.130923635186028,-0.115847831883079,0.107233638548919,0.257714292869127,-0.337087104215818
0.895679977694084,-0.128345500991819,-0.119200785267952,0.111360934809253,0.25789113912401,-0.333486651037703
0.896814357769043,-0.125766244970622,-0.122517231501889,0.115520170181394,0.257938225334965,-0.329786180098986
0.897990478181623,-0.12318717732703,-0.125796185883273,0.119708531544884,0.257853068977988,-0.325988815257666
0.899208616044869,-0.120609631930042,-0.129036695780131,0.123923187448385,0.257633420792377,-0.322097843725396
0.900469020113201,-0.118034963950268,-0.132237842175933,0.128161299408966,0.257277270544446,-0.318116698330638
0.901771910766783,-0.115464547448835,-0.135398741034139,0.132420032944273,0.256782850795904,-0.31404893918474
0.903117480104151,-0.112899772938976,-0.138518544478197,0.136696567702947,0.256148638755404,-0.309898235012966
0.904505892129355,-0.110342044937772,-0.141596441783636,0.14098810673845,0.255373356245083,-0.305668344427715
0.905937283029331,-0.107792779528226,-0.144631660184342,0.145291884709958,0.254455967844441,-0.301363097389497
0.907411761525711,-0.105253401947443,-0.147623465494299,0.149605175203789,0.253395677411819,-0.296986376982762
0.908929409298653,-0.102725344218031,-0.150571162550344,0.15392529718375,0.252191923061232,-0.292542101796888
0.910490281466912,-0.100210042835897,-0.153474095481855,0.158249620347373,0.250844370841711,-0.288034209009162
0.912094407119338,-0.0977089365279196,-0.156331647815692,0.162575569551407,0.249352907169915,-0.283466638327497
0.913741789882977,-0.095223464090186,-0.159143242425065,0.166900628161562,0.247717630281065,-0.278843316892995
0.91543240852343,-0.0927550623163393,-0.161908341333075,0.171222340883006,0.245938840793175,-0.27416814530371
0.917166217571232,-0.0903051640237794,-0.164626445382226,0.175538316577792,0.244017031608412,-0.269444984813461
0.918943147964853,-0.0878751961834884,-0.167297093781668,0.179846226973195,0.241952877309636,-0.264677645621223
0.920763107674866,-0.0854665781577394,-0.169919863543084,0.184143808276776,0.239747223191824,-0.259869876428508
0.922625982368817,-0.0830807200490215,-0.172494368818762,0.188428862689008,0.237401074055139,-0.255025355169396
0.924531636051957,-0.0807190211612406,-0.17502026015212,0.192699255590113,0.234915582910991,-0.250147680923235
0.926479911698032,-0.0783828685742671,-0.177497223654345,0.196952915124005,0.232292039702006,-0.245240367105523
0.928470631870154,-0.0760736358300505,-0.17992498011766,0.201187830694025,0.229531860235003,-0.240306835613436
0.930503599323664,-0.0737926817286546,-0.182303284075358,0.205402051022653,0.226636575282966,-0.235350412071071
0.932578597589677,-0.0715413492318298,-0.184631922819989,0.209593682220726,0.22360782000734,-0.230374322180373
0.934695391537951,-0.0693209644706099,-0.186910715389574,0.213760885446767,0.22044732369928,-0.225381688924775
0.936853727914837,-0.0671328358535564,-0.189139511529778,0.217901874527589,0.217156899988672,-0.22037553060023
0.939053335859047,-0.0649782532699193,-0.191318190640919,0.222014913685994,0.213738437600011,-0.215358759726477
0.94129392739248,-0.0628584873830927,-0.1934466607173,0.226098314866535,0.210193891555493,-0.210334182517026
0.943575197884861,-0.0607747890100356,-0.195524857284289,0.230150435374436,0.206525274727727,-0.205304499111257
0.945896826496571,-0.0587283885824536,-0.197552742342179,0.234169675588942,0.202734650110405,-0.200272304532438
0.948258476596469,-0.0567204956812702,-0.199530303320438,0.238154476428014,0.198824123665772,-0.195240089776302
0.950659796155844,-0.0547522986419378,-0.201457552044723,0.242103317112308,0.194795837425933,-0.190210243444559
0.953100418121855,-0.052824964225183,-0.203334523724179,0.246014713332194,0.19065196335772,-0.185185054035949
0.955579960772491,-0.050939637346078,-0.205161275962103,0.249887215115582,0.186394697675832,-0.180166712244625
0.958098028048666,-0.0490974408583479,-0.206937887789823,0.253719404786155,0.182026255652781,-0.175157313448324
0.960654209870939,-0.0472994753877143,-0.208664458728141,0.257509895791557,0.177548866787911,-0.170158860692528
0.963248082442455,-0.0455468192124788,-0.210341107879175,0.261257330688478,0.172964770438751,-0.165173267654569
0.965879208530077,-0.0438405281838605,-0.21196797304732,0.264960379692016,0.168276212023096,-0.16020236165545
0.968547137739955,-0.0421816356834294,-0.213545209892209,0.26861774028648,0.163485439531596,-0.15524788698835
0.97125140678399,-0.0405711526136463,-0.21507299111481,0.272228135830564,0.158594700211445,-0.15031150813113
0.973991539730906,-0.0390100674199534,-0.216551505674726,0.275790314178312,0.153606237919261,-0.145394812868896
0.976767048248243,-0.0374993461358641,-0.217980958039767,0.279303047243682,0.148522290664786,-0.14049931563621
0.979577431842897,-0.0360399324545305,-0.219361567469222,0.282765130970226,0.143345088237974,-0.135626460815326
0.982422178098199,-0.0346327478198021,-0.220693567328549,0.286175384405936,0.13807685036978,-0.130777625736445
0.985300762900444,-0.033278691535975,-0.221977204434016,0.289532649234654,0.132719784999925,-0.125954123790293
0.988212650667856,-0.0319786408931594,-0.223212738429489,0.292835790139825,0.127276086760679,-0.121157207605831
0.991157294578878,-0.0307334513076503,-0.224400441192985,0.296083694349823,0.12174793558358,-0.116388071801423
0.994134136795797,-0.0295439564737719,-0.225540596270167,0.299275271485002,0.116137495843765,-0.111647855813159
0.997142608692033,-0.0284109685243788,-0.226633498337804,0.302409454326715,0.110446915141869,-0.106937646904523
1.00018213108365,-0.0273352782043651,-0.227679452693944,0.305485198267929,0.104678323529229,-0.102258482301876
1.00325211445444,-0.0263176550485152,-0.228678774768733,0.308501482056778,0.0988338326184096,-0.0976113518467722
1.00635195919593,-0.0253588475708156,-0.229631789665467,0.311457307955484,0.0929155351818391,-0.0929972005239768
1.00948105583898,-0.0244595834524435,-0.230538831721184,0.314351702281187,0.0869255045970446,-0.0884169306182913
1.01263878530355,-0.023620569743206,-0.231400244091648,0.31718371603731,0.0808657938379038,-0.0838714037488841
1.01582451914123,-0.0228424930633621,-0.232216378353207,0.319952425108045,0.0747384359011979,-0.0793614429440439
1.01903761979147,-0.0221260198056839,-0.232987594128216,0.322656930805441,0.068545442944137,-0.0748878344523739
1.02227744083272,-0.0214717963487077,-0.233714258722739,0.325296360044152,0.0622888058496138,-0.0704513291633726
1.02554332724723,-0.0208804492678236,-0.234396746783832,0.327869866704006,0.055970494148338,-0.0660526446821461
1.02883461568984,-0.0203525855532129,-0.235035439973874,0.330376631265648,0.0495924553405974,-0.0616924665939299
1.03215063475534,-0.0198887928293277,-0.235630726656265,0.332815861682889,0.0431566151712266,-0.0573714498541336
1.03549070526095,-0.019489639573427,-0.236183001597035,0.335186794381697,0.0366648770442636,-0.0530902201533966
1.03885414052559,-0.0191556753425235,-0.236692665676251,0.337488692930344,0.030119121826212,-0.0488493747732245
1.04224024665305,-0.0188874309969023,-0.237160125609681,0.339720852623921,0.0235212077328334,-0.0446494838177446
1.04564832286109,-0.01868541893107,-0.237585793682602,0.341882598328964,0.0168729698053642,-0.0404910911543834
1.049077661742,-0.0185501333049961,-0.23797008748995,0.343973281875087,0.010176219738783,-0.0363747149578783
1.05252754956607,-0.0184820502798496,-0.238313429683611,0.345992286807551,0.00343274571942322,-0.0323008486441621
1.05599726659271,-0.0184816282535624,-0.238616247729337,0.347939027264227,-0.00335568807660614,-0.0282699616215119
1.05948608737364,-0.0185493081039376,-0.238878973668042,0.349812947572594,-0.0101873415387123,-0.0242824995497233
1.06299328105739,-0.0186855134272776,-0.239102043880507,0.351613523021039,-0.0170604987896038,-0.0203388848883466
1.06651811170356,-0.0188906507862437,-0.239285898858157,0.353340260493393,-0.0239734689102064,-0.0164395172947143
1.07005983859572,-0.019165109958836,-0.23943098297601,0.354992697681533,-0.0309245859609154,-0.0125847739494408
1.07361771654696,-0.0195092641900875,-0.239537744269867,0.356570402976037,-0.0379122093324909,-0.00877500978775992
1.07719099620994,-0.0199234704467444,-0.239606634213445,0.358072975848307,-0.0449347240244347,-0.00501055749733666
1.08077892438652,-0.020408069674944,-0.239638107497579,0.359500046655173,-0.0519905409790564,-0.00129172790051107
1.08438074433426,-0.0209633870611442,-0.239632621812357,0.360851275971132,-0.0590780973407497,0.0023811900643776
1.08799569606618,-0.0215897322952957,-0.239590637627092,0.362126354485712,-0.0661958567343448,0.00600792943213579
1.0916230166519,-0.0222873998373421,-0.239512617971449,0.363325002491748,-0.0733423095601444,0.00958824512799937
1.09526194050846,-0.0230566691862433,-0.239399028215902,0.364446969318982,-0.0805159732961059,0.0131219140670092
1.09891169969116,-0.0238978051520617,-0.239250335851768,0.365492033071144,-0.0877153926658174,0.0166087351689952
1.10257152417574,-0.0248110581288199,-0.239067010270784,0.366459999613611,-0.094939139813986,0.020048529459304
1.10624064213184,-0.0257966643703427,-0.238849522543082,0.367350701682036,-0.102185814567616,0.0234411402720091
1.10991828018801,-0.0268548462675679,-0.238598345193626,0.368163998306972,-0.109454044549135,0.0267864332799151
1.11360366369152,-0.0279858126273314,-0.238313951978734,0.368899773926838,-0.116742485343379,0.030084296597654
1.1172960169557,-0.0291897589523244,-0.237996817660541,0.369557937186085,-0.124049820516289,0.0333346409450583
1.12099456349778,-0.0304668677207799,-0.237647417780665,0.370138420057371,-0.131374761637235,0.0365373997373828
1.12469852626661,-0.0318173086669931,-0.237266228432642,0.370641176668965,-0.138716048343424,0.0396925291731679
1.12840712785815,-0.033241239061576,-0.236853726033866,0.371066182144995,-0.146072448231519,0.0428000083101053
1.13211959071978,-0.0347388039903783,-0.236410387096594,0.371413431421616,-0.153442756743215,0.0458598391018792
1.13583513734184,-0.0363101366324222,-0.235936687999111,0.371682937946188,-0.160825797037667,0.0488720464103142
1.13955299043626,-0.0379553585359456,-0.235433104756451,0.371874732362396,-0.168220419753946,0.0518366779992741
1.14327237310179,-0.0396745798918198,-0.234900112791789,0.371988861165266,-0.17562550273063,0.0547538044858135
1.14699250897601,-0.0414678998040215,-0.234338186708104,0.372025385426337,-0.183039950696164,0.0576235192533353
1.15071262237452,-0.043335406556674,-0.233747800061448,0.371984379423172,-0.190462694873737,0.0604459382885808
1.15443193841553,-0.0452771778766486,-0.233129425135581,0.371865929166113,-0.197892692510688,0.0632212000268533
1.1581496831304,-0.0472932811914853,-0.232483532718582,0.371670131056127,-0.205328926419399,0.0659494651311991
1.16186508356081,-0.0493837738823618,-0.231810591881959,0.371397090525323,-0.212770404394989,0.0686309161910181
1.16557736784219,-0.0515487035306087,-0.231111069763048,0.37104692066623,-0.220216158581827,0.0712657574077281
1.16928576527353,-0.0537881081581253,-0.230385431350512,0.370619740863243,-0.227665244824073,0.073854214240088
1.17298950637369,-0.0561020164606947,-0.22963413927399,0.370115675526081,-0.235116741936554,0.0763965329607376
1.17668782292546,-0.0584904480339552,-0.228857653598243,0.369534852763516,-0.242569750936967,0.078892980191161
1.18037994800582,-0.060953413591319,-0.228056431622214,0.368877403170389,-0.250023394229782,0.0813438423810714
1.18406511600545,-0.0634909151736884,-0.227230927683538,0.368143458626337,-0.25747681475772,0.0837494252487894
1.18774256263519,-0.0661029463502365,-0.226381592968874,0.367333151173322,-0.264929175074224,0.086110053156348
1.19141152492292,-0.0687894924099175,-0.225508875330765,0.366446611924356,-0.272379656438641,0.0884260684644892
1.19507124119818,-0.0715505305438143,-0.224613219110896,0.365483969998345,-0.279827457832849,0.0906978308610733
1.19872095106823,-0.0743860300171686,-0.223695064970566,0.364445351617825,-0.287271794956824,0.0929257166075084
1.20235989538406,-0.0772959523318377,-0.222754849728745,0.363330879211507,-0.294711899261245,0.0951101177840339
1.20598731619898,-0.0802802513784919,-0.221793006207744,0.362140670653569,-0.302147016871818,0.0972514415056334
1.20960245671889,-0.0833388735780362,-0.220809963086946,0.360874838495747,-0.30957640754979,0.0993501091082389
1.21320456124595,-0.0864717580129133,-0.219806144764752,0.35953348930943,-0.316999343656219,0.101406555305648
1.21679287511569,-0.0896788365476819,-0.218781971229176,0.35811672314627,-0.32441510908223,0.103421227318357
1.22036664462961,-0.0929600339390581,-0.21773785793707,0.356624633034197,-0.33182299818392,0.105394584015103
1.22392511698228,-0.0963152679352206,-0.216674215701963,0.355057304512446,-0.339222314732164,0.107327095045539
1.22746754018523,-0.0997444493649327,-0.215591450590709,0.353414815411478,-0.346612370901933,0.109219239942628
1.2309931629887,-0.103247482216315,-0.214489963829185,0.351697235573707,-0.35399248620461,0.11107150722061
1.2345012348002,-0.106824263704984,-0.213370151716929,0.349904626593246,-0.361361986476318,0.112884393483918
1.23799100560178,-0.110474684332578,-0.212232405550574,0.348037041786115,-0.368720202916622,0.11465840257412
1.24146172586729,-0.114198627935431,-0.211077111555788,0.346094526198666,-0.376066471105829,0.116394044681862
1.2449126464796,-0.117995971723625,-0.209904650828308,0.34407711658058,-0.383400130056701,0.1180918354714
1.24834301864817,-0.121866586310794,-0.208715399283319,0.341984841566402,-0.39072052132851,0.119752295240442
1.25175209382911,-0.125810335735253,-0.207509727613361,0.339817721841249,-0.398026988140491,0.121375948093087
1.25513912364626,-0.129827077472232,-0.206288001254165,0.337575770343286,-0.405318874535777,0.122963321151063
1.25850335981557,-0.133916662438262,-0.205050580358578,0.335258992583487,-0.412595524587537,0.124514943731898
1.26184405407218,-0.138078934987437,-0.203797819778286,0.332867386972153,-0.419856281619463,0.126031346657105
1.26516045810177,-0.14231373290044,-0.202530069052336,0.330400945277387,-0.427100487508282,0.127513061462871
1.2684518234763,-0.146620887366571,-0.20124767240407,0.327859653058892,-0.434327481985691,0.128960619686289
1.27171740159396,-0.151000222959027,-0.199950968743943,0.325243490068332,-0.441536602002809,0.130374552220933
1.27495644362374,-0.155451557604236,-0.198640291679452,0.322552430845327,-0.448727181161513,0.131755388708194
1.2781682004565,-0.15997470254559,-0.197315969530302,0.319786445280205,-0.455898549161666,0.133103656914362
1.28135192266073,-0.164569462301662,-0.195978325357947,0.316945499118014,-0.463050031245542,0.134419879949882
1.28450686044451,-0.169235634619273,-0.194627676999518,0.314029554657,-0.470180947772775,0.135704582357984
1.28763226362413,-0.173973010422843,-0.193264337042426,0.311038571305508,-0.477290613816538,0.136958285110156
1.29072738159808,-0.178781373759297,-0.191888612919943,0.30797250624552,-0.484378338756189,0.13818150089295
1.29379146332848,-0.183660501739634,-0.190500806945604,0.304831315093869,-0.49144342597368,0.139374740172153
1.29682375732819,-0.188610164477316,-0.189101216351912,0.301614952510874,-0.498485172523856,0.140538508624644
1.29982351165494,-0.19363012502359,-0.187690133340117,0.298323372923329,-0.505502868879976,0.141673306762845
1.30278997391248,-0.198720139300754,-0.186267845133608,0.294956531228014,-0.512495798744377,0.142779629594485
1.30572239125842,-0.203879956033493,-0.184834634034425,0.291514383375551,-0.519463238864899,0.143857966338802
1.30862001041782,-0.209109316678554,-0.183390777482508,0.287996887062432,-0.526404458884366,0.14490880014556
1.3114820777047,-0.214407955353066,-0.181936548117737,0.284404002469451,-0.533318721216005,0.145932607845016
1.31430783904946,-0.21977559876181,-0.180472213844087,0.280735692785291,-0.54020528097349,0.146929859755862
1.31709654003233,-0.22521196612409,-0.178998037895725,0.276991924934359,-0.54706338594255,0.147901019486363
1.31984742592436,-0.230716769100308,-0.177514278904988,0.273172670223267,-0.553892276551871,0.148846543776403
1.3225597417338,-0.236289711718411,-0.176021190971665,0.269277904910139,-0.560691185894275,0.149766882371599
1.32523273225907,-0.241930490300761,-0.174519023733569,0.26530761086561,-0.567459339757811,0.150662477906766
1.32786564214762,-0.247638793391252,-0.173008022438047,0.261261776108045,-0.574195956681339,0.151533765829761
1.33045771596022,-0.253414301683429,-0.171488428014185,0.257140395399973,-0.580900248076125,0.152381174331828
1.3330081982414,-0.259256687949696,-0.169960477145653,0.252943470797319,-0.587571418311235,0.153205124303829
1.33551633359483,-0.265165616971486,-0.168424402343781,0.248671012184156,-0.594208664866089,0.154006029317584
1.33798136676454,-0.271140745471201,-0.16688043202086,0.244323037813157,-0.600811178452214,0.154784295608231
1.3404025427207,-0.277181722045045,-0.165328790563465,0.239899574745076,-0.607378143175988,0.15554032209012
1.34277910675034,-0.283288187098274,-0.163769698405516,0.235400659384207,-0.613908736756395,0.156274500382485
1.34511030455319,-0.289459772782074,-0.162203372101089,0.230826337916012,-0.620402130706019,0.156987214843359
1.34739538234138,-0.295696102932716,-0.160630024396775,0.226176666728595,-0.626857490559604,0.157678842619582
1.34963358694374,-0.301996793012707,-0.159049864303489,0.221451712810598,-0.633273976061452,0.158349753714222
1.35182416591356,-0.308361450054098,-0.157463097167531,0.216651554172548,-0.639650741434669,0.159000311055949
1.35396636764114,-0.314789672604676,-0.155869924740972,0.211776280220965,-0.645986935625807,0.1596308705801
1.35605944146896,-0.321281050676153,-0.154270545251081,0.206825992075477,-0.652281702523699,0.160241781325255
1.35810263781087,-0.32783516569514,-0.152665153468839,0.201800802920348,-0.658534181273609,0.160833385529137
1.36009520827408,-0.334451590457098,-0.151053940776413,0.196700838310137,-0.664743506531012,0.161406018733158
1.3620364057845,-0.341129889082612,-0.149437095233588,0.191526236466379,-0.670908808720195,0.161960009892387
1.36392548471466,-0.347869616976624,-0.147814801643042,0.18627714854875,-0.677029214332973,0.162495681491732
1.36576170101447,-0.354670320790393,-0.146187241614447,0.180953738886256,-0.683103846180276,0.163013349670152
1.36754431234382,-0.361531538386158,-0.144554593627297,0.175556185216638,-0.689131823715274,0.163513324342921
1.36927257820817,-0.368452798805365,-0.142917033092544,0.170084678929631,-0.695112263370465,0.163995909325502
1.3709457600958,-0.375433622239633,-0.141274732412934,0.164539425234864,-0.701044278776881,0.164461402464725
1.37256312161705,-0.382473520004101,-0.139627861042049,0.158920643374916,-0.706926981085751,0.164910095769603
1.37412392864543,-0.389571994514416,-0.137976585542005,0.153228566741629,-0.712759479269102,0.165342275545698
1.37562744945971,-0.396728539266106,-0.136321069639837,0.147463443045834,-0.718540880404851,0.165758222525835
1.37707295488807,-0.403942638817558,-0.134661474282561,0.141625534459422,-0.724270290031067,0.166158212003269
1.37845971845319,-0.411213768775915,-0.13299795769091,0.135715117758343,-0.72994681240229,0.1665425139626
1.37978701651904,-0.418541395785686,-0.131330675411753,0.129732484398274,-0.735569550798081,0.166911393216779
1.38105412843764,-0.425924977520542,-0.129659780369124,0.12367794058646,-0.741137607804549,0.167265109538668
1.38226033669747,-0.4333639626778,-0.127985422914009,0.117551807389893,-0.746650085640507,0.16760391778836
1.38340492707199,-0.440857790976517,-0.126307750872799,0.111354420765585,-0.752106086460171,0.167928068046382
1.38448718876915,-0.448405893157942,-0.124626909594451,0.105086131657438,-0.757504712606807,0.168237805738951
1.38550641458136,-0.456007690989145,-0.122943041996414,0.098747306023117,-0.762845066957396,0.168533371762688
1.38646190103588,-0.463662597269822,-0.121256288609293,0.0923383248773354,-0.768126253195278,0.168815002611307
1.38735294854542,-0.471370015841574,-0.119566787620255,0.0858595842913573,-0.7733473760692,0.16908293049736
1.38817886155865,-0.479129341600184,-0.117874674915257,0.0793114953953553,-0.778507541726533,0.169337383471272
1.38893894871093,-0.486939960511051,-0.116180084120067,0.0726944843862358,-0.783605857968378,0.1695785855391
1.38963252297488,-0.494801249627037,-0.114483146640148,0.0660089925360531,-0.78864143456785,0.169806756774126
1.39025890181121,-0.502712577109809,-0.11278399169942,0.0592554761596607,-0.793613383510061,0.170022113430989
1.3908174073187,-0.510673302252849,-0.111082746377887,0.0524344065741575,-0.798520819268422,0.17022486805614
1.39130736638443,-0.518682775508094,-0.109379535648197,0.0455462701090918,-0.803362859045047,0.170415229590912
1.39172811083352,-0.526740338514421,-0.107674482411172,0.0385915680321681,-0.808138623177543,0.1705934034774
1.3920789775782,-0.534845324133385,-0.105967707530283,0.0315708164895929,-0.812847235997705,0.170759591759487
1.39235930876636,-0.542997056484757,-0.104259329865152,0.024484546457055,-0.817487824104948,0.170913993179872
1.39256845192968,-0.55119485096688,-0.102549466304078,0.0173333037168051,-0.822059517816688,0.171056803274902
1.39270576013132,-0.559438014311529,-0.100838231795644,0.0101176487522887,-0.826561452854949,0.171188214467706
1.39277059211234,-0.56772584462651,-0.0991257393793931,0.00283815665676869,-0.830992768857752,0.17130841615752
1.39276231243761,-0.576057631438192,-0.0974121002156367,-0.00450458291038419,-0.835352609927743,0.171417594805197
1.39268029164104,-0.584432655737654,-0.095697423614414,-0.0119099658281696,-0.839640124998698,0.171515934018652
1.3925239063696,-0.592850190031079,-0.0939818170636146,-0.01937737360665,-0.843854468177351,0.171603614632642
1.3922925395267,-0.601309498392262,-0.0922653862563209,-0.0269061734790042,-0.847994798918074,0.171680814787033
1.3919855804143,-0.609809836517112,-0.0905482351173703,-0.0344957185032336,-0.852060282213294,0.171747710003184
1.39160242487429,-0.618350451780264,-0.0888304658291772,-0.0421453476712441,-0.856050088891145,0.171804473256257
1.39114247542844,-0.626930583295039,-0.0871121788568424,-0.0498543860135176,-0.85996339587158,0.171851275045286
1.39060514141766,-0.635549461975024,-0.0853934729725714,-0.0576221447094453,-0.863799386331038,0.171888283461619
1.38998983913969,-0.644206310597956,-0.083674445279421,-0.0654479212267545,-0.867557249968479,0.171915664253986
1.38929599198575,-0.652900343872132,-0.081955191234415,-0.0733309994152096,-0.871236183225476,0.1719335808906
1.3885230305761,-0.661630768504805,-0.0802358046710427,-0.0812706496543913,-0.874835389490841,0.171942194620173
1.38767039289396,-0.670396783272792,-0.0785163778211609,-0.0892661289742945,-0.878354079324535,0.171941664529865
1.38673752441857,-0.679197579095297,-0.0767970013363292,-0.0973166811824047,-0.881791470682506,0.171932147601088
1.38572387825655,-0.688032339108957,-0.075077764308598,-0.105421536999738,-0.885146789126861,0.171913798762934
1.38462891527222,-0.696900238744894,-0.0733587542907738,-0.113579914207451,-0.888419268029188,0.171886770943661
1.38345210421612,-0.705800445807834,-0.0716400573161786,-0.121791017788399,-0.891608148768121,0.171851215119645
1.38219292185247,-0.714732120557158,-0.0699217579179326,-0.130054040060398,-0.894712680934078,0.17180728036298
1.3808508530849,-0.723694415790094,-0.0682039391477646,-0.138368160839924,-0.897732122537494,0.171755113886835
1.37942539108088,-0.732686476926857,-0.0664866825943886,-0.146732547565886,-0.900665740197462,0.171694861088387
1.3779160373947,-0.74170744209771,-0.0647700684014502,-0.1551463554702,-0.903512809337475,0.171626665590766
1.37632230208866,-0.750756442231961,-0.0630541752850681,-0.163608727740381,-0.906272614371416,0.171550669282733
1.37464370385286,-0.759832601148796,-0.0613390805509875,-0.172118795649436,-0.908944448897267,0.171467012356246
1.37287977012355,-0.768935035650087,-0.0596248601113668,-0.180675678729593,-0.911527615879074,0.171375833342904
1.37103003719962,-0.778062855614882,-0.0579115885012026,-0.189278484944054,-0.914021427821462,0.171277269148907
1.36909405035762,-0.787215164095771,-0.0561993388944204,-0.197926310821154,-0.916425206956708,0.171171455087698
1.36707136396524,-0.796391057417014,-0.0544881831196419,-0.206618241637848,-0.918738285414586,0.171058524911771
1.36496154159291,-0.805589625274369,-0.0527781916756416,-0.215353351598394,-0.920960005394042,0.170938610842989
1.36276415612375,-0.814809950836654,-0.0510694337465091,-0.224130703984932,-0.923089719337921,0.170811843601069
1.36047878986198,-0.824051110849031,-0.0493619772165342,-0.232949351315694,-0.925126790096639,0.170678352430756
1.35810503463975,-0.833312175737871,-0.0476558886848235,-0.241808335533558,-0.927070591090536,0.170538265128195
1.35564249192181,-0.842592209717282,-0.0459512334796609,-0.250706688191201,-0.92892050647289,0.170391708065738
1.35309077290869,-0.851890270897227,-0.0442480756726287,-0.259643430615333,-0.930675931287254,0.170238806215246
1.35044949863808,-0.861205411393206,-0.0425464780924982,-0.268617574066261,-0.932336271624245,0.170079683170743
1.34771830008471,-0.8705366774375,-0.0408465023388991,-0.277628119922387,-0.933900944772654,0.169914461169936
1.34489681825802,-0.879883109491874,-0.0391482087957814,-0.2866740598803,-0.935369379366327,0.169743261114353
1.34198470429823,-0.889243742361787,-0.0374516566446809,-0.295754376125058,-0.936741015534917,0.169566202588482
1.33898161957049,-0.898617605312061,-0.0357569038777959,-0.304868041509363,-0.938015305042578,0.1693834038783
1.33588723575739,-0.908003722183925,-0.0340640073108852,-0.314014019727403,-0.939191711434475,0.169194981988457
1.33270123494954,-0.917401111513584,-0.0323730225960003,-0.323191265512937,-0.940269710179764,0.169001052658407
1.32942330973423,-0.926808786652044,-0.0306840042340567,-0.332398724823674,-0.941248788790925,0.168801730378736
1.32605316328231,-0.936225755886241,-0.0289970055872461,-0.341635335023605,-0.942128446967921,0.168597128405663
1.32259050943316,-0.945651022561608,-0.0273120788913133,-0.35090002507123,-0.942908196726024,0.168387358774756
1.31903507277783,-0.955083585205821,-0.0256292752676947,-0.360191715713752,-0.943587562526402,0.168172532314175
1.31538658874007,-0.964522437653937,-0.0239486447355292,-0.369509319685264,-0.94416608139646,0.167952758657579
1.31164480365574,-0.973966569174566,-0.0222702362235404,-0.378851741862634,-0.944643303045808,0.167728146255957
1.30780947485032,-0.98341496459739,-0.020594097581811,-0.388217879490521,-0.945018789995181,0.167498802388523
1.30388037071409,-0.992866604441783,-0.018920275593444,-0.39760662238061,-0.945292117681817,0.16726483317358
1.29985727077575,-1.0023204650466,-0.017248815986123,-0.407016853074264,-0.94546287458917,0.16702634357852
1.29573996577405,-1.0117755187012,-0.015579763443572,-0.416447447057135,-0.945530662338196,0.166783437429208
1.29152825772731,-1.0212307337772,-0.0139131616169268,-0.425897272960456,-0.945495095794145,0.166536217419015
1.28722196000105,-1.03068507486168,-0.0122490531360152,-0.435365192741628,-0.945355803191924,0.166284785117471
1.28282089737375,-1.04013750289125,-0.0105874796205572,-0.444850061891927,-0.945112426218658,0.166029240977843
1.27832490610045,-1.04958697528708,-0.00892848169129037,-0.454350729627906,-0.944764620119948,0.165769684344691
1.27373383397466,-1.05903244609099,-0.00727209898101817,-0.463866039086272,-0.94431205379523,0.165506213461411
1.269047540388,-1.06847286610245,-0.00561837014558787,-0.473394827533234,-0.943754409888037,0.165238925476881
1.26426589638798,-1.07790718301649,-0.00396733287480551,-0.482935926565193,-0.943091384882223,0.164967916451443
1.25938878473365,-1.08733434156253,-0.00231902390329091,-0.492488162302189,-0.942322689187944,0.16469328136316
1.25441609994944,-1.09675328364405,-0.000673479021270439,-0.502050355585819,-0.941448047219397,0.164415114113347
1.24934774837723,-1.1061629484788,0.000969266914677139,-0.511621322085965,-0.940467197407504,0.164133507530905
1.24418364822621,-1.11556227273992,0.00260917997093423,-0.521199872855459,-0.939379892505743,0.163848553381567
1.2389237296174,-1.12495019069994,0.00424622712624092,-0.530784814261517,-0.93818589950644,0.163560342369189
1.23356793463283,-1.13432563437161,0.005880376261064,-0.540374947943087,-0.936884999574425,0.163268964137996
1.22811621735869,-1.14368753365177,0.00751159614705827,-0.549969071418802,-0.935476988346961,0.162974507281521
1.22256854392642,-1.15303481646588,0.00913985643656995,-0.559565978150033,-0.933961675920247,0.162677059345251
1.2169248925523,-1.16236640891283,0.0107651276521752,-0.569164457752186,-0.93233888689432,0.162376706830199
1.21118525357476,-1.17168123541035,0.0123873811762527,-0.578763296204252,-0.930608460453677,0.16207353519654
1.2053496294899,-1.18097821884136,0.0140065892405953,-0.588361276024205,-0.928770250461195,0.161767628867516
1.19941803498501,-1.19025628070081,0.0156227249160576,-0.597957176503729,-0.926824125450957,0.161459071232783
1.19339049696973,-1.19951434124256,0.0172357621022373,-0.607549773899412,-0.924769968709713,0.161147944651942
1.18726705460562,-1.20875131962752,0.0188456755171909,-0.617137841613655,-0.922607678342103,0.160834330457524
1.1810477593334,-1.21796613407174,0.0204524406871769,-0.626720150453086,-0.920337167294082,0.160518308957998
1.17473267489789,-1.22715770199518,0.0220560339364315,-0.636295468807851,-0.917958363399521,0.160199959440863
1.16832187737141,-1.23632494017076,0.0236564323769726,-0.6458625628342,-0.915471209437528,0.159879360175527
1.16181545517479,-1.24546676487418,0.025253613898433,-0.655420196717088,-0.9128756631741,0.159556588415859
1.15521350909608,-1.25458209203369,0.0268475571579174,-0.664967132834851,-0.910171697368781,0.159231720402929
1.14851615230793,-1.26366983738045,0.0284382415698909,-0.674502131951211,-0.907359299857479,0.158904831368318
1.14172351038234,-1.27272891659943,0.0300256472960998,-0.684023953439098,-0.90443847355133,0.158575995537082
1.13483572130379,-1.28175824548002,0.0316097552355154,-0.693531355496892,-0.901409236435749,0.158245286129325
1.12785293547958,-1.29075674006711,0.0331905470142938,-0.703023095374657,-0.898271621639584,0.157912775362585
1.12077531574864,-1.29972331681277,0.0347680049757709,-0.712497929531066,-0.895025677461183,0.157578534455829
1.11360303738844,-1.3086568927278,0.0363421121704872,-0.721954613835652,-0.891671467350838,0.157242633630962
1.10633628811977,-1.31755638553344,0.037912852346227,-0.731391903788345,-0.888209069965936,0.156905142116084
1.0989752681093,-1.32642071381363,0.0394802099381026,-0.740808554759405,-0.884638579165292,0.156566128148377
1.09152018996986,-1.33524879716677,0.041044170058646,-0.75020332216232,-0.880960104004928,0.156225658975246
1.08397127875918,-1.34403955635803,0.0426047184879304,-0.759574961650193,-0.877173768767043,0.155883800858148
1.0763287719763,-1.35279191347141,0.0441618416637274,-0.76892222933585,-0.873279712949605,0.155540619075854
1.06859291955606,-1.36150479206215,0.0457155266716905,-0.778243881983569,-0.869278091303961,0.155196177925895
1.06076398386142,-1.37017711730919,0.047265761235549,-0.787538677242129,-0.865169073801101,0.15485054072655
1.0528422396738,-1.37880781616721,0.0488125337073409,-0.796805373782093,-0.860952845639073,0.154503769822571
1.04482797418199,-1.38739581751908,0.0503558330576944,-0.806042731524271,-0.856629607240788,0.15415592658643
1.03672148696799,-1.39594005232784,0.0518956488661034,-0.815249511937396,-0.852199574218465,0.153807071420264
1.02852308999099,-1.40443945378871,0.0534319713112555,-0.824424478110374,-0.84766297740173,0.153457263760752
1.0202331075705,-1.41289295748121,0.0549647911613851,-0.833566394958395,-0.843020062814044,0.153106562081197
1.01185187636647,-1.42129950152093,0.0564940997646561,-0.842674029510053,-0.838271091636161,0.152755023894728
1.00337974535731,-1.42965802671096,0.0580198890395767,-0.851746151066924,-0.833416340191696,0.152402705757645
0.994817075816366,-1.43796747669333,0.0595421514654503,-0.860781531367457,-0.828456099944473,0.15204966327333
0.98616424128651,-1.44622679810021,0.0610608800728559,-0.869778944825443,-0.823390677430552,0.151695951093248
0.977421627552164,-1.45443494070449,0.0625760684341429,-0.87873716872206,-0.818220394302592,0.151341622922077
0.968589632609975,-1.46259085757113,0.0640877106540031,-0.88765498338566,-0.812945587255817,0.150986731523405
0.959668666637161,-1.47069350520672,0.0655958013600588,-0.896531172383455,-0.80756660796397,0.150631328719985
0.950659151958321,-1.47874184370979,0.0671003356934755,-0.905364522731784,-0.802083823104157,0.150275465399409
0.941561523009646,-1.48673483692015,0.0686013092996332,-0.914153825106731,-0.796497614266615,0.149919191515894
0.932376226301707,-1.49467145256822,0.070098718318804,-0.922897873996515,-0.790808377974083,0.149562556096936
0.923103720380133,-1.50255066242389,0.0715925593769318,-0.931595467939834,-0.78501652557044,0.149205607247493
0.913744475784188,-1.51037144244437,0.073082829576386,-0.940245409686726,-0.779122483201675,0.148848392149423
0.9042989750039,-1.51813277292251,0.0745695264867735,-0.948846506377471,-0.773126691818407,0.148490957069167
0.894767712435081,-1.52583363863411,0.076052648135812,-0.957397569737431,-0.767029607052829,0.148133347363724
0.885151194332412,-1.53347302898451,0.0775321930002552,-0.965897416329448,-0.760831699173997,0.147775607482672
0.875449938760116,-1.54104993815477,0.0790081599968247,-0.974344867651879,-0.754533453049781,0.147417780971824
0.865664475542293,-1.54856336524752,0.0804805484732151,-0.982738750323826,-0.748135368127365,0.147059910480562
0.855795346209654,-1.55601231443227,0.0819493581991473,-0.991077896423969,-0.741637958286274,0.146702037765475
0.845843103944704,-1.56339579508925,0.0834145893574612,-0.999361143497527,-0.73504175184274,0.146344203694392
0.835808313526604,-1.5707128219541,0.0848762425352552,-1.00758733474886,-0.728347291482714,0.145986448252525
0.825691551272877,-1.5779624152602,0.0863343187150855,-1.01575531930998,-0.721555134096593,0.145628810546153
0.815493404979702,-1.58514360088127,0.0877888192661984,-1.02386395234443,-0.714665850866992,0.145271328809409
0.805214473860167,-1.59225541047372,0.0892397459358373,-1.03191209539569,-0.70768002707384,0.144914040405618
0.794855368479569,-1.59929688161655,0.090687100840545,-1.0398986163901,-0.700598262000391,0.144556981836202
0.784416710692026,-1.6062670579521,0.0921308864576314,-1.04782238977058,-0.693421169012614,0.14420018875207
0.773899133572729,-1.61316498932608,0.0935711056166376,-1.05568229687104,-0.686149375377264,0.143843695947774
0.763303281349117,-1.61998973192565,0.0950077614907899,-1.06347722591663,-0.678783522110407,0.143487537369143
0.752629809331087,-1.62674034841683,0.0964408575885852,-1.07120607226106,-0.671324263971752,0.143131746124934
0.741879383838237,-1.63341590808184,0.0978703977454412,-1.07886773861605,-0.66377226942101,0.142776354491712
0.73105268212586,-1.64001548695517,0.0992963861153871,-1.08646113516236,-0.656128220402783,0.14242139391425
0.720150392309534,-1.64653816795805,0.100718827162767,-1.09398517967235,-0.648392812381353,0.142066895014796
0.709173213288226,-1.65298304103377,0.102137725654086,-1.10143879777218,-0.640566754198304,0.141712887602186
0.698121854664607,-1.65934920327972,0.103553086649867,-1.10882092305708,-0.632650767872616,0.141359400672654
0.68699703666538,-1.66563575908013,0.104964915496583,-1.11613049720026,-0.624645588760047,0.141006462422748
0.675799490058566,-1.67184182023842,0.106373217818683,-1.12336647030806,-0.616551965232129,0.140654100247889
0.664529956068861,-1.67796650610567,0.107777999510577,-1.13052780088377,-0.608370658504721,0.140302340750924
0.653189186293722,-1.68400894371013,0.109179266728817,-1.13761345597719,-0.600102442788892,0.139951209756075
0.641777942615703,-1.68996826788643,0.110577025884293,-1.14462241152784,-0.591748105089393,0.139600732307335
0.630296997113427,-1.69584362140222,0.111971283634462,-1.15155365237948,-0.583308444999127,0.139250932675873
0.61874713197213,-1.70163415508387,0.113362046875659,-1.15840617241251,-0.574784274660082,0.138901834366997
0.60712913939183,-1.70733902794146,0.114749322735485,-1.16517897484179,-0.566176418638492,0.13855346013166
0.595443821493334,-1.71295740729232,0.116133118565323,-1.17187107225738,-0.557485713824111,0.138205831974388
0.583691990224217,-1.71848846888416,0.117513441932856,-1.17848148681714,-0.548713009372377,0.137858971151121
0.571874467261771,-1.72393139701676,0.118890300614633,-1.18500925035356,-0.539859166511263,0.13751289818349
0.559992083916344,-1.72928538466182,0.120263702588772,-1.19145340454733,-0.530925058369209,0.137167632859236
0.548045681031208,-1.73454963358124,0.121633656027621,-1.19781300104786,-0.521911569838497,0.13682319424581
0.536036108882997,-1.73972335444508,0.12300016929068,-1.20408710169377,-0.512819597732817,0.136479600700315
0.523964227077862,-1.74480576695007,0.124363250917432,-1.21027477861473,-0.503650050351058,0.136136869866792
0.511830904449782,-1.74979609993197,0.125722909620301,-1.21637511425204,-0.4944038473987,0.135795018689461
0.499637018955026,-1.75469359148173,0.127079154277671,-1.22238720167304,-0.485081920015595,0.135454063418377
0.487383457565985,-1.75949748905696,0.128431993927035,-1.22831014464575,-0.475685210489689,0.135114019628835
0.475071116163026,-1.76420704959414,0.129781437758235,-1.2341430578005,-0.466214672198889,0.134774902207255
0.462700899426052,-1.76882153961771,0.131127495106548,-1.23988506659382,-0.45667126938545,0.134436725368178
0.450273720725275,-1.77334023534908,0.132470175446171,-1.24553530761626,-0.447055977177754,0.134099502673246
0.437790502008125,-1.77776242281484,0.133809488383563,-1.25109292879172,-0.437369781474699,0.133763247015963
0.425252173686637,-1.78208739795342,0.135145443650869,-1.25655708928605,-0.427613678654263,0.133427970645444
0.412659674524059,-1.78631446671792,0.136478051099586,-1.26192695976636,-0.41778867525384,0.133093685182602
0.400013951518725,-1.79044294517825,0.137807320694237,-1.26720172250943,-0.407895788193936,0.132760401608109
0.387315959787818,-1.79447215962567,0.139133262505961,-1.27238057156079,-0.397936044703593,0.132428130271667
0.374566662448805,-1.7984014466728,0.140455886706357,-1.27746271272065,-0.387910481760386,0.132096880915786
0.361767030502317,-1.80223015334931,0.141775203561417,-1.2824473637084,-0.377820145745931,0.131766662676666
0.348918042710544,-1.80595763719817,0.143091223425444,-1.28733375443155,-0.367666093257691,0.131437484078692
0.336020685476162,-1.80958326637979,0.144403956734978,-1.29212112692303,-0.3574493907506,0.131109353052242
0.323075952720221,-1.81310641976156,0.145713414002951,-1.2968087354883,-0.347171113135118,0.130782276940126
0.3100848457588,-1.81652648700543,0.147019605812815,-1.30139584685337,-0.336832344772192,0.130456262514451
0.29704837317851,-1.81984286866622,0.14832254281295,-1.30588174013618,-0.326434179539526,0.130131315978091
0.283967550711641,-1.82305497628038,0.149622235710879,-1.31026570727839,-0.315977719913762,0.129807442968963
0.270843401106048,-1.82616223245305,0.150918695267772,-1.31454705302182,-0.305464077207898,0.129484648569541
0.257676954000006,-1.82916407094598,0.152211932292829,-1.31872509466197,-0.294894371281772,0.129162937315323
0.244469245793814,-1.83205993676148,0.15350195763797,-1.32279916254219,-0.284269730532699,0.128842313206386
0.231221319518724,-1.83484928622766,0.154788782192406,-1.32676860009802,-0.27359129142268,0.128522779710233
0.21793422470673,-1.83753158707589,0.156072416877449,-1.33063276373973,-0.262860198426314,0.128204339774553
0.204609017259484,-1.8401063185253,0.157352872641236,-1.33439102326843,-0.252077604482202,0.127886995819004
0.191246759314081,-1.84257297136158,0.158630160453576,-1.33804276153695,-0.241244669663551,0.127570749766488
0.177848519113246,-1.84493104800716,0.159904291301061,-1.34158737501592,-0.23036256172782,0.127255603041869
0.164415370864549,-1.84718006260524,0.161175276181996,-1.34502427382276,-0.219432456822345,0.126941556571676
0.150948394610461,-1.84931954109444,0.162443126101551,-1.34835288109419,-0.208455537456553,0.126628610798437
0.137448676092687,-1.85134902127075,0.163707852066975,-1.35157263393016,-0.197432993287721,0.126316765708724
0.123917306611603,-1.85326805286754,0.164969465083091,-1.35468298341601,-0.186366021599165,0.126006020809162
0.11035538288852,-1.85507619762277,0.166227976147151,-1.3576833942325,-0.175255826193795,0.125696375088181
0.0967640069296483,-1.85677302934536,0.167483396244068,-1.36057334481972,-0.164103617235039,0.125387827112429
0.0831442858866339,-1.85835813397871,0.168735736342584,-1.3633523276385,-0.152910611904801,0.125080375073591
0.0694973319151286,-1.85983110967309,0.169985007391126,-1.36601984956739,-0.141678033715541,0.124774016692739
0.0558242620287349,-1.86119156678839,0.171231220312178,-1.36857543202467,-0.13040709637125,0.124468749015753
0.0421261979632034,-1.86243912790126,0.172474385997331,-1.37101860855169,-0.119099049502017,0.124164569088393
0.0284042660513296,-1.86357342826299,0.173714515308532,-1.37334892755831,-0.107755148217839,0.123861473519795
0.0146595970593638,-1.86459411545457,0.174951619068366,-1.37556595296419,-0.0963766238404738,0.123559458126104
0.000893326045837486,-1.86550084950488,0.176185708057021,-1.37766926283205,-0.0849647292002052,0.123258518505898
-0.0128934077851742,-1.86629330299862,0.177416793008591,-1.37965844967141,-0.0735207227798445,0.122958649901415
-0.026699461224449,-1.86697116112527,0.178644884608083,-1.381533120169,-0.0620458659939199,0.122659847191092
-0.0405236872028043,-1.86753412170325,0.179869993486885,-1.38329289554833,-0.0505414248262128,0.122362104806928
-0.0543649349352638,-1.86798189525071,0.181092130218933,-1.38493741149097,-0.0390086725177215,0.122065416820855
-0.0682220500676315,-1.86831420503716,0.182311305317026,-1.38646631854417,-0.0274488854505611,0.121769776936829
-0.0820938748255139,-1.86853078711147,0.183527529229334,-1.38787928202006,-0.0158633440772168,0.121475178537316
-0.095979248160572,-1.86863139035417,0.184740812336168,-1.38917598187078,-0.00425333350615265,0.121181614642061
-0.109877005897856,-1.86861577651243,0.185951164946115,-1.39035611281444,0.00737985765854775,0.120889077914656
-0.123785980883772,-1.86848372024258,0.187158597292845,-1.39141938444874,0.0190349362041435,0.12059756068858
-0.137705003135323,-1.86823500915206,0.188363119531552,-1.39236552124909,0.0307106054966874,0.120307054948376
-0.151632899988548,-1.86786944382746,0.189564741735759,-1.39319426260736,0.0424055662115074,0.120017552378875
-0.165568496248414,-1.86738683786852,0.190763473894251,-1.39390536287129,0.0541185145928996,0.119729044333043
-0.179510614338012,-1.86678701793154,0.191959325907651,-1.39449859136787,0.0658481440786011,0.11944152184372
-0.193458074449048,-1.86606982374556,0.193152307585545,-1.39497373247189,0.077593145871641,0.119154975667572
-0.20740969469212,-1.86523510814705,0.194342428643567,-1.39533058560234,0.0893522076798332,0.118869396248664
-0.221364291247449,-1.86428273710748,0.195529698700258,-1.39556896526511,0.101124014739246,0.118584773739876
-0.235320678515856,-1.86321258975792,0.196714127274367,-1.39568870108468,0.112907250014913,0.118301098020197
-0.249277669270068,-1.86202455841062,0.197895723781941,-1.39568963781005,0.124700594178427,0.118018358672888
-0.263234074805908,-1.86071854858199,0.199074497533459,-1.39557163531926,0.136502725976987,0.117736545004725
-0.277188705093853,-1.85929447900855,0.200250457731193,-1.39533456867779,0.148312322472256,0.117455646072871
-0.291140368931124,-1.8577522816663,0.201423613466759,-1.39497832816416,0.160128058784672,0.117175650683181
-0.305087874093745,-1.8560919017889,0.202593973718492,-1.3945028192644,0.171948608234958,0.116896547373757
-0.319030027488674,-1.85431329788256,0.20376154734881,-1.39390796267374,0.183772643357807,0.116618324426914
-0.332965635305908,-1.85241644173124,0.204926343101785,-1.39319369432134,0.195598835596849,0.116340969896571
-0.346893503171034,-1.85040131841351,0.206088369600874,-1.39235996538001,0.207425854943317,0.116064471596412
-0.360812436297602,-1.8482679263101,0.20724763534644,-1.39140674229827,0.219252370954666,0.115788817104944
-0.374721239640005,-1.84601627710859,0.208404148713563,-1.39033400675024,0.231077052700743,0.115513993781352
-0.388618718045233,-1.84364639580856,0.209557917949758,-1.38914175562194,0.242898568700021,0.115239988756031
-0.402503676405667,-1.84115832072591,0.210708951172785,-1.38783000109178,0.254715587306334,0.114966788952548
-0.416374919811943,-1.83855210349259,0.211857256368628,-1.38639877065521,0.266526776875597,0.114694381086437
-0.430231253706055,-1.83582780905749,0.213002841389371,-1.3848481070352,0.278330805738112,0.114422751669252
-0.444071484032988,-1.83298551568423,0.214145713951251,-1.38317806814848,0.29012634270627,0.11415188701548
-0.457894417393344,-1.8300253149458,0.215285881632648,-1.38138872718813,0.301912056976431,0.113881773243995
-0.471698861195858,-1.8269473117205,0.216423351872213,-1.37948017258916,0.313686618547144,0.113612396289575
-0.485483623809715,-1.82375162418126,0.217558131967012,-1.37745250799621,0.325448698245215,0.113343741899668
-0.499247514716426,-1.82043838379004,0.218690229070681,-1.37530585222536,0.337196967667537,0.113075795644982
-0.512989344661722,-1.81700773528539,0.219819650191716,-1.37304033933192,0.348930099910127,0.112808542924596
-0.526707925807925,-1.81345983666726,0.220946402191724,-1.37065611852326,0.360646769596708,0.112541968962799
-0.540402071884921,-1.80979485918199,0.222070491783747,-1.36815335416104,0.372345652801231,0.112276058826883
-0.554070598342185,-1.80601298730723,0.223191925530718,-1.36553222573537,0.384025427293237,0.11201079742149
-0.56771232249919,-1.80211441873325,0.224310709843785,-1.36279292780197,0.39568477273906,0.11174616949222
-0.581326063696827,-1.79809936434324,0.225426850980849,-1.35993567007158,0.407322371046483,0.111482159642698
-0.594910643448344,-1.79396804818933,0.226540355045095,-1.35696067727948,0.418936906359632,0.11121875232421
-0.608464885589247,-1.78972070747125,0.22765122798351,-1.35386818915653,0.430527065226284,0.110955931853096
-0.621987616427462,-1.78535759250932,0.228759475585576,-1.35065846044848,0.442091536859791,0.110693682402137
-0.635477664893198,-1.78087896671834,0.22986510348175,-1.34733176085134,0.453629013337699,0.110431988005251
-0.648933862688077,-1.77628510657656,0.230968117142259,-1.34388837494623,0.465138189754693,0.11017083257658
-0.662355044434003,-1.77157630159707,0.232068521875806,-1.34032860221902,0.476617764169703,0.109910199900023
-0.675740047822318,-1.76675285429471,0.233166322828335,-1.33665275706173,0.488066438272362,0.109650073641428
-0.689087713762265,-1.76181508014959,0.234261524981871,-1.33286116862261,0.499482917142309,0.109390437349114
-0.702396886528031,-1.75676330757412,0.235354133153313,-1.32895418076927,0.510865909501397,0.109131274451182
-0.715666413906256,-1.75159787787317,0.236444151993282,-1.32493215210426,0.522214127951153,0.108872568265111
-0.728895147343063,-1.74631914520667,0.23753158598505,-1.32079545592723,0.53352628911044,0.108614302005029
-0.742081942090685,-1.74092747654604,0.238616439443498,-1.31654448011708,0.544801113933267,0.108356458775519
-0.755225657352701,-1.73542325163274,0.239698716514017,-1.31217962709514,0.55603732752743,0.108099021579136
-0.768325156429863,-1.72980686293444,0.240778421171591,-1.30770131385303,0.567233659638312,0.107841973332068
-0.781379306865018,-1.72407871559707,0.241855557219875,-1.30310997178267,0.578388844827047,0.107585296846253
-0.794386980586877,-1.71823922739746,0.242930128290135,-1.29840604671252,0.589501622361614,0.107328974842804
-0.807347054054356,-1.71228882869463,0.244002137840492,-1.29358999875787,0.600570736681464,0.107072989964435
-0.820258408398274,-1.70622796237662,0.245071589155002,-1.2886623022625,0.611594937392336,0.10681732475612
-0.833119929564798,-1.70005708380995,0.246138485342745,-1.28362344590899,0.622572979387781,0.106561961683882
-0.845930508457613,-1.69377666078374,0.247202829337131,-1.27847393248479,0.633503623163348,0.106306883144055
-0.858689041078453,-1.68738717345429,0.24826462389511,-1.27321427882669,0.644385634906395,0.106052071446371
-0.871394428667677,-1.68088911428619,0.24932387159632,-1.26784501580347,0.65521778673108,0.105797508824285
-0.884045577844146,-1.67428298799314,0.250380574842424,-1.2623666882398,0.665998856777204,0.1055431774479
-0.896641400744531,-1.66756931147649,0.251434735856426,-1.25677985486286,0.676727629337991,0.105289059413333
-0.909180815161699,-1.66074861376344,0.252486356681937,-1.2510850881408,0.687402895054063,0.105035136750348
-0.921662744681512,-1.65382143594219,0.253535439182567,-1.24528297423168,0.698023451019658,0.104781391425191
-0.934086118820099,-1.64678833109714,0.254581985041246,-1.23937411301215,0.708588101046315,0.104527805339126
-0.946449873160243,-1.63964986423978,0.255625995759622,-1.2333591178953,0.71909565581401,0.104274360332644
-0.958752949486158,-1.63240661224102,0.256667472657472,-1.22723861577719,0.729544932834541,0.104021038196119
-0.970994295918285,-1.62505916376089,0.257706416872224,-1.22101324695805,0.739934756821356,0.103767820661606
-0.983172867046511,-1.61760811917543,0.258742829358276,-1.21468366504225,0.750263959871983,0.103514689396842
-0.995287624063247,-1.61005409050289,0.259776710886483,-1.20825053690367,0.760531381409916,0.103261626026873
-1.00733753489532,-1.60239770133005,0.260808062043736,-1.20171454252531,0.770735868429919,0.103008612131753
-1.01932157433464,-1.59463958673459,0.261836883232454,-1.1950763749477,0.780876275694403,0.102755629235713
-1.03123872416867,-1.58678039320728,0.262863174670049,-1.18833674021716,0.790951465962204,0.10250265881778
-1.04308797330963,-1.57882077857064,0.263886936388513,-1.18149635720738,0.800960309985753,0.102249682309326
-1.05486831792227,-1.57076141190024,0.264908168233901,-1.17455595755631,0.810901686557296,0.101996681099111
-1.06657876155145,-1.56260297344129,0.265926869866005,-1.16751628563047,0.820774482948675,0.101743636540315
-1.07821831524879,-1.55434615452408,0.266943040757914,-1.16037809839386,0.830577594858996,0.101490529941983
-1.08978599769791,-1.54599165747919,0.26795668019561,-1.15314216524496,0.840309926614935,0.101237342572059
-1.10128083533827,-1.53754019554989,0.268967787277551,-1.14580926797639,0.84997039131311,0.100984055659785
-1.11270186248896,-1.52899249280444,0.269976360914319,-1.13838020066542,0.859557910936052,0.1007306504004
-1.12404812147065,-1.52034928404584,0.270982399828274,-1.13085576957246,0.86907141654511,0.10047710795437
-1.13531866272735,-1.51161131472096,0.271985902553196,-1.12323679305492,0.878509848321548,0.100223409443995
-1.14651254494636,-1.50277934082841,0.272986867433914,-1.11552410140897,0.88787215579544,0.0999695359606203
-1.15762883517726,-1.49385412882407,0.273985292626037,-1.10771853676333,0.897157297967296,0.0997154685648206
-1.16866660894974,-1.48483645552629,0.274981176095601,-1.09982095302935,0.906364243380283,0.0994611882853731
-1.17962495039121,-1.47572710801944,0.275974515618793,-1.09183221578037,0.915491970314631,0.0992066761197143
-1.19050295234224,-1.46652688355579,0.276965308781599,-1.08375320206986,0.924539466931569,0.0989519130340924
-1.20129971647107,-1.4572365894561,0.277953552979544,-1.07558480036145,0.933505731385283,0.0986968799683828
-1.21201435338719,-1.44785704300913,0.278939245417395,-1.067327910427,0.942389771954856,0.0984415578305612
-1.22264598275385,-1.4383890713699,0.279922383108862,-1.05898344321959,0.951190607092664,0.0981859275039967
-1.23319373339919,-1.4288335114574,0.28090296287638,-1.0505523207464,0.959907265635085,0.0979299698480253
-1.24365674342613,-1.41919120984945,0.281880981350814,-1.04203547592471,0.968538786947452,0.0976736656889045
-1.25403416032104,-1.40946302267752,0.282856434971152,-1.03343385254884,0.977084220987784,0.0974169958272508
-1.26432514106208,-1.39964981551973,0.283829319984294,-1.02474840509866,0.985542628471544,0.0971599410452659
-1.27452885222464,-1.38975246329309,0.284799632444835,-1.0159800985633,0.993913080916799,0.0969024820959802
-1.28464447008654,-1.37977185014467,0.285767368214744,-1.00712990840961,1.00219466084556,0.0966445997053617
-1.29467118073212,-1.36970886934057,0.286732522963154,-0.998198820460924,1.01038646192803,0.0963862745779168
-1.30460818015502,-1.35956442315444,0.287695092166109,-0.989187830703538,1.01848758898769,0.0961274873917973
-1.31445467435885,-1.34933942275532,0.288655071106316,-0.980097945151207,1.02649715817728,0.0958682188027335
-1.32420987945733,-1.33903478809335,0.289612454872925,-0.970930179786646,1.03441429711367,0.0956084494415762
-1.33387302177314,-1.32865144778508,0.290567238361252,-0.961685560388391,1.04223814492848,0.0953481599113871
-1.34344333793515,-1.31819033899751,0.291519416272534,-0.95236512239629,1.04996785241677,0.0950873307949147
-1.35292007497441,-1.30765240733086,0.292468983113723,-0.942969910792045,1.05760258216918,0.0948259426495921
-1.36230249041901,-1.29703860669996,0.293415933197209,-0.933500979973942,1.06514150867529,0.0945639760086473
-1.37158985238729,-1.28634989921518,0.294360260640619,-0.923959393550486,1.07258381834013,0.0943014113839357
-1.3807814396793,-1.27558725506277,0.295301959366558,-0.914346224278335,1.07992870963086,0.0940382292598286
-1.389876541868,-1.2647516523831,0.296241023102346,-0.904662553908337,1.08717539327312,0.0937744100942934
-1.39887445938798,-1.25384407714792,0.297177445379768,-0.894909473048746,1.09432309225101,0.0935099343252741
-1.4077745036239,-1.24286552303761,0.298111219534878,-0.885088081019661,1.10137104189326,0.0932447823637931
-1.41657599699613,-1.2318169913168,0.299042338707684,-0.875199485659961,1.10831849004089,0.0929789345940278
-1.42527827304571,-1.22069949070887,0.299970795841929,-0.865244803222042,1.11516469709649,0.0927123713746657
-1.43388067651772,-1.20951403727006,0.300896583684779,-0.85522515826298,1.12190893612935,0.0924450730351943
-1.44238256344381,-1.19826165426187,0.301819694786576,-0.845141683480318,1.12855049302428,0.0921770198782144
-1.45078330122248,-1.18694337202286,0.302740121500555,-0.834995519564056,1.13508866647433,0.0919081921840953
-1.45908226869861,-1.17556022784045,0.303657855982649,-0.824787815018791,1.14152276804929,0.0916385702067237
-1.46727885624044,-1.16411326582115,0.30457289019114,-0.814519726054192,1.14785212239103,0.0913681341636419
-1.47537246581647,-1.15260353675936,0.305485215886338,-0.804192416423413,1.15407606726783,0.0910968642445881
-1.48336251106933,-1.14103209800602,0.306394824630324,-0.793807057215026,1.16019395363188,0.0908247406126114
-1.49124841738921,-1.12940001333623,0.307301707786666,-0.783364826825597,1.16620514570149,0.0905517434027396
-1.49902962198591,-1.11770835281619,0.308205856520115,-0.772866910740211,1.17210902107513,0.0902778527131595
-1.50670557395852,-1.10595819266896,0.309107261796217,-0.762314501285197,1.17790497074595,0.0900030486089948
-1.51427573436348,-1.09415061514054,0.310005914381043,-0.751708797658238,1.18359239920401,0.0897273111284222
-1.52173957628305,-1.08228670836378,0.310901804840866,-0.741051005703048,1.18917072456396,0.0894506202714508
-1.52909658488973,-1.07036756622235,0.311794923541765,-0.730342337660805,1.19463937857221,0.0891729560015839
-1.53634625751058,-1.05839428821387,0.312685260649296,-0.719584012161979,1.19999780669512,0.0888942982501517
-1.5434881036898,-1.04636797931252,0.313572806128157,-0.708777253955653,1.20524546817497,0.0886146269144929
-1.55052164524904,-1.03428974983073,0.314457549741825,-0.697923293791131,1.2103818361297,0.0883339218497367
-1.55744641634711,-1.02216071528012,0.315339481052111,-0.687023368304665,1.21540639761172,0.0880521628716393
-1.56426196353769,-1.00998199623188,0.316218589418811,-0.676078719807711,1.22031865366766,0.0877693297585862
-1.57096784582524,-0.997754718176559,0.317094863999292,-0.665090596118962,1.22511811937778,0.0874854022474428
-1.57756363471923,-0.985480011383481,0.317968293748084,-0.654060250388468,1.22980432393333,0.0872003600322477
-1.58404891428686,-0.973159010759156,0.318838867416436,-0.642988941015543,1.23437681070448,0.0869141827656016
-1.59042328120503,-0.960792855705451,0.319706573551929,-0.631877931485136,1.23883513725533,0.0866268500576869
-1.59668634480982,-0.94838268997727,0.320571400497992,-0.620728490123666,1.24317887543952,0.0863383414690226
-1.60283772714422,-0.93592966153922,0.321433336393417,-0.60954188996096,1.24740761145757,0.0860486365113975
-1.60887706300433,-0.923434922422122,0.322292369171881,-0.598319408560391,1.25152094587818,0.0857577146507394
-1.61480399998427,-0.91089962857903,0.323148486561501,-0.587062327981168,1.25551849369231,0.0854655553094766
-1.62061819852037,-0.898324939740808,0.324001676084365,-0.575771934491504,1.25939988435394,0.0851721378553456
-1.62631933193132,-0.885712019271236,0.324851925055931,-0.564449518325608,1.26316476183861,0.0848774415966753
-1.63190708645818,-0.873062034021508,0.325699220584494,-0.553096373695953,1.26681278469191,0.0845814457949849
-1.63738116130312,-0.860376154184371,0.326543549570716,-0.541713798572248,1.27034362606569,0.0842841296574059
-1.64274126866574,-0.847655553147913,0.327384898707025,-0.530303094418066,1.27375697373755,0.0839854723333063
-1.64798713377727,-0.834901407349168,0.328223254477072,-0.518865566126754,1.27705253016046,0.0836854529144523
-1.65311849493457,-0.822114896126994,0.329058603155093,-0.507402521844057,1.28023001251311,0.0833840504274847
-1.65813510353126,-0.809297201574799,0.3298909308053,-0.495915272807175,1.28328915271577,0.0830812438422726
-1.66303672408814,-0.796449508392924,0.330720223281313,-0.484405133105639,1.28622969746351,0.0827770120676378
-1.66782313428024,-0.783573003740825,0.331546466225496,-0.472873419566281,1.28905140824269,0.0824713339442212
-1.67249412496446,-0.770668877088975,0.332369645068301,-0.461321451619018,1.29175406137107,0.0821641882499705
-1.67704950020358,-0.757738320070381,0.333189745027633,-0.449750551042602,1.29433744802769,0.0818555536949987
-1.68148907728968,-0.744782526331885,0.334006751108131,-0.438162041854629,1.29680137426821,0.0815454089169778
-1.6858126867654,-0.731802691385288,0.334820648100462,-0.426557250156444,1.29914566105143,0.0812337324837868
-1.69002017244423,-0.718800012458181,0.335631420580613,-0.414937503948262,1.30137014426175,0.0809205028903469
-1.69411139142795,-0.705775688344673,0.336439052909142,-0.403304132874058,1.30347467471121,0.08060569855661
-1.69808621412279,-0.692730919256008,0.337243529230421,-0.391658468175095,1.30545911817076,0.0802892978233699
-1.70194452425475,-0.679666906670867,0.338044833471834,-0.380001842509152,1.30732335537352,0.0799712789550021
-1.70568621888239,-0.666584853185794,0.338842949343037,-0.368335589705607,1.3090672820252,0.0796516201391239
-1.70931120840773,-0.653485962365293,0.339637860335139,-0.356661044592398,1.31069080882394,0.0793302994777307
-1.71281941658573,-0.640371438591988,0.340429549719838,-0.344979542947058,1.31219386144803,0.0790072949875097
-1.71621078053312,-0.627242486916705,0.341218000548572,-0.333292421252132,1.31357638058734,0.0786825845994629
-1.71948525073367,-0.614100312908323,0.342003195651664,-0.321601016435953,1.314838321929,0.0783561461597825
-1.72264279104255,-0.600946122503903,0.342785117637442,-0.309906665831618,1.3159796561643,0.0780279574195993
-1.72568337868943,-0.587781121858491,0.343563748891259,-0.298210706957389,1.31700036899032,0.0776979960374825
-1.72860700427916,-0.574606517195242,0.344339071574612,-0.286514477310083,1.31790046109939,0.0773662395785571
-1.73141367179125,-0.56142351465536,0.345111067624159,-0.27481931432841,1.31867994817724,0.0770326655155423
-1.73410339857842,-0.548233320148306,0.345879718750841,-0.263126555125983,1.31933886089776,0.0766972512248765
-1.73667621536152,-0.535037139201803,0.3466450064388,-0.251437536213156,1.31987724492443,0.0763599739741399
-1.73913216622342,-0.521836176812106,0.347406911944344,-0.239753593480775,1.32029516088932,0.0760208109264303
-1.74147130860221,-0.508631637294351,0.348165416294882,-0.228076062024223,1.32059268437841,0.0756797391413114
-1.743693713282,-0.495424724133122,0.348920500287921,-0.216406275940359,1.320769905916,0.0753367355780249
-1.74579946438213,-0.482216639833107,0.349672144490027,-0.204745568125682,1.32082693095367,0.0749917770866577
-1.7477886593442,-0.46900858576991,0.350420329235678,-0.19309527014535,1.32076387985499,0.0746448403991
-1.74966140891818,-0.455801762041017,0.351165034626076,-0.181456712030617,1.32058088787348,0.0742959021282767
-1.75141783714601,-0.442597367317068,0.35190624052799,-0.16983122219028,1.32027810512326,0.0739449387778323
-1.75305808134507,-0.429396598693327,0.352643926572663,-0.158220127185963,1.31985569655953,0.0735919267328126
-1.75458229208782,-0.416200651541419,0.353378072154544,-0.146624751511964,1.3193138419512,0.0732368422531404
-1.7559906331813,-0.403010719361316,0.354108656430086,-0.135046417530033,1.31865273585512,0.072879661477462
-1.75728328164432,-0.389827993633615,0.354835658316487,-0.123486445206131,1.31787258758456,0.0725203604159873
-1.75846042768282,-0.376653663672144,0.355559056490399,-0.111946151980844,1.3169736211721,0.0721589149486591
-1.75952227466397,-0.36348891647693,0.356278829386616,-0.100426852638119,1.31595607534467,0.0717953008239286
-1.76046903908875,-0.350334936587404,0.356994955196752,-0.0889298591132443,1.31482020348166,0.0714294936572722
-1.76130095056243,-0.337192905936163,0.357707411867903,-0.0774564803077703,1.31356627356678,0.0710614689286748
-1.7620182517636,-0.324064003703049,0.358416177101264,-0.0660080219632178,1.31219456816398,0.0706912019771097
-1.76262119841167,-0.310949406169494,0.359121228350707,-0.0545857864572137,1.31070538438316,0.0703186679997191
-1.76311005923228,-0.297850286573401,0.359822542821366,-0.0431910726513539,1.30909903380128,0.0699438420501962
-1.76348511592158,-0.284767814964864,0.360520097468163,-0.0318251757445992,1.30737584240188,0.0695666990317918
-1.76374666310854,-0.271703158062128,0.361213868994301,-0.0204893870739643,1.30553615057201,0.0691872136981787
-1.76389500831564,-0.258657479107235,0.361903833849761,-0.00918499399576157,1.30358031319609,0.068805360649813
-1.76393047191827,-0.245631937721713,0.362589968229748,0.0020867203244669,1.30150869936274,0.0684211143319772
-1.76385338710181,-0.232627689766028,0.363272248073139,0.0133244770407574,1.29932169230675,0.0680344490307177
-1.76366409981793,-0.219645887196645,0.363950649060836,0.0245270018153681,1.29701968952,0.0676453388661992
-1.7633629687382,-0.206687677924731,0.364625146614127,0.0356930249891159,1.29460310258961,0.0672537577955803
-1.76295036520717,-0.193754205675039,0.365295715893046,0.0468212816688603,1.29207235718836,0.0668596796091345
-1.76242667319369,-0.180846609845613,0.365962331794685,0.0579105119100844,1.28942789297488,0.0664630779300832
-1.76179228924045,-0.167966025368125,0.36662496895151,0.0689594609349475,1.28667016356556,0.066063926204412
-1.76104762241143,-0.155113582568498,0.36728360172952,0.0799668792601827,1.28379963647419,0.0656621976969291
-1.76019309423881,-0.142290407028484,0.367938204226497,0.0909315227585658,1.28081679300404,0.0652578654981178
-1.75922913866771,-0.129497619448058,0.368588750270203,0.10185215307098,1.27772212821156,0.0648509025096155
-1.75815620199789,-0.116736335508236,0.36923521341648,0.112727537486825,1.27451615079146,0.0644412814524195
-1.75697474282773,-0.104007665735136,0.369877566947444,0.123556449233365,1.27119938306371,0.0640289748469722
-1.75568523199145,-0.0913127153639595,0.370515783869362,0.134337667777871,1.26777236079811,0.0636139550180221
-1.75428815249888,-0.0786525842050774,0.371149836910871,0.145069978585515,1.2642356333198,0.0631961941029427
-1.75278399947479,-0.0660283665079607,0.371779698520952,0.155752173155546,1.26058976327767,0.062775664040797
-1.75117328009586,-0.0534411508310782,0.372405340867131,0.166383049981249,1.25683532631995,0.062352336605394
-1.74945651351681,-0.040892019908406,0.373026735833469,0.176961414605063,1.2529729118572,0.0619261832861549
-1.74763423080559,-0.0283820505128046,0.373643855017555,0.187486078978893,1.24900312227754,0.061497175370403
-1.7457069748771,-0.015912313331515,0.374256669729399,0.197955861696353,1.24492657264056,0.0610652840044104
-1.74367530042504,-0.00348387283446361,0.374865150989072,0.208369588709036,1.24074389119845,0.0606304800601523
-1.74153977384464,0.00890221285506417,0.375469269524209,0.218726093521298,1.23645571907274,0.0601927341908166
-1.73930097316088,0.0212448920891251,0.37606899576793,0.229024216777084,1.23206271011659,0.0597520168268558
-1.73695948795452,0.0335431198211939,0.376664299856466,0.239262806733157,1.22756553082518,0.059308298171654
-1.73451591928489,0.0457958577331787,0.377255151626987,0.249440719419429,1.22296486032007,0.0588615481962847
-1.7319708796121,0.0580020743604129,0.37784152061512,0.259556818656775,1.21826139017761,0.0584117366320411
-1.72932499271844,0.0701607452162082,0.378423376052697,0.269609976236517,1.21345582439148,0.0579588329808138
-1.72657889362751,0.0822708529151885,0.379000686865286,0.279599072124002,1.20854887919734,0.0575028064865666
-1.72373322852191,0.0943313872951275,0.379573421669625,0.289522994582631,1.20354128299884,0.0570436261432518
-1.72078865465988,0.106341345538633,0.380141548771172,0.299380640198011,1.19843377634084,0.0565812606980962
-1.71774584029152,0.118299732293739,0.380705036161567,0.309170914112097,1.19322711171691,0.0561156786388584
-1.71460546457163,0.130205559792629,0.381263851516003,0.318892730204655,1.18792205348169,0.0556468481875939
-1.71136821747247,0.142057847970014,0.381817962190571,0.328545011163557,1.18251937772549,0.0551747373033676
-1.70803479969459,0.153855624579612,0.382367335219624,0.338126688637987,1.17701987219313,0.054699313676467
-1.70460592257693,0.165597925310821,0.38291193731301,0.347636703334728,1.17142433622138,0.05422054471379
-1.70108230800538,0.177283793903347,0.383451734853253,0.357074005182247,1.1657335805136,0.0537383975483362
-1.69746468831986,0.18891228226041,0.383986693892833,0.366437553460554,1.15994842706797,0.0532528390307372
-1.69375380622034,0.200482450561382,0.384516780151258,0.37572631689267,1.1540697090875,0.0527638357208845
-1.68995041467168,0.21199336737308,0.385041959012182,0.384939273833196,1.14809827084054,0.0522713538811596
-1.68605527680631,0.22344410975999,0.385562195520353,0.39407541240106,1.14203496758519,0.0517753594736135
-1.68206916582665,0.234833763393473,0.386077454378683,0.403133730493916,1.13588066538422,0.0512758181651738
-1.67799286490642,0.246161422658791,0.386587699945196,0.412113236018333,1.12963624096058,0.0507726953089208
-1.67382716708958,0.257426190761656,0.387092896229873,0.421012946987779,1.12330258166521,0.0502659559463389
-1.66957287518935,0.268627179833712,0.387593006891553,0.429831891587757,1.11688058528671,0.0497555648027963
-1.66523080168527,0.279763511036073,0.388087995234676,0.438569108394543,1.11037115993847,0.0492414862729513
-1.66080176861885,0.290834314662198,0.388577824205978,0.447223646430583,1.10377522392541,0.0487236844224609
-1.65628660748884,0.301838730238781,0.389062456391213,0.455794565263106,1.09709370558777,0.0482021229878767
-1.65168615914488,0.312775906625817,0.389541854011811,0.464280935165042,1.09032754321887,0.0476767653651924
-1.64700127367995,0.323645002115381,0.390015978921414,0.472681837206899,1.08347768492057,0.0471475746006384
-1.64223281032189,0.334445184528884,0.390484792602373,0.48099636337037,1.07654508841699,0.0466145133897308
-1.63738163732373,0.345175631312579,0.39094825616223,0.489223616647608,1.06953072096335,0.0460775440742072
-1.63244863185303,0.355835529632582,0.39140633033014,0.497362711170995,1.06243555922573,0.045536628632283
-1.62743467987978,0.366424076467803,0.391858975453184,0.505412772330889,1.05526058908107,0.0449917286713083
-1.62234067606356,0.376940478701475,0.392306151492661,0.513372936830037,1.04800680549226,0.0444428054269738
-1.6171675236398,0.387383953211392,0.392747818020326,0.521242352829497,1.04067521239552,0.0438898197514149
-1.61191613430457,0.397753726959002,0.393183934214508,0.529020180039536,1.03326682254656,0.043332732109526
-1.60658742809875,0.408049037076559,0.393614458856253,0.536705589822823,1.02578265732492,0.0427715025762848
-1.60118233329078,0.418269130952814,0.394039350325345,0.544297765304415,1.01822374664764,0.0422060908238728
-1.5957017862588,0.428413266317779,0.394458566596261,0.551795901450563,1.01059112879471,0.0416364561177616
-1.59014673137152,0.438480711325197,0.394872065234074,0.559199205181092,1.00288585022642,0.0410625573107122
-1.58451812086845,0.448470744633983,0.3952798033903,0.566506895438839,0.995108965491861,0.0404843528381585
-1.57881691473913,0.458382655488353,0.395681737798691,0.573718203295719,0.987261537077266,0.0399018007084874
-1.57304408060126,0.468215743796182,0.396077824770904,0.58083237205375,0.979344635177376,0.0393148584953672
-1.56720059357806,0.477969320205161,0.396468020192149,0.58784865733241,0.97135933756783,0.038723483333685
-1.56128743617452,0.487642706178283,0.396852279516737,0.594766327164891,0.963306729487266,0.0381276319059302
-1.55530559815295,0.497235234067413,0.397230557763517,0.601584662068816,0.955187903457366,0.0375272604388715
-1.54925607640778,0.506746247185348,0.397602809511322,0.608302955115263,0.94700395909488,0.036922324699955
-1.54313987483954,0.516175099875819,0.39796898889432,0.614920512028223,0.938756002970245,0.0363127799878294
-1.53695800422787,0.525521157582554,0.398329049597283,0.621436651282159,0.930445148464811,0.035698581122079
-1.53071148210363,0.534783796916282,0.398682944850738,0.627850704158933,0.922072515580551,0.0350796824342617
-1.52440133262057,0.543962405720174,0.399030627426071,0.63416201481845,0.913639230763296,0.0344560377618992
-1.51802858642604,0.553056383133413,0.399372049630537,0.640369940394012,0.905146426763717,0.0338276004420909
-1.51159428053089,0.562065139653611,0.399707163302224,0.646473851060937,0.896595242464034,0.033194323300101
-1.50509945817874,0.570988097196939,0.400035919804873,0.65247313010549,0.887986822681693,0.0325561586423038
-1.49854516871447,0.579824689156877,0.400358270022675,0.658367173999481,0.879322318025689,0.0319130582497756
-1.49193246745206,0.588574360461212,0.400674164354945,0.664155392460217,0.870602884727112,0.0312649733638672
-1.4852624155418,0.597236567627412,0.400983552710689,0.669837208522246,0.861829684448933,0.0306118546820029
-1.47853607983683,0.605810778815946,0.401286384503141,0.675412058585101,0.853003884112121,0.0299536523498326
-1.47175453275911,0.614296473882144,0.401582608644166,0.68087939251193,0.844126655729656,0.0292903159446957
-1.46491885216441,0.622693144426087,0.401872173538538,0.686238673661242,0.835199176212283,0.0286217944731392
-1.45803012120737,0.63100029384077,0.402155027078229,0.691489378936974,0.826222627202208,0.0279480363636136
-1.45108942820533,0.639217437358573,0.402431116636513,0.69663099889007,0.817198194910354,0.0272689894467691
-1.44409786650187,0.647344102096039,0.40270038906197,0.701663037727437,0.80812706991531,0.0265846009532928
-1.43705653432999,0.655379827096495,0.402962790672454,0.706585013377567,0.799010446975696,0.025894817503583
-1.42996653467446,0.66332416337106,0.403218267248892,0.711396457566646,0.789849524851666,0.0251995850901078
-1.42282897513368,0.671176673937713,0.403466764028987,0.716096915832857,0.780645506138172,0.0244988490766874
-1.41564496778146,0.678936933858782,0.403708225700898,0.720685947584568,0.771399597059829,0.0237925541855465
-1.40841562902785,0.686604530276096,0.403942596396717,0.725163126162835,0.76211300727769,0.0230806444803957
-1.40114207947974,0.69417906244468,0.404169819685853,0.729528038866489,0.752786949731183,0.0223630633589866
-1.39382544380105,0.701660141764459,0.404389838568321,0.733780286998726,0.743422640431184,0.021639753544466
-1.38646685057251,0.709047391810022,0.404602595467955,0.737919485897854,0.734021298263933,0.020910657073106
-1.37906743215111,0.716340448358426,0.404808032225454,0.741945264982882,0.724584144812451,0.0201757152819319
-1.37162832452906,0.723538959415255,0.405006090091348,0.74585726779815,0.715112404157272,0.0194348687957562
-1.36415066719236,0.730642585238523,0.405196709718787,0.749655152043709,0.705607302680756,0.0186880575131756
-1.35663560297918,0.737650998360858,0.405379831156246,0.753338589584344,0.69607006888546,0.0179352205987846
-1.34908427793807,0.744563883609639,0.40555539384012,0.756907266501006,0.686501933189079,0.0171762964690213
-1.34149784118548,0.751380938125186,0.405723336587176,0.760360883117112,0.67690412772579,0.0164112227811764
-1.33387744476346,0.758101871376917,0.405883597586901,0.763699154010311,0.667277886152162,0.0156399364175463
-1.32622424349675,0.764726405177605,0.406036114393661,0.766921808058847,0.65762444344418,0.0148623734708703
-1.31853939484981,0.771254273695531,0.406180823918765,0.770028588446971,0.647945035699869,0.0140784692342991
-1.31082405878365,0.777685223464794,0.406317662422395,0.77301925268454,0.638240899949452,0.013288158187748
-1.30307939761243,0.784019013393558,0.406446565505408,0.775893572629448,0.628513273938659,0.0124913739827807
-1.29530657586,0.790255414770179,0.406567468100969,0.778651334491871,0.618763395931032,0.0116880494281493
-1.2875067601162,0.796394211267407,0.406680304466061,0.781292338872229,0.608992504503337,0.0108781164750195
-1.27968111889285,0.802435198944444,0.406785008172823,0.783816400764379,0.599201838338229,0.0100615062024576
-1.27183082247997,0.808378186246992,0.40688151209978,0.786223349538459,0.58939263601363,0.0092381488046679
-1.26395704280188,0.81422299400517,0.406969748422899,0.788513028971149,0.57956613581162,0.00840797357491377
-1.25606095327303,0.819969455429624,0.407049648606514,0.79068529725799,0.569723575507425,0.00757090888893535
-1.24814372865387,0.825617416105192,0.40712114339406,0.792740027001925,0.559866192134524,0.00672688219036904
-1.24020654490673,0.831166733982601,0.407184162798685,0.794677105224873,0.549995221808282,0.0058758199730607
-1.23225057905166,0.836617279368235,0.407238636093647,0.796496433359385,0.540111899497174,0.00501764776513935
-1.22427700902233,0.841968934911419,0.407284491802601,0.798197927257873,0.530217458791474,0.00415229011251601
-1.21628701352175,0.847221595589761,0.407321657689674,0.799781517182102,0.520313131729533,0.0032796705634581
-1.2082817718784,0.852375168692601,0.407350060749425,0.801247147789296,0.510400148571023,0.00239971165104139
-1.20026246390217,0.857429573801911,0.40736962719658,0.802594778131657,0.500479737548607,0.00151233487413398
-1.19223026974051,0.862384742771016,0.407380282455617,0.803824381648594,0.490553124667363,0.000617460679591128
-1.18418636973453,0.867240619701429,0.407381951150132,0.804935946160325,0.480621533537158,-0.000284991557970534
-1.17613194427543,0.871997160917731,0.407374557092064,0.805929473826873,0.470686185089057,-0.00119510354513202
-1.16806817366108,0.87665433493932,0.407358023270789,0.806804981159965,0.460748297355912,-0.00211295809624522
-1.15999623795251,0.881212122450826,0.407332271841885,0.807562499002988,0.450809085288493,-0.00303863915609962
-1.15191731683083,0.88567051626989,0.407297224115798,0.808202072495336,0.440869760524933,-0.0039722318097462
-1.14383258945432,0.890029521313117,0.407252800546319,0.808723761062117,0.430931531153782,-0.00491382230830872
-1.13574323431567,0.894289154559097,0.407198920718802,0.809127638392116,0.420995601467877,-0.00586349808975336
-1.12765042909949,0.898449445009677,0.407135503338233,0.809413792404548,0.411063171779308,-0.00682134779310466
-1.11955535054016,0.902510433648906,0.407062466217097,0.809582325228047,0.401135438185181,-0.00778746128458142
-1.11145917427978,0.906472173399764,0.40697972626298,0.809633353177434,0.391213592324084,-0.00876192968001943
-1.10336307472662,0.910334729078302,0.406887199465999,0.809567006703992,0.381298821146314,-0.00974484536073482
-1.09526822491379,0.91409817734568,0.406784800886032,0.809383430383433,0.371392306664875,-0.0107363019979705
-1.08717579635814,0.917762606657504,0.406672444639685,0.809082782883055,0.361495225745163,-0.0117363945788138
-1.07908695891962,0.92132811721165,0.406550043887033,0.808665236910267,0.351608749926629,-0.0127452194245556
-1.07100288066109,0.924794820893438,0.406417510818195,0.808130979166383,0.34173404510015,-0.0137628742083154
-1.06292472770846,0.928162841217741,0.406274756639671,0.807480210343386,0.331872271262009,-0.0147894579894542
-1.054853664111,0.931432313269304,0.406121691560338,0.806713145055442,0.322024582364499,-0.0158250712305063
-1.04679085170248,0.934603383641103,0.405958224777365,0.805830011795432,0.31219212603175,-0.0168698158204438
-1.03873744996238,0.937676210369435,0.405784264461759,0.804831052912622,0.302376043281182,-0.0179237951020867
-1.03069461587771,0.940650962867005,0.405599717743751,0.803716524546358,0.292577468337785,-0.0189871138969294
-1.02266350380528,0.943527821853821,0.405404490697841,0.802486696587923,0.28279752839768,-0.0200598785275354
-1.01464526533448,0.946306979285451,0.40519848832773,0.801141852627579,0.273037343309447,-0.0211421968417128
-1.00664104915041,0.948988638278111,0.404981614550851,0.79968228991584,0.263298025346053,-0.0222341782458903
-0.998652000897712,0.951573013032314,0.404753772182721,0.798108319288191,0.253580679050171,-0.0233359337211773
-0.990679263044886,0.954060328753954,0.404514862921037,0.79642026513637,0.243886400880657,-0.0244475758577868
-0.982723974748914,0.956450821571893,0.40426478732944,0.794618465349498,0.2342162789656,-0.0255692188767879
-0.974787271720732,0.958744738454042,0.404003444821108,0.792703271252689,0.224571392937891,-0.0267009786594674
-0.96687028609097,0.960942337120733,0.403730733641937,0.790675047560072,0.214952813579434,-0.0278429727826614
-0.958974146276574,0.963043885954836,0.403446550853534,0.78853417228803,0.205361602616995,-0.0289953205290302
-0.951099976847919,0.965049663910255,0.403150792316007,0.786281036733474,0.195798812432879,-0.0301581429278164
-0.943248898396268,0.966959960416763,0.402843352670284,0.783916045396993,0.186265485843825,-0.0313315627829054
-0.935422027402233,0.968775075283785,0.402524125320323,0.781439615907929,0.176762655854303,-0.0325157046946585
-0.927620476104559,0.970495318599763,0.402193002414893,0.778852179004063,0.167291345231646,-0.0337106951053372
-0.919845352369407,0.972121010629227,0.401849874829057,0.776154178440021,0.157852566434449,-0.0349166623136266
-0.912097759560751,0.973652481708718,0.401494632145522,0.773346070890525,0.148447321288843,-0.0361337365021518
-0.90437879641125,0.975090072138182,0.401127162635555,0.770428325953956,0.139076600657905,-0.0373620497801443
-0.896689556893242,0.976434132070733,0.400747353239585,0.767401426050739,0.129741384234771,-0.0386017362104489
-0.889031130091272,0.977685021399083,0.400355089547549,0.764265866336936,0.120442640212829,-0.0398529318324394
-0.88140460007455,0.978843109639368,0.399950255778944,0.761022154705924,0.111181325032968,-0.0411157747055717
-0.873811045770199,0.979908775812258,0.399532734762417,0.757670811653687,0.101958383125412,-0.042390404938944
-0.866251540837664,0.980882408321377,0.39910240791523,0.754212370233532,0.0927747465746604,-0.0436769647075547
-0.858727153543129,0.981764404828062,0.398659155222341,0.750647376017705,0.0836313348123835,-0.0449755983092692
-0.851238946634998,0.982555172123863,0.398202855215027,0.746976386975568,0.0745290544056352,-0.0462864521723592
-0.843787977220216,0.9832551260005,0.397733384949546,0.743199973429656,0.0654687987691691,-0.0476096748966026
-0.836375296640848,0.983864691116854,0.397250619985023,0.739318718021593,0.0564514478762047,-0.0489454172999962
-0.829001950351326,0.984384300862607,0.396754434361313,0.735333215617373,0.0474778678075397,-0.0502938324312378
-0.821668977796639,0.984814397217659,0.396244700576387,0.731244073234325,0.0385489105731703,-0.0516550756243282
-0.814377412291087,0.985155430611182,0.395721289563359,0.72705190997469,0.0296654138981369,-0.0530293045169805
-0.807128280897811,0.985407859775951,0.395184070667383,0.722757356968444,0.0208282007359188,-0.054416679069032
-0.799922604308578,0.985572151599308,0.394632911622178,0.718361057352973,0.0120380789977275,-0.0558173616215176
-0.7927613967243,0.985648780971517,0.394067678526002,0.713863666117084,0.00329584133288618,-0.0572315169199979
-0.785645665737265,0.985638230631694,0.393488235817559,0.7092658500118,-0.00539773523609497,-0.0586593121458681
-0.778576412212862,0.985540991009269,0.39289444625132,0.7045682877021,-0.0140418896986079,-0.0601009169635096
-0.771554630170922,0.985357560062792,0.392286170872695,0.699771669512402,-0.0226358772877303,-0.0615565035220652
-0.764581306670988,0.985088443115625,0.39166326899295,0.694876697235439,-0.0311789699042023,-0.0630262465222972
-0.757657421694535,0.984734152687378,0.391025598163412,0.689884084882889,-0.0396704563943293,-0.0645103232374397
-0.750783948025275,0.984295208323649,0.390373014149826,0.684794557362006,-0.048109642796884,-0.0660089135295941
-0.743961851145525,0.983772136421499,0.389705370906089,0.679608850782965,-0.0564958528825267,-0.0675221999056878
-0.737192089113499,0.983165470050235,0.389022520547758,0.674327713445438,-0.0648284284106384,-0.069050367533212
-0.730475612449066,0.98247574877088,0.388324313325277,0.668951904774631,-0.0731067293877241,-0.0705936042706557
-0.723813364021377,0.981703518451089,0.387610597596914,0.663482195489167,-0.0813301345231926,-0.0721521007031032
-0.717206278935868,0.980849331076506,0.386881219801279,0.657919367619857,-0.0894980415867102,-0.0737260501823939
-0.7106552844213,0.97991374455816,0.386136024429546,0.65226421444136,-0.0976098677776699,-0.0753156488443365
-0.704161299717788,0.978897322536531,0.385374853997534,0.646517540421345,-0.105665050078753,-0.0769210956305581
-0.697725235964534,0.977800634181902,0.384597549017411,0.64068016128131,-0.113663045583132,-0.078542592341072
-0.691347996087716,0.976624253991449,0.383803947968951,0.634752903847849,-0.121603331926319,-0.0801803436472274
-0.685030474689938,0.975368761581115,0.382993887270848,0.628736606074637,-0.129485407776345,-0.0818345571061007
-0.678773557938312,0.97403474147429,0.382167201251677,0.622632117039264,-0.137308792959053,-0.0835054431779825
-0.672578123454066,0.97262278288844,0.38132372212078,0.616440296889401,-0.145073029049235,-0.0851932152698071
-0.666445040201155,0.971133479513629,0.380463279938438,0.610162016905359,-0.152777679917194,-0.0868980897818945
-0.660375168375616,0.969567429289858,0.379585702586134,0.603798159374875,-0.160422331746892,-0.0886202860633426
-0.65436935929529,0.967925234181389,0.378690815736962,0.597349617701496,-0.168006593674824,-0.090360026474411
-0.648428455288123,0.96620749994371,0.377778442825137,0.590817296409703,-0.17553009832206,-0.0921175364047187
-0.642553289581687,0.964414835887416,0.376848405015964,0.58420211107911,-0.182992502169918,-0.0938930442725226
-0.636744686192009,0.962547854637377,0.375900521175263,0.577504988442931,-0.190393485856136,-0.0956867815334414
-0.631003459812024,0.960607171889894,0.37493460783919,0.570726866379031,-0.197732754638021,-0.0974989826913394
-0.625330415700039,0.958593406162841,0.373950479183373,0.563868693959364,-0.205010038945938,-0.0993298853330423
-0.619726349567363,0.956507178542705,0.372947946992391,0.556931431505596,-0.21222509474641,-0.101179730080179
-0.614192047465787,0.954349112425917,0.371926820629355,0.549916050614159,-0.219377704175706,-0.103048760614634
-0.608728285674541,0.952119833255479,0.37088690700515,0.542823534201948,-0.226467675766921,-0.104937223695714
-0.60333583058622,0.949819968254929,0.36982801054773,0.535654876762658,-0.233494845121826,-0.106845369151255
-0.598015438590554,0.947450146153612,0.36874993317161,0.528411084255067,-0.240459075393193,-0.108773449821193
-0.592767855960808,0.945010996910998,0.367652474247913,0.521093174150087,-0.247360257592544,-0.110721721567544
-0.58759381873616,0.942503151433996,0.366535430573919,0.513702175770322,-0.254198311249764,-0.112690443272969
-0.582494052603489,0.939927241289623,0.365398596343197,0.506239130269411,-0.260973184969916,-0.114679876810672
-0.577469272778469,0.937283898411523,0.36424176311576,0.498705090763003,-0.267684856781882,-0.1166902869853
-0.572520183884892,0.93457375480372,0.363064719789027,0.491101122559319,-0.274333334865779,-0.11872194155065
-0.567647479832478,0.931797442235171,0.361867252568254,0.483428303097639,-0.280918657873167,-0.120775111112725
-0.562851843694826,0.928955591934883,0.360649144938807,0.475687722370393,-0.287440895529651,-0.122850069111249
-0.558133947580748,0.926048834275038,0.359410177637353,0.467880483240012,-0.293900149306737,-0.12494709175622
-0.55349445250664,0.923077798453555,0.358150128625305,0.460007701425361,-0.300296552924962,-0.127066457955511
-0.548934008266539,0.920043112166042,0.356868773061352,0.452070505621186,-0.306630272998337,-0.129208449259754
-0.544453253301668,0.916945401277268,0.355565883276286,0.444070037882822,-0.312901509299085,-0.131373349745467
-0.540052814562873,0.91378528948447,0.354241228747278,0.436007454250524,-0.319110495633235,-0.133561446011077
-0.535733307371922,0.910563397975276,0.352894576073927,0.427883924342513,-0.325257500145659,-0.135773026944345
-0.531495335285079,0.90728034508058,0.351525688955651,0.41970063202431,-0.331342826359391,-0.138008383721988
-0.527339489944301,0.903936745916,0.350134328168963,0.411458776156835,-0.337366813633452,-0.140267809674486
-0.523266350929762,0.900533212024399,0.348720251547333,0.403159570256082,-0.343329837421563,-0.142551600087896
-0.519276485610654,0.897070351009665,0.347283213961956,0.394804243230975,-0.349232310069373,-0.144860052083143
-0.515370448986855,0.893548766164323,0.34582296730404,0.386394040014202,-0.355074681841881,-0.147193464569059
-0.511548783528705,0.889969056085372,0.34433926046747,0.377930221624591,-0.360857441396565,-0.149552137981353
-0.507812019014612,0.886331814292382,0.342831839335941,0.369414065494108,-0.366581115728712,-0.151936373923519
-0.504160672362859,0.882637628838173,0.341300446771163,0.360846866494174,-0.372246271454127,-0.154346475198105
-0.500595247452457,0.878887081907223,0.339744822601687,0.352229937524354,-0.377853515638767,-0.15678274553389
-0.497116234944298,0.875080749411103,0.338164703615882,0.343564609333959,-0.383403495777865,-0.159245489215838
-0.493724112098539,0.871219200580703,0.336559823557099,0.334852231682341,-0.388896900905435,-0.161735010935756
-0.490419342578143,0.867302997544389,0.334929913120731,0.326094174161386,-0.394334462346389,-0.164251615533986
-0.487202376250483,0.863332694905109,0.333274699954524,0.317291826478448,-0.399716954152592,-0.166795607638278
-0.48407364898196,0.859308839308355,0.331593908662656,0.308446599182161,-0.405045193651593,-0.169367291262213
-0.481033582425583,0.855231969008318,0.329887260813626,0.29955992467938,-0.410320042111713,-0.171966969497838
-0.478082583796898,0.851102613421105,0.32815447495071,0.290633258049913,-0.415542405945112,-0.17459494423356
-0.475221045645803,0.846921292673008,0.326395266606632,0.28166807750261,-0.420713236603619,-0.177251515556401
-0.472449345619721,0.84268851714787,0.324609348323992,0.272665885557643,-0.425833531551449,-0.179936981433272
-0.469767846214752,0.838404787020623,0.322796429678015,0.263628210067125,-0.430904334882694,-0.182651637157646
-0.467176894518147,0.834070591791183,0.320956217307011,0.254556605150755,-0.435926737938924,-0.185395774877551
-0.464676821939467,0.829686409804414,0.319088414944657,0.245452652442897,-0.440901880277339,-0.188169683170077
-0.462267943931198,0.825252707770084,0.31719272346078,0.236317961713352,-0.445830949371676,-0.190973646124437
-0.45995055970259,0.820769940279058,0.315268840908452,0.227154172343132,-0.450715181974286,-0.19380794298848
-0.45772495191375,0.816238549304037,0.313316462574834,0.217962954752473,-0.455555864715197,-0.196672847480233
-0.455591386362777,0.811658963704785,0.311335281041804,0.20874601122411,-0.460354333656268,-0.199568626838662
-0.453550111659036,0.807031598726709,0.309324986253142,0.199505077427814,-0.465111976110077,-0.202495541405227
-0.451601358883068,0.802356855484485,0.307285265587518,0.190241923675089,-0.469830230284141,-0.205453843534864
-0.449745341230866,0.797635120458654,0.305215803944704,0.180958357055654,-0.474510585504178,-0.208443776670571
-0.44798225363789,0.792866764972811,0.30311628383661,0.171656222425112,-0.47915458357563,-0.211465574712964
-0.446312272397481,0.788052144672844,0.300986385489184,0.162337404070373,-0.48376381835336,-0.21451946076353
-0.444735554752896,0.783191599002689,0.298825786955426,0.153003827643508,-0.488339936506145,-0.217605646188415
-0.443252238480492,0.778285450675745,0.296634164237684,0.143657461350026,-0.492884637251816,-0.220724329502075
-0.441862441451136,0.773334005148644,0.294411191422489,0.13430031842922,-0.497399673244488,-0.22387569522121
-0.440566261171201,0.768337550083914,0.292156540827322,0.124934458717258,-0.501886849902058,-0.227059912222531
-0.439363774307925,0.763296354828913,0.28986988316439,0.115561990713799,-0.506348025693487,-0.230277132783984
-0.438255036189708,0.758210669873099,0.287550887709539,0.106185073981236,-0.510785113236645,-0.233527491402995
-0.437240080287699,0.753080726317965,0.285199222492485,0.0968059205949888,-0.515200077351457,-0.236811102560571
-0.436318917680452,0.747906735355278,0.28281455450374,0.0874267976445309,-0.519594935452775,-0.240128059436694
-0.435491536487064,0.742688887735885,0.280396549913965,0.0780500303126679,-0.523971758250832,-0.243478432545641
-0.434757901277463,0.737427353243417,0.277944874310699,0.0686780033674914,-0.528332667927444,-0.246862267541644
-0.43411795246821,0.73212228018515,0.275459192957845,0.0593131633117654,-0.532679838123367,-0.250279583322164
-0.433571605687091,0.726773794872996,0.272939171070886,0.049958022015071,-0.537015493605112,-0.253730370258453
-0.433118751106399,0.721382001124949,0.270384474114434,0.0406151587694402,-0.541341908449054,-0.257214587756063
-0.432759252759247,0.715946979771596,0.26779476812228,0.0312872229444428,-0.545661405985514,-0.260732162329544
-0.432492947821013,0.710468788171263,0.265169720037607,0.0219769368433161,-0.549976356709479,-0.264282984941627
-0.43231964586903,0.704947459748791,0.262508998082776,0.0126870986161108,-0.554289177042362,-0.267866908658526
-0.432239128106678,0.699383003537008,0.259812272147769,0.00342058495901869,-0.558602328445579,-0.271483746210154
-0.432251146568083,0.693775403740851,0.257079214210952,-0.00581964609701011,-0.562918314627042,-0.275133266810612
-0.43235542328321,0.688124619323336,0.254309498786262,-0.0150305513524331,-0.567239680237262,-0.278815193687017
-0.432551649415033,0.682430583605174,0.251502803398517,-0.0242090002874706,-0.5715690082287,-0.282529200780212
-0.432839484371709,0.67669320390167,0.248658809093766,-0.0333517716381664,-0.575908916460114,-0.286274909466848
-0.433218554879905,0.670912361184087,0.245777200979681,-0.0424555500897338,-0.580262055374216,-0.290051885442342
-0.433688454032223,0.665087909766673,0.242857668799718,-0.051516923499347,-0.584631105660378,-0.293859635327001
-0.434248740301064,0.659219677024679,0.239899907542886,-0.0605323794673076,-0.58901877291689,-0.297697602542077
-0.434898936522836,0.653307463175599,0.236903618097201,-0.0694983028855616,-0.593427783091241,-0.301565163415204
-0.435638528854348,0.647351041080987,0.233868507936481,-0.0784109719038488,-0.597860880905536,-0.305461623770869
-0.436466965686313,0.641350156083816,0.230794291846251,-0.0872665553220744,-0.602320823872342,-0.309386214731286
-0.437383656544106,0.635304525917101,0.227680692693463,-0.0960611103615683,-0.606810375785033,-0.31333808804203
-0.438387970947636,0.629213840661792,0.224527442243694,-0.104790578097454,-0.611332302565232,-0.317316311583765
-0.43947923724102,0.623077762756547,0.221334282021318,-0.113450782629009,-0.615889365031662,-0.321319864861641
-0.440656741414881,0.616895927089444,0.218100964218897,-0.122037427697299,-0.62048431186124,-0.325347633878619
-0.441919725877811,0.610667941143385,0.214827252655076,-0.130546093587056,-0.62511987424216,-0.329398406837043
-0.443267388222263,0.604393385213115,0.211512923776179,-0.138972235958786,-0.629798756748591,-0.333470868793996
-0.444698879962723,0.598071812720946,0.208157767719751,-0.147311183661394,-0.634523628069345,-0.33756359565027
-0.446213305261212,0.591702750612736,0.20476158942903,-0.155558136506666,-0.639297113546152,-0.341675049672836
-0.447809719626771,0.585285699840774,0.201324209815556,-0.163708164765541,-0.644121784116851,-0.345803573691766
-0.449487128624425,0.578820135967361,0.19784546698593,-0.17175620844429,-0.649000145770096,-0.349947385113065
-0.451244486558425,0.572305509856186,0.194325217521271,-0.179697075811798,-0.653934630179845,-0.354104570608379
-0.453080695161703,0.565741248480259,0.190763337814486,-0.187525444155947,-0.658927581453592,-0.358273080194227
-0.454994602284388,0.559126755861397,0.187159725465564,-0.195235859824424,-0.663981244047634,-0.362450721471454
-0.456985000592625,0.552461414129109,0.183514300735831,-0.202822740099238,-0.669097749074289,-0.366635153494546
-0.459050626287988,0.545744584728777,0.179827008063106,-0.210280374943793,-0.67427910056257,-0.370823881097658
-0.46119015784411,0.538975609762036,0.176097817631721,-0.217602929462351,-0.679527159640628,-0.375014248986128
-0.463402214777199,0.532153813502141,0.172326727004666,-0.224784447676516,-0.684843629407503,-0.379203435955745
-0.465685356454923,0.525278504032141,0.168513762808415,-0.231818856601254,-0.690230041908674,-0.383388449474845
-0.468038080952465,0.518348975062279,0.164658982475536,-0.238699971839729,-0.695687734775104,-0.387566120002013
-0.470458823971872,0.511364507976321,0.160762476041379,-0.245421504302801,-0.70121783520439,-0.39173309557248
-0.47294595783255,0.504324373992905,0.156824367993733,-0.251977067990222,-0.706821244274147,-0.395885837022024
-0.475497790545005,0.497227836547352,0.152844819166292,-0.258360188543524,-0.712498614996874,-0.400020613468689
-0.478112564976188,0.490074153859757,0.148824028680059,-0.264564313659023,-0.718250333809024,-0.404133497641923
-0.480788458130659,0.482862581708091,0.14476223592554,-0.270582825126805,-0.724076499162108,-0.408220362464757
-0.483523580554096,0.475592376414868,0.140659722576466,-0.276409051712981,-0.729976900075962,-0.412276877696831
-0.486315975877543,0.468262798050806,0.136516814637181,-0.282036284509277,-0.735950994207126,-0.416298507227676
-0.489163620524517,0.460873113852967,0.132333884509771,-0.28745779374005,-0.741997887535462,-0.420280507233354
-0.492064423590425,0.453422601847702,0.128111353078246,-0.292666846721249,-0.748116311801133,-0.424217925224301
-0.495016226914682,0.44591055471628,0.123849691795978,-0.297656728743591,-0.754304600796802,-0.428105599596243
-0.498016805368918,0.438336283875375,0.119549424775478,-0.302420764196057,-0.760560670521444,-0.431938160709293
-0.501063867361711,0.430699123761365,0.115211130855775,-0.306952340981665,-0.766881996645852,-0.435710033030781
-0.50415505561691,0.422998436355466,0.110835445651918,-0.31124493877046,-0.773265591129134,-0.439415437572538
-0.507287948224035,0.41523361591819,0.10642306356534,-0.315292155265352,-0.779707983231969,-0.443048397101598
-0.510460059964219,0.407404093913455,0.101974739736342,-0.319087737171365,-0.786205199132798,-0.446602741964366
-0.513668843972152,0.399509344147256,0.0974912919358096,-0.322625613520427,-0.792752741221687,-0.450072117173902
-0.51691169371959,0.391548888084449,0.0929736023713406,-0.325899928674385,-0.799345573480102,-0.453449992146356
-0.520185945350638,0.383522300309712,0.088422619390494,-0.32890507897283,-0.80597810398859,-0.456729671204
-0.523488880397045,0.3754292141835,0.0838393590729153,-0.331635752702106,-0.81264416776494,-0.459904306029928
-0.526817728899038,0.367269327618879,0.079224906681998,-0.33408696921906,-0.819337018154203,-0.462966910821559
-0.530169672909135,0.359042408939307,0.0745804179581797,-0.336254119037911,-0.826049317853589,-0.465910378871147
-0.533541850428644,0.350748302834819,0.0699071202373465,-0.33813300907426,-0.832773129644778,-0.468727501066492
-0.536931359795183,0.342386936380492,0.0652063133721674,-0.339719906684579,-0.839499914229902,-0.471410986897723
-0.54033526450707,0.333958325056309,0.0604793704334112,-0.341011584627933,-0.846220529031952,-0.473953487052735
-0.543750598514115,0.325462578782023,0.0557277381769086,-0.342005368173131,-0.852925230268756,-0.476347618344834
-0.547174371965269,0.31689990787112,0.0509529372441596,-0.342699178684067,-0.859603685605974,-0.478585991614563
-0.550603577393191,0.308270628856783,0.0461565620779826,-0.343091580274499,-0.866244984129649,-0.480661240591183
-0.554035196387586,0.299575170225085,0.0413402805426215,-0.343181827363768,-0.872837650071285,-0.482566052695035
-0.557466206710738,0.290814077940555,0.0365058332208244,-0.342969907043218,-0.879369668027173,-0.484293202537934
-0.560893589841926,0.28198802071279,0.0316550323692133,-0.342456583396476,-0.885828508321642,-0.485835586538417
-0.564314338960486,0.27309779499521,0.0267897605213572,-0.341643438113478,-0.892201158415752,-0.487186259164033
-0.567725467301597,0.264144329616739,0.0219119687181352,-0.34053290711354,-0.898474162346894,-0.488338470848329
-0.57112401688403,0.255128690009833,0.0170236743557121,-0.339128316857427,-0.904633662803257,-0.489285706609374
-0.574507067574771,0.246052081989935,0.0121269586426809,-0.337433915115304,-0.91066544905307,-0.490021725625492
-0.577871746440229,0.236915855029613,0.00722396365864234,-0.335454898633861,-0.916555009303626,-0.490540601130762
-0.581215237350503,0.227721504980719,0.00231688901370687,-0.333197433580185,-0.92228759055628,-0.490836760552626
-0.584534790749591,0.218470676164349,-0.00259201189442197,-0.330668671804479,-0.927848262033549,-0.490905025512041
-0.587827733580775,0.209165162823178,-0.00750043601837683,-0.327876761687175,-0.933221982621875,-0.490740650915931
-0.591091479259415,0.199806909855487,-0.0124060351858143,-0.324830849261005,-0.938393674387851,-0.490339363117606
-0.594323537648317,0.190398012821923,-0.0173064209978949,-0.321541077837663,-0.943348294801112,-0.489697396349792
-0.5975215249831,0.180940717200647,-0.0221991700825532,-0.3180185742223,-0.94807091797074,-0.488811527404364
-0.60068317360729,0.171437416809979,-0.0270818296837351,-0.314275432088667,-0.952546812648869,-0.487679107708865
-0.603806341520507,0.161890651462758,-0.0319519235553058,-0.310324679096662,-0.956761529406478,-0.486298092533868
-0.606889021536221,0.152303103715311,-0.0368069581334644,-0.306180251953095,-0.960700975641916,-0.484667067035391
-0.609929350223876,0.142677594947939,-0.0416444289491193,-0.301856947029462,-0.964351501181109,-0.482785268424106
-0.612925616139247,0.133017080433204,-0.0464618272435195,-0.297370364881464,-0.967699984221516,-0.480652604206646
-0.615876267700251,0.123324643751635,-0.0512566467435152,-0.29273686141996,-0.970733902219704,-0.478269665920024
-0.618779920344438,0.113603490355218,-0.0560263905522451,-0.287973476946013,-0.973441413250275,-0.475637738467188
-0.621635363070051,0.10385694043807,-0.0607685781095399,-0.283097868452123,-0.975811423504493,-0.472758804584132
-0.624441564178127,0.0940884210990116,-0.065480752171283,-0.278128226700033,-0.977833656060304,-0.469635544240237
-0.627197676206896,0.0843014578631717,-0.070160485757481,-0.273083193635702,-0.97949871311691,-0.466271328866013
-0.629903040006231,0.0744996656043922,-0.074805389017939,-0.267981775349464,-0.980798130258867,-0.462670210939309
-0.632557187927887,0.0646867389802453,-0.0794131159708527,-0.262843249603891,-0.981724423216032,-0.458836908568403
-0.635159846065174,0.0548664424130296,-0.0839813710596843,-0.257687072261695,-0.982271128919076,-0.454776784933804
-0.637710935565775,0.0450425997164537,-0.0885079154833176,-0.252532780905966,-0.982432837068585,-0.450495823406962
-0.640210572952931,0.0352190834379612,-0.0929905732555059,-0.247399898309305,-0.982205214356706,-0.446000598405074
-0.642659069521355,0.0253998040119053,-0.0974272369540219,-0.242307839909846,-0.98158501810937,-0.441298242552095
-0.645056929768308,0.0155886988094462,-0.101815873120715,-0.237275813404259,-0.980570105205182,-0.436396409362762
-0.647404848849994,0.0057897211352208,-0.106154527271928,-0.232322730999541,-0.979159429677585,-0.431303233724365
-0.649703709216012,-0.00399317068648558,-0.1104413285053,-0.227467121900984,-0.977353032585853,-0.426027289311734
-0.651954576306495,-0.0137560241199161,-0.114674493659727,-0.222727042258415,-0.97515202628868,-0.420577543305524
-0.654158693442267,-0.0234949029983293,-0.118852331023006,-0.218119999639351,-0.972558567546431,-0.414963310357855
-0.656317475965699,-0.0332058978178162,-0.122973243566303,-0.213662878320016,-0.969575826496389,-0.409194204366935
-0.658432504652137,-0.0428851356885306,-0.127035731693383,-0.209371869989694,-0.966207948887977,-0.403280089880829
-0.660505518471507,-0.0525287898764385,-0.131038395503071,-0.205262411893498,-0.962460012536093,-0.397231033113991
-0.66253840675903,-0.0621330888847873,-0.134979936560038,-0.201349131346717,-0.958337978348439,-0.391057252937864
-0.664533200870809,-0.0716943250189698,-0.138859159179486,-0.197645797699508,-0.953848636703103,-0.384769072572915
-0.666492065386068,-0.0812088624051701,-0.14267497123148,-0.194165279461779,-0.948999552055565,-0.378376871892024
-0.668417288918537,-0.0906731444368835,-0.146426384475458,-0.190919510540979,-0.943799002626446,-0.37189104146063
-0.670311274636759,-0.100083700595837,-0.150112514443907,-0.18791946360432,-0.938255917745886,-0.365321937878862
-0.672176530535353,-0.109437152652663,-0.153732579886149,-0.18517512836124,-0.932379815008258,-0.358679841154294
-0.674015659534442,-0.118730220222656,-0.157285901800091,-0.182695498789234,-0.926180734777422,-0.351974914290613
-0.675831349486645,-0.127959725667605,-0.160771902068512,-0.180488566687717,-0.919669175352082,-0.345217165311247
-0.677626363136594,-0.137122598353214,-0.164190101729931,-0.178561318239285,-0.912856028305163,-0.338416411309635
-0.679403528075837,-0.146215878257978,-0.167540118898593,-0.176919738601623,-0.905752514056429,-0.331582245334801
-0.681165726795386,-0.155236718943116,-0.170821666376444,-0.175568824891603,-0.898370118014977,-0.324724007134971
-0.68291588686718,-0.164182389891734,-0.174034548979328,-0.174512597607569,-0.890720529522732,-0.317850755153408
-0.684656971265481,-0.173050278251781,-0.177178660599005,-0.173754122616666,-0.882815581812127,-0.310971242818828
-0.686391968964968,-0.18183788997789,-0.180253981048998,-0.173295536787492,-0.874667194095736,-0.304093897284011
-0.688123885770226,-0.190542850419457,-0.183260572703073,-0.17313807587112,-0.866287316717132,-0.297226801115222
-0.689855735471836,-0.199162904365248,-0.186198576973164,-0.173282104780432,-0.857687879356317,-0.290377676423969
-0.691590531284598,-0.207695915594931,-0.189068210633756,-0.17372715117397,-0.84888074202065,-0.283553872417167
-0.693331277680434,-0.216139865942924,-0.191869762048985,-0.174471943908088,-0.839877648721918,-0.276762355819377
-0.695080962589347,-0.224492853927495,-0.194603587303278,-0.17551445446602,-0.830690184975941,-0.270009703513302
-0.696842550037447,-0.232753092964273,-0.197270106281853,-0.176851934312273,-0.82132973910734,-0.26330209756896
-0.698618973116749,-0.240918909220701,-0.199869798699796,-0.178480954711654,-0.811807467035394,-0.25664532202543
-0.700413127450606,-0.248988739116958,-0.202403200130051,-0.180397458303877,-0.802134258141554,-0.250044764972513
-0.702227865113589,-0.25696112651862,-0.20487089805382,-0.182596798043514,-0.792320708440125,-0.243505419851278
-0.704065988931102,-0.264834719681782,-0.207273527921787,-0.185073780077315,-0.782377095257003,-0.237031888129219
-0.705930247248006,-0.272608267942699,-0.209611769264882,-0.187822707948856,-0.772313354502682,-0.230628385412673
-0.70782332911663,-0.280280618216293,-0.211886341875388,-0.190837429414484,-0.762139062842066,-0.224298750289977
-0.709747859976568,-0.287850711317685,-0.214098002078956,-0.194111378317742,-0.751863421399793,-0.218046451217255
-0.711706397676223,-0.295317578145749,-0.216247539067504,-0.197637610351699,-0.741495244185627,-0.211874595670286
-0.713701428937193,-0.302680335762367,-0.218335771359808,-0.201408853493422,-0.731042948061787,-0.205785943226521
-0.715735366281438,-0.309938183381765,-0.220363543378215,-0.205417542206731,-0.72051454621375,-0.199782917228611
-0.717810545309506,-0.317090398311057,-0.22233172216877,-0.209655874338099,-0.709917642538234,-0.193867622906975
-0.719929222466138,-0.324136331838794,-0.224241194234713,-0.214115800873343,-0.699259430746353,-0.188041840263529
-0.722093572572866,-0.331075405165306,-0.226092862345583,-0.21878908631006,-0.688546699762201,-0.182307061105014
-0.724305687618312,-0.337907105347603,-0.227887642894894,-0.22366738482584,-0.677785830994445,-0.176664505285515
-0.7265675754555,-0.344630981214294,-0.22962646302168,-0.22874222466001,-0.666982798246152,-0.171115112425962
-0.728881158756557,-0.351246639332305,-0.23131025801483,-0.234005043736434,-0.656143177907928,-0.165659572799875
-0.73124827423344,-0.357753740092199,-0.232939968854945,-0.239447219781845,-0.645272159174687,-0.160298338159192
-0.73367067221844,-0.364151993864868,-0.234516539918697,-0.245060102013183,-0.634374550090121,-0.155031637556108
-0.736150016484748,-0.370441157235039,-0.236040916812544,-0.250835034208198,-0.623454787523312,-0.149859490784495
-0.738687884319292,-0.376621029347337,-0.237514044360353,-0.256763378419382,-0.612516948081388,-0.144781723772693
-0.741285766805605,-0.38269144835985,-0.238936864733852,-0.262836535764371,-0.601564760470624,-0.13979798259222
-0.743945069310859,-0.388652288030777,-0.240310315721738,-0.269045963784245,-0.590601617340668,-0.134907746475638
-0.746667112122765,-0.394503454412056,-0.241635329123896,-0.275383192452352,-0.57963058753114,-0.130110340865223
-0.749453131273045,-0.400244882689879,-0.242912829284719,-0.281839843692197,-0.568654431431896,-0.125404951466925
-0.752304279537719,-0.405876534167204,-0.244143731760256,-0.288407646329071,-0.557675613954884,-0.120790636861732
-0.75522162755658,-0.411398393374614,-0.245328942105907,-0.295078445556385,-0.54669631838071,-0.116266340319788
-0.758206165048796,-0.416810465327782,-0.246469354778815,-0.301844214715928,-0.535718460481159,-0.111830900506275
-0.761258802163226,-0.422112772922949,-0.247565852147,-0.30869706796872,-0.524743703587478,-0.107483063273364
-0.764380370921146,-0.42730535448899,-0.248619303620484,-0.315629265953345,-0.513773472570009,-0.103221492410904
-0.767571626718517,-0.432388261463533,-0.249630564875676,-0.322633226088119,-0.502808967013703,-0.0990447794209944
-0.770833249937429,-0.437361556217396,-0.250600477182232,-0.329701526302147,-0.491851176316177,-0.0949514523953044
-0.774165847553482,-0.442225310022464,-0.25152986680926,-0.336826911351237,-0.480900893546624,-0.0909399852727628
-0.777569954858845,-0.446979601151325,-0.252419544533209,-0.344002297301667,-0.469958727590964,-0.0870088062425093
-0.78104603715398,-0.451624513098922,-0.25327030521214,-0.351220772598007,-0.459025116727451,-0.0831563052944038
-0.784594491517704,-0.456160132950132,-0.254082927448347,-0.358475603384176,-0.448100342659604,-0.0793808420323476
-0.788215648573747,-0.460586549871947,-0.254858173312719,-0.365760233616487,-0.437184541897407,-0.0756807518970162
-0.791909774283224,-0.46490385371784,-0.255596788137908,-0.373068286019434,-0.426277717283088,-0.0720543526299978
-0.795677071724352,-0.469112133753102,-0.2562995003698,-0.380393562085592,-0.415379750418479,-0.0684999503225159
-0.799517682893708,-0.473211477500794,-0.256967021481652,-0.387730043751826,-0.40449041293344,-0.065015845047088
-0.803431690497478,-0.47720196969134,-0.257600045935163,-0.395071890171518,-0.393609376247522,-0.0616003351673607
-0.807419119711587,-0.481083691311646,-0.258199251187149,-0.40241343660097,-0.382736222199229,-0.0582517222233743
-0.811479939945843,-0.484856718761439,-0.258765297744133,-0.409749193944241,-0.37187045280712,-0.0549683151368244
-0.815614066582899,-0.488521123099489,-0.259298829253028,-0.417073845349821,-0.361011499719241,-0.0517484337111201
-0.819821362687133,-0.492076969386437,-0.259800472628236,-0.424382243687357,-0.350158732593187,-0.0485904121733716
-0.824101640691724,-0.495524316101855,-0.260270838211263,-0.431669409491902,-0.339311467393224,-0.0454926021892054
-0.828454664062464,-0.498863214654221,-0.260710519959442,-0.438930528174111,-0.328468974951993,-0.0424533757486266
-0.832880148926806,-0.502093708962514,-0.261120095661907,-0.446160945839199,-0.317630487799696,-0.039471127513668
-0.837377765660657,-0.505215835108707,-0.261500127176012,-0.453356165692464,-0.306795207027583,-0.0365442768535225
-0.841947140445996,-0.508229621057264,-0.261851160684654,-0.460511845163621,-0.295962309383527,-0.0336712697560735
-0.846587856795955,-0.511135086445008,-0.262173726970674,-0.467623792497185,-0.285130953242103,-0.0308505805486659
-0.85129945704114,-0.513932242421279,-0.262468341707947,-0.474687961869597,-0.274300283820179,-0.0280807132261925
-0.856081443766172,-0.516621091547574,-0.262735505763169,-0.481700449787354,-0.263469439271438,-0.0253602026391675
-0.860933281223124,-0.519201627751153,-0.262975705511151,-0.488657492476855,-0.252637555144128,-0.0226876156705721
-0.865854396703904,-0.521673836320288,-0.263189413158129,-0.495555460719984,-0.241803769122923,-0.0200615518003224
-0.870844181861757,-0.524037693953584,-0.263377087070721,-0.50239085551307,-0.230967226321844,-0.0174806437679312
-0.87590199399855,-0.52629316884841,-0.263539172111723,-0.509160305073235,-0.220127081332246,-0.0149435581037937
-0.881027157320458,-0.528440220811955,-0.263676099980181,-0.515860561423882,-0.20928250324151,-0.0124489956753015
-0.886218964151438,-0.530478801430922,-0.263788289555564,-0.522488494866447,-0.198432677923127,-0.00999569148416007
-0.891476676092992,-0.532408854243801,-0.263876147237584,-0.529041090790128,-0.187576812163858,-0.00758241485631966
-0.896799525167492,-0.534230314992891,-0.263940067293381,-0.535515446848719,-0.176714139640036,-0.00520796978810042
-0.902186714915546,-0.535943111866188,-0.26398043220127,-0.541908768758021,-0.165843913716657,-0.00287119454808966
-0.907637421460384,-0.537547165700794,-0.263997612993016,-0.548218366294725,-0.154965415664401,-0.000570961454514442
-0.913150794524844,-0.539042390333322,-0.263991969592254,-0.554441649270585,-0.144077961654675,0.00169382343846631
-0.918725958419072,-0.540428692908418,-0.263963851150771,-0.560576124755213,-0.133180897980356,0.00392422065853842
-0.924362012997682,-0.541705974199963,-0.263913596380767,-0.56661939418283,-0.122273604477088,0.00612125757997205
-0.930058034587029,-0.542874128953487,-0.263841533884827,-0.572569149616973,-0.111355495779146,0.00828592893789634
-0.935813076869978,-0.543933046240038,-0.263747982477957,-0.578423169838795,-0.10042602266106,0.0104191975762909
-0.941626171741109,-0.544882609825845,-0.263633251504874,-0.584179318135971,-0.0894846735997807,0.0125219947433975
-0.947496330137618,-0.545722698552746,-0.263497641153212,-0.589835538864274,-0.0785309751504676,0.0145952208151343
-0.95342254283163,-0.546453186720835,-0.263341442757824,-0.595389854588564,-0.0675644927749432,0.0166397459964041
-0.95940378120267,-0.547073944484598,-0.263164939100711,-0.600840363385053,-0.0565848318654216,0.0186564107832824
-0.965438997975024,-0.547584838252794,-0.262968404704306,-0.60618523603752,-0.0455916379885975,0.0206460267118534
-0.971527127936969,-0.547985731093506,-0.262752106117893,-0.611422713956346,-0.0345845975670745,0.0226093769558289
-0.977667088629729,-0.548276483143933,-0.262516302197183,-0.616551105799085,-0.0235634378734497,0.0245472173026158
-0.983857781007374,-0.548456952017787,-0.262261244373733,-0.621568785264409,-0.0125279270851403,0.0264602767447613
-0.990098090077849,-0.548526993217647,-0.261987176921592,-0.626474188917597,-0.00147787483377143,0.0283492580241996
-0.996386885519694,-0.548486460549456,-0.26169433721462,-0.631265814136924,0.00958686791823288,0.0302148384893163
-1.0027230222799,-0.548335206533767,-0.261382955977353,-0.635942216558132,0.0206664092560291,0.0320576708587727
-1.00910534114213,-0.548073082815021,-0.261053257526795,-0.64050200780354,0.0317608162545656,0.0338783839651989
-1.01553266928288,-0.547699940572104,-0.260705460009039,-0.644943854591765,0.0428701150290408,0.0356775832930094
-1.02200382081101,-0.547215630925693,-0.260339775628422,-0.649266475984873,0.0539942911705155,0.0374558518722179
-1.02851759727917,-0.546620005342275,-0.259956410868426,-0.653468641872551,0.0651332899228545,0.0392137508802647
-1.03507278818861,-0.545912916036266,-0.259555566707437,-0.657549171340179,0.0762870165949881,0.0409518203639622
-1.04166817146419,-0.545094216365143,-0.259137438825116,-0.661506929824381,0.0874553374108356,0.04267058010394
-1.04830251391561,-0.544163761218741,-0.25870221780291,-0.66534082903084,0.0986380795417925,0.0443705300120161
-1.05497457169451,-0.543121407409664,-0.258250089319445,-0.669049824728238,0.109835031537258,0.0460521509723007
-1.06168309072321,-0.541967014054572,-0.257781234336464,-0.672632915928477,0.121045943985214,0.0477159054459298
-1.06842680712761,-0.540700442952183,-0.257295829281193,-0.676089143087771,0.132270530143856,0.0493622381250752
-1.07520444763163,-0.539321558951195,-0.256794046219198,-0.679417585855019,0.143508466787227,0.050991576632526
-1.08201472995848,-0.537830230315285,-0.256276053024068,-0.682617364368031,0.154759394070464,0.0526043318760152
-1.08885636322271,-0.536226329085795,-0.25574201353999,-0.685687635613055,0.166022916802454,0.0542008990157226
-1.09572804828496,-0.534509731428117,-0.255192087735993,-0.688627592741927,0.177298605085539,0.0557816578712444
-1.10262847812262,-0.532680317980526,-0.254626431858502,-0.691436465013025,0.188585994614295,0.0573469733317586
-1.10955633817375,-0.530737974190265,-0.254045198575775,-0.694113515464029,0.199884587957228,0.0588971962528352
-1.11651030667787,-0.528682590644408,-0.253448537116094,-0.696658041327155,0.211193854504255,0.0604326637652063
-1.12348905501372,-0.526514063399619,-0.252836593403634,-0.699069372838036,0.222513231300917,0.0619536997161025
-1.13049124802116,-0.524232294298156,-0.252209510187398,-0.701346871924231,0.233842124219575,0.0634606153687187
-1.13751554431294,-0.521837191276721,-0.251567427164512,-0.703489930842876,0.245179908714035,0.0649537099384711
-1.14456059657273,-0.519328668667644,-0.250910481098556,-0.705497971785264,0.25652593007674,0.066433270926545
-1.15162505185693,-0.516706647499142,-0.250238805935246,-0.707370446815267,0.267879504227113,0.0678995745355195
-1.15870755188531,-0.513971055782001,-0.24955253291188,-0.709106836323861,0.27923991865876,0.0693528863397927
-1.16580673332692,-0.51112182879293,-0.248851790662117,-0.71070665047968,0.29060643293488,0.0707934614547365
-1.17292122809237,-0.50815890934839,-0.248136705319274,-0.712169425456704,0.301978279592349,0.0722215450399886
-1.18004966357345,-0.505082248072332,-0.247407400611798,-0.713494723230403,0.313354664768945,0.0736373729043962
-1.1871906629308,-0.501891803655666,-0.246663997956281,-0.714682134717771,0.32473476902542,0.075041171670372
-1.19434284535339,-0.498587543108905,-0.245906616547269,-0.715731273435705,0.336117748013344,0.0764331592099921
-1.2015048262785,-0.495169442007658,-0.245135373442515,-0.716641777401705,0.347502733168993,0.077813545064084
-1.20867521767574,-0.491637484732091,-0.24435038364505,-0.71741331520747,0.358888832191538,0.0791825306517538
-1.21585262832807,-0.487991664700545,-0.243551760182854,-0.718045578166828,0.370275130015014,0.0805403096875159
-1.22303566402105,-0.484231984591793,-0.242739614183135,-0.718538277238523,0.381660689645502,0.0818870686413199
-1.23022292777653,-0.480358456563429,-0.241914054944091,-0.718891148931877,0.393044552336663,0.083222986853124
-1.23741302010489,-0.476371102465516,-0.241075190004913,-0.719103953686083,0.404425738680603,0.0845482368987844
-1.24460453923257,-0.472269954041629,-0.24022312521127,-0.719176474627301,0.415803249263298,0.0858629848923436
-1.25179608132927,-0.468055053128308,-0.239357964779108,-0.719108516599089,0.427176065202301,0.087167390776462
-1.25898624071897,-0.46372645184441,-0.238479811354297,-0.718899906364672,0.438543148862609,0.088461608606002
-1.26617361010928,-0.459284212777529,-0.237588766071196,-0.718550493401767,0.449903444344501,0.0897457866943957
-1.27335678080795,-0.454728409161832,-0.236684928608283,-0.718060148170133,0.461255878291429,0.0910200679506032
-1.28053434293139,-0.450059125049828,-0.235768397240853,-0.717428761986348,0.472599360555938,0.0922845901455589
-1.28770488561509,-0.445276455477223,-0.234839268891471,-0.716656247450365,0.483932784620409,0.0935394860591941
-1.29486699722747,-0.440380506624956,-0.23389763917914,-0.715742538448435,0.495255028176002,0.0947848836893665
-1.30201926557676,-0.435371395971295,-0.232943602465236,-0.71468758865997,0.506564954203657,0.096020906620905
-1.3091602781068,-0.430249252436241,-0.23197725189693,-0.713491372102913,0.517861411374518,0.0972476740658186
-1.31628862210662,-0.425014216524351,-0.230998679450819,-0.712153883264587,0.529143234130057,0.0984653010258583
-1.32340288490618,-0.419666440463508,-0.230007975973013,-0.710675136017465,0.540409243676076,0.099673898599986
-1.33050165407306,-0.414206088331574,-0.229005231217687,-0.709055163952906,0.551658248750151,0.100873574116938
-1.33758351760928,-0.408633336180692,-0.227990533883799,-0.70729402044705,0.562889045922061,0.102064431308323
-1.34464706414834,-0.402948372155796,-0.226963971650489,-0.705391778178275,0.574100420050865,0.103246570429869
-1.35169088314595,-0.397151396610141,-0.225925631211107,-0.70334852916206,0.585291144799674,0.104420088409385
-1.35871356507456,-0.391242622212805,-0.224875598305439,-0.701164384349564,0.596459983410063,0.105585079085916
-1.3657137016065,-0.385222274049699,-0.223813957749647,-0.698839472904791,0.607605689459037,0.10674163333176
-1.37268988580072,-0.379090589717943,-0.222740793465973,-0.696373943167234,0.618727006983877,0.107889839081896
-1.37964071229543,-0.372847819422124,-0.221656188511218,-0.693767962382308,0.629822670653899,0.109029781533005
-1.38656477749212,-0.366494226062004,-0.220560225103131,-0.691021715989106,0.640891406962986,0.110161543310627
-1.39346067973969,-0.36003008531162,-0.219452984645947,-0.688135408194218,0.651931934432201,0.111285204485804
-1.40032701952079,-0.353455685699051,-0.218334547755368,-0.685109261078088,0.662942963986871,0.112400842763022
-1.40716239962641,-0.346771328677159,-0.217204994281164,-0.68194351474213,0.67392319975821,0.11350853359295
-1.41396542534201,-0.33997732869103,-0.216064403329806,-0.678638427540081,0.684871339191792,0.114608350237684
-1.42073470462455,-0.333074013242403,-0.214912853285445,-0.675194275750636,0.69578607371492,0.115700363883202
-1.42746884828432,-0.326061722946485,-0.213750421830493,-0.671611353352062,0.706666089131273,0.116784643742119
-1.43416647015714,-0.318940811587885,-0.212577185964509,-0.667889971805381,0.717510065942936,0.11786125715547
-1.4408261872848,-0.311711646169599,-0.211393222023057,-0.664030460749686,0.72831667999796,0.118930269600453
-1.44744662009222,-0.30437460695801,-0.210198605695556,-0.660033166888594,0.739084602870202,0.119991744869321
-1.4540263925567,-0.296930087523425,-0.208993412041539,-0.655898454423059,0.749812502225287,0.121045745125278
-1.46056413238795,-0.289378494777196,-0.207777715507156,-0.651626705283079,0.760499042332415,0.122092330904169
-1.4670584711992,-0.281720249003442,-0.206551589940708,-0.647218318329423,0.771142884308483,0.123131561268654
-1.47350804467816,-0.273955783889795,-0.205315108606907,-0.642673709589628,0.781742686531181,0.124163493863696
-1.4799114927586,-0.266085546550602,-0.204068344201057,-0.637993312249117,0.792297105305446,0.125188184946255
-1.48626745979096,-0.258109997547099,-0.202811368862432,-0.633177576358918,0.802804794950931,0.126205689474398
-1.4925745947107,-0.250029610905524,-0.20154425418705,-0.628226969039892,0.813264408318882,0.127216061145035
-1.49883155121025,-0.241844874128603,-0.200267071240036,-0.623141974352782,0.823674597235958,0.128219352457415
-1.50503698790386,-0.233556288204983,-0.198979890567111,-0.61792309257172,0.834034012822348,0.12921561480589
-1.51118956849239,-0.225164367614541,-0.197682782205578,-0.612570841067814,0.844341305626975,0.130204898461056
-1.51728796193689,-0.216669640332703,-0.196375815695503,-0.607085754121307,0.854595126296787,0.131187252642773
-1.52333084262208,-0.208072647825198,-0.195059060089562,-0.601468382400643,0.864794125941863,0.132162725588591
-1.52931689052125,-0.199373945045064,-0.193732583962974,-0.595719292619423,0.874936956189641,0.133131364583109
-1.53524479135389,-0.19057410042345,-0.192396455422544,-0.589839067690275,0.885022269796417,0.134093216010886
-1.54111323675297,-0.181673695857168,-0.191050742115759,-0.58382830714921,0.895048720976396,0.135048325369467
-1.54692092442633,-0.172673326692707,-0.189695511239248,-0.577687626452706,0.905014965513009,0.13599673733706
-1.55266655831725,-0.163573601709838,-0.18833082954689,-0.57141765732037,0.914919661173045,0.13693849578481
-1.55834884876787,-0.154375143099059,-0.186956763357819,-0.565019047715303,0.924761467902864,0.137873643799016
-1.56396651267898,-0.145078586438528,-0.185573378563938,-0.558492461315747,0.934539048631767,0.138802223756123
-1.56951827366748,-0.135684580659235,-0.184180740636816,-0.551838577873706,0.944251069551486,0.139724277333242
-1.57500286222621,-0.126193788016763,-0.182778914634752,-0.545058092317906,0.953896199735092,0.140639845527324
-1.58041901587229,-0.116606884058424,-0.181367965209229,-0.53815171524731,0.963473111806198,0.141548968698488
-1.58576547931332,-0.106924557586494,-0.179947956611352,-0.531120173764114,0.972980482185792,0.142451686567837
-1.59104100460329,-0.0971475106183984,-0.178518952697999,-0.523964209927728,0.982416991532129,0.14334803827228
-1.59624435129283,-0.0872764583417989,-0.177081016937471,-0.516684581298759,0.991781325179603,0.144238062384301
-1.60137428658574,-0.0773121290674642,-0.175634212415148,-0.509282060525258,1.00107217312457,0.145121796927077
-1.60642958548532,-0.0672552641816681,-0.174178601838759,-0.501757435249953,1.01028823046757,0.145999279406073
-1.61140903094996,-0.0571066180931252,-0.17271424754358,-0.494111508636085,1.01942819742259,0.146870546807825
-1.61631141404235,-0.0468669581814934,-0.171241211497426,-0.486345098199083,1.02849078002022,0.147735635655088
-1.62113553407637,-0.0365370647355527,-0.169759555305191,-0.478459037368876,1.03747468990644,0.148594581984345
-1.62588019878056,-0.0261177309008637,-0.16826934021393,-0.470454174653861,1.04637864468901,0.149447421355616
-1.6305442244349,-0.0156097626102402,-0.166770627117028,-0.462331372433977,1.05520136908861,0.150294188944967
-1.63512643601773,-0.00501397852166804,-0.165263476558219,-0.454091507610458,1.06394159288014,0.15113491948392
-1.63962566734581,0.00566879004170709,-0.163747948736158,-0.445735471231259,1.07259805515303,0.151969647289432
-1.64404076121966,0.0164376991895822,-0.162224103508058,-0.437264168879328,1.08116950006722,0.152798406318892
-1.64837056957599,0.0272918924829056,-0.160692000393541,-0.428678523127548,1.08965467713895,0.153621230135532
-1.65261395362198,0.0382305010469186,-0.159151698578568,-0.419979460109749,1.09805234876889,0.154438151904148
-1.65676978392235,0.0492526436629177,-0.157603256918989,-0.411167941169055,1.10636128204316,0.155249204534704
-1.66083694082047,0.0603574268067538,-0.156046733943014,-0.402244935539686,1.11458025120779,0.156054420547077
-1.66481431421485,0.0715439447566442,-0.154482187856094,-0.393211405209274,1.12270804148476,0.156853832072067
-1.66870080381581,0.0828112796821394,-0.152909676543353,-0.384068343004278,1.13074344571396,0.157647470992022
-1.6724953193177,0.0941585017185169,-0.15132925757287,-0.374816754399256,1.13868526447891,0.158435368858751
-1.67619678054198,0.105584669051701,-0.149740988198651,-0.365457658006665,1.14653230750276,0.159217556917945
-1.67980411755132,0.117088828011824,-0.148144925363839,-0.355992084410024,1.1542833937777,0.159994066115334
-1.68331627078746,0.128670013165429,-0.146541125703401,-0.34642107874133,1.16193735179051,0.160764927134557
-1.68673219120824,0.140327247413768,-0.144929645546898,-0.3367456984356,1.16949301993514,0.161530170369968
-1.69005084040679,0.152059542089563,-0.143310540921341,-0.326967014038148,1.176949246013,0.162289825947024
-1.69327119075184,0.16386589705245,-0.141683867553772,-0.317086109207438,1.1843048879291,0.163043923725319
-1.69639222550877,0.17574530079347,-0.140049680873949,-0.307104080434845,1.19155881376391,0.163792493316768
-1.69941293897794,0.187696730534042,-0.138408036016692,-0.297022037581172,1.19870990182233,0.164535564081002
-1.70233233661777,0.199719152333875,-0.136758987824526,-0.286841102631505,1.20575704140832,0.165273165137787
-1.70514943516551,0.211811521199294,-0.135102590849971,-0.276562408841988,1.21269913246592,0.166005325337478
-1.70786326274758,0.223972781187803,-0.133438899358413,-0.2661871016146,1.21953508526276,0.166732073301419
-1.71047285902195,0.236201865512341,-0.131767967329676,-0.25571634230452,1.22626382076439,0.167453437502456
-1.71297727532076,0.248497696683365,-0.130089848461208,-0.245151301751838,1.23288428074626,0.168169445807958
-1.71537557472115,0.260859186666292,-0.128404596172151,-0.234493161124977,1.23939540277094,0.168880126485811
-1.71766683218727,0.273285236770526,-0.126712263596559,-0.223743114319691,1.24579613473015,0.16958550760439
-1.71985013467715,0.285774737975734,-0.125012903594325,-0.212902369035442,1.25208545154197,0.170285616408059
-1.72192458129835,0.298326571017157,-0.123306568751597,-0.201972143471592,1.25826233349759,0.170980480216874
-1.72388928337067,0.310939606508128,-0.12159331138276,-0.190953665750143,1.26432577460491,0.171670126161016
-1.72574336457468,0.323612705052269,-0.119873183531284,-0.179848177026473,1.27027477903629,0.172354581201005
-1.72748596103813,0.336344717352493,-0.118146236972714,-0.16865692697658,1.27610836299007,0.173033872018188
-1.72911622145057,0.349134484341376,-0.116412523216345,-0.157381178417932,1.28182555617678,0.173708025178938
-1.73063330718696,0.361980837314838,-0.114672093506721,-0.14602220457547,1.28742540145221,0.174377067035907
-1.73203639239939,0.374882598060502,-0.112924998826117,-0.134581288494251,1.2929069542067,0.175041023719242
-1.73332466412699,0.387838578983424,-0.111171289896289,-0.123059724012709,1.29826928275754,0.17569992119122
-1.73449732239892,0.400847583239347,-0.109411017180265,-0.111458815863785,1.30351146888686,0.17635378524702
-1.73555358034569,0.413908404868717,-0.107644230884039,-0.0997798786799418,1.30863260775882,0.17700264147257
-1.73649266428796,0.427019828931855,-0.105870980958822,-0.0880242366611515,1.31363180831502,0.177646515273818
-1.7373138138433,0.440180631646839,-0.104091317102415,-0.0761932244826737,1.31850819290839,0.178285431898791
-1.73801628202212,0.453389580520958,-0.102305288761169,-0.0642881861699127,1.3232608972797,0.17891941640709
-1.7385993353231,0.466645434490904,-0.100512945131667,-0.0523104752814989,1.32788907169792,0.179548493678183
-1.73906225382797,0.479946944067698,-0.0987143351626517,-0.040261454956563,1.33239188046261,0.180172688417427
-1.73940433129756,0.493292851473447,-0.0969095075565284,-0.0281424977188128,1.33676850173172,0.180792025176741
-1.73962487526148,0.506681890784595,-0.0950985107711422,-0.0159549846977688,1.34101812820385,0.181406528312385
-1.73972320710453,0.520112788076218,-0.0932813930216835,-0.00370030604865021,1.34513996681535,0.182016222012033
-1.7396986621593,0.533584261564845,-0.0914582022822085,0.00862013908367942,1.34913323914747,0.182621130305281
-1.73955058979188,0.54709502175743,-0.0896289862873751,0.0210049430542441,1.35299718150246,0.183221277045898
-1.73927835348735,0.560643771596258,-0.0877937925341233,0.0334526898408482,1.3567310448167,0.183816685924018
-1.73888133093134,0.574229206608376,-0.0859526682832742,0.0459619553125744,1.36033409507052,0.184407380476325
-1.73835891409084,0.587850015055379,-0.0841056605611592,0.0585313074380283,1.36380561319913,0.184993384048699
-1.73771050929361,0.601504878083218,-0.0822528161615477,0.0711593058366584,1.36714489515379,0.185574719836361
-1.73693553731302,0.615192469873753,-0.0803941816468051,0.08384450215505,1.37035125227087,0.186151410902204
-1.73603343344101,0.628911457799348,-0.0785298033496572,0.0965854409246606,1.37342401118021,0.186723480112734
-1.73500364756087,0.642660502575019,-0.0766597273750357,0.10938065940003,1.37636251397258,0.187290950169193
-1.73384564421937,0.656438258414319,-0.074783999601599,0.122228687584482,1.3791661180097,0.187853843620049
-1.73255890270006,0.670243373180451,-0.0729026656832954,0.135128048132743,1.38183419621405,0.188412182865411
-1.73114291709466,0.684074488547131,-0.0710157710508364,0.148077256935145,1.38436613757792,0.188965990140376
-1.72959719636861,0.697930240155734,-0.0691233609134448,0.161074823207269,1.38676134666387,0.189515287522086
-1.72792126442901,0.711809257772149,-0.0672254802602618,0.174119249587893,1.38901924388263,0.190060096938027
-1.72611466018746,0.725710165446687,-0.0653221738620355,0.187209032452327,1.3911392657061,0.190600440143348
-1.72417693762346,0.739631581674348,-0.0634134862727105,0.20034266193803,1.39312086457133,0.191136338749224
-1.72210766584514,0.753572119554433,-0.0614994618308763,0.213518622173525,1.39496350895652,0.191667814203363
-1.71990642914857,0.76753038695286,-0.0595801446615031,0.226735391527597,1.39666668378544,0.192194887795864
-1.71757282707354,0.781504986665684,-0.0576555786773243,0.23999144289428,1.39822988990912,0.192717580675486
-1.71510647445907,0.795494516577975,-0.0557258075803939,0.253285243455187,1.39965264475112,0.193235913832088
-1.71250700149969,0.809497569833855,-0.0537908748636365,0.266615255157501,1.40093448217802,0.193749908100056
-1.70977405379439,0.823512734994055,-0.0518508238124456,0.279979935044494,1.40207495200596,0.194259584150097
-1.70690729239733,0.837538596203519,-0.0499056975062607,0.29337773510931,1.40307362134676,0.194764962510523
-1.70390639386643,0.851573733362239,-0.047955538819956,0.306807102650663,1.40393007371441,0.195266063553297
-1.70077105030956,0.865616722285334,-0.0460003904254908,0.320266480369851,1.40464390899734,0.19576290750622
-1.69750096942921,0.879666134872113,-0.0440402947932237,0.333754306796569,1.40521474391841,0.196255514440907
-1.69409587456289,0.893720539273425,-0.0420752941936476,0.347269016218443,1.40564221242117,0.19674390428272
-1.69055550472732,0.907778500064479,-0.0401054306986219,0.360809038676839,1.40592596477281,0.197228096808736
-1.68687961465686,0.921838578401927,-0.0381307461831664,0.374372800674089,1.406065667709,0.197708111626974
-1.6830679748385,0.93589933219585,-0.0361512823268234,0.387958725069075,1.40606100447437,0.198183968223474
-1.67912037154917,0.949959316278076,-0.0341670806150225,0.401565231169359,1.40591167792001,0.198655685923083
-1.67503660688752,0.964017082607835,-0.0321781823408214,0.415190735359136,1.4056174081178,0.199123283885772
-1.67081649880409,0.978071180404488,-0.0301846286063121,0.428833650740363,1.40517792821241,0.199586781148117
-1.66645988113443,0.992120156309522,-0.0281864603239321,0.442492387443532,1.40459299022513,0.200046196590146
-1.66196660362433,1.00616255457905,-0.0261837182181709,0.456165353256024,1.40386236394246,0.200501548935372
-1.65733653195441,1.02019691724652,-0.0241764428269212,0.469850953388905,1.40298583579523,0.200952856773659
-1.65256954776598,1.03422178430098,-0.0221646745029463,0.483547590554542,1.40196321014861,0.201400138539551
-1.64766554868369,1.04823569385879,-0.0201484534154392,0.49725366547817,1.40079430798541,0.201843412515055
-1.64262444833386,1.06223718233004,-0.0181278195514709,0.510967577046958,1.39947896732284,0.202282696845441
-1.63744617636324,1.07622478459393,-0.0161028127173452,0.524687722356333,1.39801704396236,0.202718009533949
-1.6321306784557,1.09019703417512,-0.0140734725400671,0.538412496871311,1.39640841105203,0.203149368442717
-1.62667791634744,1.10415246341478,-0.0120398384687294,0.552140294802937,1.39465295878989,0.203576791282976
-1.62108786783769,1.11808960364226,-0.010001949776076,0.565869509235767,1.39275059463543,0.204000295625933
-1.61536052680053,1.13200698534859,-0.00795984555982743,0.579598532251272,1.39070124351564,0.204419898887172
-1.60949590319206,1.14590313836167,-0.0059135647443756,0.593325755377181,1.38850484783308,0.204835618339054
-1.60349402305696,1.15977659202011,-0.00386314608192234,0.607049569253743,1.38616136731683,0.205247471131671
-1.59735492853665,1.1736258753465,-0.00180862815397123,0.620768364180831,1.38367077905865,0.205655474259313
-1.59107867786914,1.18744951722144,0.00024995062721711,0.634480530326378,1.38103307755927,0.206059644576702
-1.58466534539214,1.20124604655754,0.00231255201723179,0.648184457835056,1.37824827472613,0.206459998798651
-1.57811502154009,1.21501399247347,0.00437913793811567,0.661878537025675,1.3753163998597,0.206856553502261
-1.57142781284392,1.22875188446794,0.00644967047698841,0.675561158511545,1.37223749967187,0.207249325123503
-1.56460384192408,1.24245825259382,0.00852411188461785,0.689230713725661,1.36901163827136,0.207638329958566
-1.55764324748387,1.2561316276319,0.0106024245740464,0.702885594603356,1.36563889714547,0.208023584163982
-1.55054618430314,1.26977054126483,0.0126845711191547,0.716524194153055,1.36211937516365,0.208405103750882
-1.54331282322524,1.28337352625084,0.0147705142532786,0.730144906391659,1.35845318859792,0.208782904606668
-1.53594335114868,1.29693911659794,0.0168602168680012,0.743746126649061,1.3546404710949,0.209157002480906
-1.52843797100866,1.31046584773712,0.0189536420116406,0.757326252022507,1.35068137362541,0.209527412982809
-1.52079690176296,1.32395225669591,0.0210507528879736,0.770883681021119,1.34657606451046,0.20989415158419
-1.51302037837449,1.33739688227159,0.0231515128547533,0.784416814199062,1.34232472938974,0.210257233618908
-1.50510865179007,1.35079826520436,0.0252558854224724,0.797924054112762,1.33792757118498,0.210616674294588
-1.4970619889203,1.36415494835002,0.0273638342529969,0.811403805679114,1.33338481011614,0.210972488680679
-1.4888806726131,1.37746547685297,0.0294753231582346,0.82485447634201,1.32869668364942,0.211324691716193
-1.4805650016307,1.39072839831823,0.0315903160988344,0.838274475921276,1.32386344646459,0.211673298210665
-1.47211529062271,1.4039422629838,0.0337087771828832,0.851662217187844,1.31888537045828,0.212018322840699
-1.46353187009527,1.4171056238924,0.0358306706645694,0.865016116061841,1.31376274466873,0.212359780151909
-1.45481508637952,1.43021703706267,0.0379559609428692,0.878334591633733,1.30849587524168,0.212697684552337
-1.4459653015995,1.44327506166043,0.0400846125601993,0.891616066257489,1.30308508548815,0.213032050332831
-1.43698289363803,1.45627826017007,0.0422165902013179,0.904858965914431,1.29753071573577,0.213362891655839
-1.42786825609867,1.46922519856381,0.0443518586918554,0.918061720471425,1.29183312329541,0.213690222545855
-1.41862179826713,1.48211444647258,0.0464903829971607,0.931222763617833,1.28599268254679,0.214014056918697
-1.40924394507208,1.49494457735543,0.0486321282210614,0.944340533190514,1.2800097847125,0.214334408546204
-1.39973513704139,1.50771416866785,0.0507770596043981,0.957413471508768,1.27388483789212,0.214651291072829
-1.39009583025741,1.52042180203108,0.0529251425239744,0.970440025348521,1.26761826712097,0.214964718041471
-1.38032649631236,1.53306606340064,0.0550763424913853,0.983418645985848,1.26121051416683,0.215274702862443
-1.37042762226173,1.54564554323304,0.0572306251516451,0.996347789600966,1.25466203750375,0.215581258815115
-1.36039971057281,1.55815883665324,0.0593879562819563,1.0092259176745,1.24797331230165,0.215884399053558
-1.35024327907219,1.570604543621,0.0615483017904827,1.02205149676803,1.24114483037876,0.216184136627076
-1.33995886089513,1.58298126909752,0.0637116277154145,1.03482299876813,1.23417710016335,0.216480484480843
-1.32954700442897,1.59528762321055,0.0658779002236934,1.04753890134751,1.22707064652774,0.216773455417919
-1.31900827325568,1.60752222141867,0.0680470856096259,1.060197687908,1.21982601076687,0.217063062115979
-1.30834324609413,1.6196836846755,0.0702191502937717,1.07279784770894,1.21244375058135,0.217349317146884
-1.29755251674045,1.6317706395933,0.0723940608218614,1.08533787606943,1.20492443998665,0.217632232972128
-1.28663669400564,1.64378171860587,0.0745717838636921,1.09781627481309,1.19726866927244,0.217911821945842
-1.27559640165013,1.65571556013086,0.0767522862120167,1.11023155203444,1.18947704487753,0.218188096296198
-1.26443227832132,1.66757080873058,0.0789355347812375,1.12258222261577,1.18155018931358,0.218461068138154
-1.25314497748136,1.67934611527295,0.0811214966064512,1.13486680840898,1.17348874117557,0.218730749486625
-1.24173516734106,1.69104013709175,0.0833101388423243,1.14708383811128,1.16529335501234,0.218997152246512
-1.23020353078745,1.70265153814552,0.0855014287620707,1.15923184761155,1.15696470122163,0.21926028821833
-1.21855076531277,1.71417898917574,0.0876953337562696,1.17130938023168,1.14850346596796,0.219520169068729
-1.20677758293735,1.7256211678642,0.0898918213316439,1.18331498679585,1.13991035117824,0.219776806383783
-1.19488471013718,1.7369767589904,0.092090859110443,1.19524722557706,1.13118607438343,0.220030211653051
-1.18287288776447,1.7482444545864,0.0942924148290432,1.20710466308589,1.12233136861158,0.220280396228833
-1.17074287096617,1.75942295409243,0.0964964563369436,1.21888587371146,1.11334698243877,0.220527371386963
-1.15849542910652,1.77051096451155,0.0987029515959928,1.23058943978995,1.10423367983397,0.220771148313225
-1.14613134568324,1.78150720056264,0.100911868679263,1.24221395235376,1.09499223994049,0.221011738060767
-1.13365141824055,1.79241038483155,0.103123175769809,1.25375801093917,1.08562345705592,0.221249151593696
-1.12105645828522,1.80321924792327,0.105336841160079,1.26522022365551,1.07612814067394,0.221483399814372
-1.10834729119763,1.81393252861291,0.107552833250946,1.27659920767908,1.06650711529801,0.221714493494396
-1.09552475614182,1.82454897399478,0.109771120550372,1.28789358902154,1.05676122022521,0.221942443300786
-1.0825897059772,1.83506733962998,0.111991671672729,1.29910200274507,1.04689130955731,0.222167259842342
-1.06954300716536,1.84548638969492,0.114214455338013,1.31022309332325,1.03689825221903,0.222388953627011
-1.05638553967573,1.85580489712811,0.116439440370782,1.32125551479951,1.02678293163247,0.222607535070734
-1.04311819688862,1.86602164377384,0.118666595699289,1.33219793090292,1.01654624554927,0.222823014477753
-1.02974188549834,1.87613542052631,0.120895890354294,1.34304901521572,1.00618910624806,0.223035402076762
-1.01625752541324,1.88614502747472,0.123127293468654,1.35380745126321,0.995712440338283,0.223244708029477
-1.00266604965737,1.89604927404457,0.125360774276284,1.36447193244534,0.985117188488431,0.223450942407049
-0.988968404269119,1.90584697913862,0.127596302111529,1.37504116262275,0.974404305484033,0.223654115209623
-0.97516554819449,1.91553697127717,0.129833846408176,1.38551385636288,0.96357475995745,0.22385423632665
-0.96125845318282,1.9251180887359,0.132073376698542,1.39588873825762,0.952629534468722,0.224051315592449
-0.947248103684931,1.93458917968548,0.134314862612976,1.40616454392505,0.941569625250622,0.224245362748348
-0.933135496737378,1.94394910232547,0.136558273878597,1.41634002013093,0.930396041986547,0.224436387435545
-0.918921641859164,1.9531967250208,0.138803580318873,1.42641392374248,0.919109807983523,0.224624399283469
-0.904607560944175,1.96233092643593,0.141050751853258,1.43638502333047,0.90771195979703,0.22480940783347
-0.890194288139152,1.97135059566673,0.14329975849595,1.44625209941513,0.896203547182175,0.224991422510515
-0.875682869731817,1.98025463237277,0.145550570355174,1.45601394319631,0.884585633093032,0.225170452703857
-0.861074364042689,1.98904194690831,0.147803157632794,1.46566935722626,0.872859293482556,0.225346507731686
-0.846369841306123,1.99771146045083,0.150057490623419,1.47521715610067,0.861025616955773,0.225519596847729
-0.831570383549942,2.00626210512665,0.152313539713974,1.48465616669628,0.849085704750782,0.225689729235869
-0.816677084472612,2.01469282413855,0.154571275382677,1.49398522767327,0.837040670907077,0.225856913990743
-0.801691049329069,2.02300257189266,0.156830668198612,1.50320318938497,0.824891641968404,0.226021160197411
-0.78661339480792,2.03119031412183,0.159091688821527,1.51230891471278,0.812639756741169,0.226182476879109
-0.771445248906785,2.03925502800743,0.161354308000761,1.52130127897296,0.800286166030137,0.226340872935305
-0.756187750807187,2.04719570229936,0.163618496574462,1.53017917014504,0.787832032922466,0.226496357264876
-0.740842050747386,2.05501133743869,0.165884225469779,1.53894148880038,0.775278532177387,0.226648938714908
-0.725409309897495,2.06270094567038,0.168151465701687,1.54758714810263,0.762626850190939,0.226798626047504
-0.709890700231606,2.07026355116537,0.170420188372796,1.55611507406983,0.749878185574431,0.226945428004766
-0.694287404398526,2.0776981901381,0.172690364672802,1.56452420586224,0.737033748333269,0.227089353272543
-0.678600615587447,2.08500391095764,0.174961965877992,1.57281349628706,0.724094759270185,0.227230410468486
-0.662831537394805,2.09217977425548,0.177234963350548,1.5809819106655,0.711062450291753,0.227368608181864
-0.646981383700362,2.09922485304104,0.179509328538537,1.58902842774657,0.697938065069641,0.227503954972151
-0.631051378523794,2.10613823281575,0.181785032975249,1.59695204022605,0.684722857994664,0.227636459344553
-0.615042755892349,2.11291901167637,0.184062048278943,1.60475175433093,0.671418094025408,0.227766129775488
-0.598956759699671,2.11956630042308,0.186340346152195,1.61242659026857,0.658025048570411,0.227892974641308
-0.582794643570181,2.12607922266137,0.188619898381164,1.61997558183644,0.644545007659293,0.228017002330526
-0.566557670720906,2.13245691491179,0.190900676836213,1.62739777660835,0.630979267862923,0.228138221246635
-0.55024711382388,2.13869852670868,0.193182653471107,1.63469223621767,0.617329135531247,0.228256639669972
-0.533864254861331,2.14480322070073,0.195465800322246,1.64185803699753,0.60359592713689,0.228372265887877
-0.517410384981944,2.15077017275096,0.19775008950914,1.64889426898207,0.589780969042665,0.228485108192892
-0.500886804364638,2.15659857203447,0.200035493233813,1.65580003669562,0.575885597245006,0.2285951748151
-0.484294822066088,2.16228762113507,0.202321983780561,1.66257445960854,0.561911157636486,0.228702473977238
-0.467635755878349,2.16783653614207,0.204609533515734,1.66921667137756,0.547859004907531,0.228807013856546
-0.450910932183181,2.17324454673492,0.206898114887202,1.67572582038049,0.533730503103668,0.228908802593299
-0.434121685804682,2.17851089628314,0.209187700424252,1.68210106982849,0.519527025404008,0.229007848329927
-0.41726935985941,2.18363484192871,0.211478262737606,1.68834159807299,0.50524995381613,0.22910415921268
-0.400355305605192,2.18861565468196,0.213769774519346,1.69444659836705,0.490900679370103,0.22919774335189
-0.383380882295176,2.19345261950269,0.216062208542331,1.70041527837161,0.476480601282802,0.229288608801532
-0.366347457029568,2.19814503538731,0.218355537659974,1.70624686148018,0.461991127481433,0.229376763634555
-0.349256404592884,2.20269221545131,0.2206497348066,1.71194058704693,0.447433673750938,0.229462215945079
-0.332109107302947,2.20709348700748,0.222944772997195,1.71749570897326,0.432809663931535,0.22954497375592
-0.314906954864863,2.2113481916489,0.225240625327101,1.72291149612314,0.418120530156578,0.229625045185915
-0.297651344215314,2.21545568532977,0.227537264973105,1.72818723348776,0.403367712480891,0.229702438277337
-0.280343679361468,2.21941533844034,0.229834665191437,1.73332222161105,0.388552657697435,0.229777161010101
-0.262985371230266,2.22322653587485,0.232132799319209,1.73831577625349,0.373676820590302,0.229849221517769
-0.245577837509286,2.22688867711935,0.234431640774596,1.74316722970222,0.358741663972896,0.229918627870524
-0.228122502482889,2.23040117631462,0.236731163055607,1.74787592982524,0.343748655770749,0.22998538792369
-0.210620796881713,2.2337634623118,0.239031339738744,1.75244123995161,0.328699270996596,0.230049509683824
-0.193074157721482,2.23697497875558,0.241332144482338,1.75686253947201,0.313594992840533,0.230111001364381
-0.175484028145123,2.24003518415504,0.243633551026143,1.76113922382249,0.298437310913588,0.230169871082573
-0.157851857258867,2.24294355194338,0.24593553319045,1.76527070471279,0.283227720140752,0.230226126742921
-0.140179099971314,2.24569957053053,0.248238064874141,1.76925641016194,0.26796772146015,0.230279776349394
-0.122467216828512,2.248302743371,0.25054112005781,1.77309578443947,0.252658822585586,0.230330828071338
-0.10471767385471,2.25075258902624,0.252844672802949,1.7767882877596,0.237302537182546,0.230379290011868
-0.0869319423900339,2.25304864122222,0.25514869725236,1.78033339676819,0.221900384314746,0.23042517025053
-0.0691114989259671,2.25519044889957,0.257453167629144,1.7837306044933,0.206453887815087,0.230468476848691
-0.0512578249423583,2.25717757626612,0.25975805823783,1.78697942026684,0.190964577845313,0.23050921799959
-0.0333724067430803,2.25900960286416,0.26206334346517,1.79007937001435,0.175433990423251,0.23054740196492
-0.0154567352863481,2.26068612361397,0.264368997779977,1.79302999719004,0.15986366505161,0.230583036788535
0.00248769398808579,2.26220674885203,0.266674995731234,1.79583086128634,0.144255145959924,0.230616130704354
0.0204593813101219,2.26357110437857,0.268981311951305,1.79848153731761,0.128609980707243,0.230646691796055
0.0384568227480871,2.26477883149136,0.271287921151614,1.80098161816768,0.112929723227866,0.230674728229855
0.0564785103848134,2.26582958706711,0.273594798128279,1.80333071313741,0.097215933149444,0.230700248380388
0.0745229324762615,2.26672304358127,0.275901917758945,1.80552844845467,0.0814701713426891,0.230723260451717
0.0925885736276814,2.26745888914171,0.278209255005343,1.80757446662829,0.0656940040545112,0.230743772935914
0.110673914949442,2.26803682754216,0.280516784913337,1.80946842771183,0.0498890008839526,0.230761794125869
0.128777434249375,2.26845657827431,0.282824482610544,1.81121000975524,0.0340567323644967,0.230777332124243
0.146897606186488,2.26871787656628,0.285132323307215,1.81279890511468,0.0181987770682416,0.230790395545002
0.165032902429032,2.26882047345521,0.287440282301233,1.81423482440955,0.00231671378594089,0.230800992906312
0.183181791846799,2.26876413574551,0.289748334972261,1.81551749607367,-0.0135878782865853,0.230809132347088
0.201342740673228,2.26854864608551,0.292056456783474,1.81664666528904,-0.0295134114063481,0.230814822381148
0.219514212676945,2.26817380300696,0.294364623284733,1.81762209254463,-0.0454582975154154,0.230818071873893
0.237694669312713,2.26763942091944,0.296672810113474,1.81844355711492,-0.0614209482275119,0.230818889126351
0.255882569928899,2.26694533013461,0.298980992988192,1.81911085531574,-0.0773997711527646,0.230817282662257
0.274076371903391,2.26609137690073,0.301289147716556,1.81962379956216,-0.0933931726650348,0.230813261152327
0.292274530841905,2.26507742340278,0.303597250188579,1.81998222107841,-0.10939955762899,0.230806832848282
0.310475500734583,2.26390334780221,0.305905276381095,1.82018596622322,-0.125417326274356,0.230798006819908
0.328677734124847,2.26256904426046,0.308213202361894,1.82023489964679,-0.141444879882569,0.230786791869345
0.346879682291817,2.26107442291399,0.310521004283961,1.82012890309907,-0.157480620577779,0.230773196565878
0.365079795413891,2.25941940990728,0.312828658388712,1.8198678754199,-0.173522943683435,0.230757229916138
0.383276522748548,2.25760394743381,0.315136141006705,1.81945173297273,-0.189570248681389,0.230738900595754
0.401468312798744,2.25562799366067,0.317443428554756,1.81888040888989,-0.205620935512946,0.230718217517338
0.419653613486849,2.25349152281016,0.319750497540386,1.81815385370338,-0.22167339630878,0.230695189441838
0.437830872325575,2.25119452516192,0.322057324555822,1.81727203508337,-0.237726028834195,0.230669825038202
0.455998536588457,2.24873700699353,0.324363886284629,1.81623493718407,-0.253777233309407,0.23064213368115
0.474155053475105,2.24611899061509,0.326670159504207,1.8150425617904,-0.269825401945943,0.230612124755796
0.492298870297105,2.24334051442702,0.328976121082998,1.81369492898932,-0.285868928841727,0.230579806808912
0.51042843465088,2.24040163285293,0.331281747974225,1.81219207573079,-0.301906211322876,0.230545189017404
0.528542194580983,2.23730241635457,0.333587017228976,1.81053405398517,-0.317935647597728,0.230508280917058
0.546638598732942,2.23404295138738,0.335891905987643,1.80872093369123,-0.333955637955522,0.230469091342314
0.564716096554706,2.23062334041877,0.338196391482256,1.80675280410756,-0.349964581331028,0.230427629700193
0.582773138466112,2.22704370191455,0.340500451037006,1.80462977056836,-0.365960878587796,0.230383904667475
0.600808176027096,2.22330417033881,0.342804062060225,1.80235195608217,-0.38194292833416,0.230337925023382
0.618819662114494,2.21940489615929,0.345107202056623,1.7999195003522,-0.397909134689255,0.230289701127328
0.636806051079357,2.21534604577629,0.347409848634008,1.79733255893413,-0.413857901702388,0.230239242603928
0.654765798907026,2.21112780156486,0.349711979492392,1.79459130239626,-0.429787636879865,0.230186559189816
0.672697363378993,2.20675036177354,0.352013572431078,1.79169592211607,-0.445696751664736,0.230131659759071
0.690599204295931,2.20221394058461,0.354314605329524,1.78864662655143,-0.461583650594866,0.230074552916001
0.708469783596089,2.19751876807794,0.35661505616169,1.78544363752157,-0.477446754716672,0.230015247761562
0.726307565553281,2.19266509008664,0.358914902994113,1.78208720132308,-0.493284480014025,0.229953755417761
0.744111016986779,2.18765316842318,0.361214124014314,1.77857757514459,-0.509095221725878,0.229890086355237
0.761878607322713,2.18248328078108,0.363512697493536,1.77491502960097,-0.524877424868084,0.229824248989982
0.779608808831963,2.17715572024943,0.365810601803987,1.77109986076831,-0.540629531024209,0.229756254588629
0.797300096770688,2.17167079586739,0.368107815395085,1.76713236247739,-0.556349925212705,0.229686103115884
0.814950949407162,2.16602883278885,0.370404316720651,1.76301286263487,-0.572037006448284,0.229613807956397
0.832559848569795,2.16023017172258,0.372700084473257,1.75874172729075,-0.587689292616325,0.229539388508551
0.850125279666951,2.15427516808725,0.374995097426428,1.75431930698888,-0.60330523364171,0.229462849743289
0.867645731647802,2.14816419355633,0.377289334440765,1.74974596882747,-0.618883222852392,0.229384202772073
0.885119697286039,2.14189763521656,0.37958277448366,1.74502210414966,-0.634421736299808,0.229303456337749
0.902545673334352,2.13547589560284,0.381875396595079,1.74014812126517,-0.649919218154509,0.229220618171796
0.919922160738459,2.1288993927956,0.384167179909792,1.73512444723376,-0.665374117531866,0.229135698815306
0.937247664770929,2.12216856031595,0.386458103668289,1.72995152148054,-0.68078489795938,0.22904870853066
0.954520695183554,2.11528384702473,0.388748147202801,1.72462980109682,-0.696150022070334,0.228959654964412
0.971739766397946,2.10824571713669,0.391037289927468,1.71915976292181,-0.711467967732573,0.228868549366715
0.988903397670776,2.10105465001252,0.393325511389875,1.71354189411034,-0.726737210842077,0.228775403690506
1.00601011318749,2.09371114034832,0.39561279122953,1.70777669819314,-0.741956225618959,0.228680226489719
1.02305844228971,2.08621569794783,0.397899109181095,1.70186469949672,-0.757123506298256,0.228583027716002
1.04004691962488,2.07856884768724,0.400184445077014,1.69580643573211,-0.772237547729087,0.228483816891209
1.05697408529816,2.07077112945001,0.402468778845317,1.68960246080585,-0.787296852355007,0.228382603985859
1.07383848503295,2.06282309808538,0.40475209051632,1.68325334416433,-0.802299923636608,0.22827939895624
1.09063867032493,2.05472532339855,0.407034360216869,1.67675967125859,-0.817245268775994,0.228174211653729
1.10737319860674,2.04647839005479,0.409315568175635,1.67012204361486,-0.832131410682925,0.228067052222511
1.12404063340153,2.03808289743036,0.411595694720987,1.66334107794933,-0.846956879201127,0.227957930690701
1.14063954447895,2.02953945963273,0.413874720284092,1.65641740694006,-0.86172019939069,0.227846857550841
1.15716850801278,2.02084870547099,0.416152625398271,1.64935167833184,-0.876419911312529,0.227733842289658
1.17362610672804,2.01201127826783,0.418429390688324,1.64214455513808,-0.891054565102322,0.227618894558852
1.19001093006083,2.00302783585373,0.420704996882013,1.63479671619663,-0.90562271373879,0.227502024595977
1.20632157430975,1.99389905047701,0.422979424805673,1.62730885525664,-0.920122917472726,0.227383242259854
1.22255664278631,1.98462560876533,0.425252655384968,1.61968168108331,-0.934553743185331,0.227262557249306
1.23871474596505,1.9752082116072,0.42752466964079,1.61191591765679,-0.948913771032549,0.227139979275976
1.25479450163645,1.96564757405164,0.429795448694364,1.60401230398742,-0.96320158709964,0.227015518463368
1.27079453505549,1.95594442527093,0.432064973767865,1.59597159417932,-0.977415781765883,0.226889184990875
1.28671347909256,1.94609950848564,0.43433322618513,1.58779455677577,-0.991554955956889,0.22676098880048
1.30254997437263,1.93611358085535,0.436600187366913,1.57948197450637,-1.0056177194082,0.226630939519134
1.31830266942365,1.92598741340307,0.438865838830043,1.5710346451611,-1.01960269151472,0.226499046593824
1.33397022082491,1.91572179090513,0.441130162186034,1.56245338117069,-1.03350849994096,0.226365319838986
1.34955129335184,1.90531751183184,0.443393139147936,1.55373900924323,-1.04733378044132,0.226229769415222
1.36504456011636,1.89477538823982,0.445654751526908,1.54489236992258,-1.06107717824131,0.226092404759008
1.38044870270689,1.88409624569615,0.447914981227435,1.53591431820004,-1.07473734765884,0.225953235394871
1.39576241133584,1.87328092317446,0.450173810252049,1.5268057237433,-1.08831295109864,0.225812271200141
1.4109843849803,1.86233027298647,0.452431220700501,1.51756746946332,-1.10180266122365,0.22566952172064
1.42611333151125,1.85124516064491,0.454687194766248,1.50820045163467,-1.11520516324863,0.225524996172877
1.44114796783465,1.84002646477683,0.456941714735034,1.49870558091038,-1.12851914906267,0.225378703943462
1.45608702003289,1.82867507704945,0.459194762989098,1.4890837818199,-1.14174331953369,0.225230654904452
1.47092922349974,1.8171919020578,0.461446322007901,1.47933599192879,-1.15487638890794,0.225080858294556
1.48567332306955,1.80557785719553,0.463696374360018,1.46946316205295,-1.16791708141458,0.224929323188524
1.500318073155,1.79383387258301,0.465944902709773,1.45946625702876,-1.18086412828349,0.224776059508294
1.51486223788168,1.78196089097215,0.468191889817937,1.4493462540524,-1.19371627288056,0.22462107614904
1.52930459121017,1.76995986761925,0.470437318530433,1.43910414388848,-1.20647226974529,0.224464382088519
1.54364391707842,1.75783177018264,0.472681171788859,1.42874092998479,-1.21913088542024,0.224305986768428
1.5578790095148,1.74557757859081,0.474923432624153,1.41825762813083,-1.23169089754367,0.224145898948447
1.57200867277642,1.73319828496081,0.477164084156681,1.40765526745719,-1.2441510913935,0.223984127778903
1.58603172147008,1.72069489350055,0.479403109598478,1.39693488917839,-1.25651026440312,0.223820682227619
1.59994698067911,1.70806842037246,0.48164049224869,1.38609754718612,-1.26876722794913,0.223655570907495
1.61375328608759,1.69531989356836,0.483876215493394,1.37514430787827,-1.28092080391504,0.223488802611381
1.6274494841051,1.68245035281266,0.486110262806895,1.36407624963644,-1.29296982479389,0.223320386102327
1.64103443198157,1.6694608494411,0.488342617750128,1.35289446230519,-1.30491313555528,0.223150329993012
1.65450699792554,1.65635244628684,0.490573263969782,1.34160004780741,-1.31674959120546,0.222978642785521
1.66786606122593,1.64312621757205,0.492802185196831,1.33019412029401,-1.32847806081887,0.222805332869271
1.68111051237131,1.62978324875508,0.495029365245891,1.31867780526988,-1.34009742552935,0.222630408563206
1.69423925316097,1.61632463643876,0.497254788014471,1.30705223965076,-1.35160657753822,0.222453878163225
1.70725119682323,1.60275148822873,0.499478437483254,1.29531857221337,-1.3630044227194,0.222275749985981
1.72014526813002,1.58906492262438,0.501700297715257,1.28347796271563,-1.37428987639787,0.222096032121527
1.73292040350364,1.5752660689083,0.503920352852796,1.2715315815383,-1.38546186831879,0.221914732382794
1.74557555111778,1.56135606698433,0.506138587116551,1.25948060794683,-1.39651934284805,0.22173185872784
1.75810967100067,1.54733606725923,0.508354984807537,1.24732623627342,-1.4074612555323,0.221547419120676
1.77052173519933,1.53320723051981,0.510569530304796,1.23506967189769,-1.41828657489354,0.221361421255095
1.78281072783311,1.51897072780278,0.512782208063451,1.22271212634314,-1.42899428235179,0.221173872625423
1.79497564520048,1.50462774027069,0.514993002613463,1.21025482354665,-1.43958337096841,0.220984780835503
1.80701549589175,1.49017945908697,0.517201898560874,1.19769899751907,-1.45005284904782,0.220794153251296
1.81892930088582,1.47562708525406,0.519408880583324,1.18504589243458,-1.46040173836467,0.220601997109143
1.83071609365571,1.46097182950842,0.52161393343226,1.17229676238028,-1.47062907160085,0.220408319719518
1.84237492026216,1.44621491218109,0.523817041930304,1.15945287138514,-1.48073389767022,0.220213128098179
1.85390483945748,1.43135756304019,0.526018190970716,1.14651549304835,-1.49071527873874,0.220016429416008
1.86530492277376,1.41640102117926,0.528217365517931,1.13348591033405,-1.50057228847992,0.219818230517165
1.87657425462384,1.40134653487966,0.530414550602528,1.12036541594728,-1.51030401605863,0.219618538049747
1.88771193239013,1.38619536145182,0.532609731322789,1.10715531120353,-1.51990956608084,0.219417358732319
1.89871706651305,1.3709487670958,0.534802892842418,1.09385690641199,-1.52938805534116,0.219214698978633
1.90958878058221,1.35560802678004,0.53699402038916,1.08047152117545,-1.53873861465871,0.219010565254929
1.92032621142833,1.34017442408572,0.53918309925588,1.06700048386902,-1.54796038962448,0.218804964031178
1.93092850920788,1.32464925107731,0.541370114799234,1.05344513144225,-1.55705253824383,0.218597901633192
1.94139483748816,1.30903380816499,0.543555052438116,1.03980680869616,-1.5660142341992,0.2183893840972
1.95172437332326,1.29332940393952,0.54573789765007,1.02608686876488,-1.57484466688412,0.218179417219212
1.96191630734492,1.2775373550309,0.547918635971632,1.01228667364615,-1.58354303908332,0.217968007070906
1.97196984384243,1.26165898597034,0.550097253000054,0.99840759276632,-1.59210856812662,0.21775515948215
1.98188420083826,1.24569562904224,0.552273734388275,0.984451003648143,-1.60054048560773,0.217540879983364
1.99165861017053,1.2296486241432,0.55444806584555,0.970418291425335,-1.60883803818769,0.217325174223581
2.00129231756075,1.21351931862136,0.556620233136387,0.956310847744228,-1.61700048850641,0.21710804754566
2.0107845826845,1.1973090671295,0.55879022207761,0.942130072126553,-1.62502711250349,0.216889505201024
2.02013467925356,1.18101923148936,0.560958018539078,0.92787737192383,-1.63291720168948,0.216669552447286
2.02934189508734,1.16465118052539,0.563123608442592,0.913554161358246,-1.64067006258585,0.216448194493919
2.03840553217995,1.14820628992647,0.565286977761459,0.899161860874581,-1.6482850174466,0.216225436280848
2.04732490676163,1.13168594207536,0.567448112516584,0.884701897745405,-1.65576140325737,0.216001282569861
2.05609934937134,1.11509152592424,0.569606998777621,0.870175705866706,-1.66309857081699,0.215775738277968
2.06472820491557,1.09842443682756,0.571763622662523,0.855584725267475,-1.67029588844165,0.215548808089319
2.07321083273573,1.08168607637933,0.573917970334565,0.840930402672166,-1.67735273951549,0.215320496436906
2.08154660666925,1.06487785226956,0.576070028001484,0.82621419043451,-1.68426852152655,0.215090807840482
2.08973491510655,1.04800117813559,0.578219781916533,0.811437547109858,-1.69104264813374,0.214859746780661
2.09777516105436,1.03105747339576,0.58036721837609,0.79660193692988,-1.69767454871204,0.214627317407943
2.10566676218514,1.01404816310109,0.582512323717213,0.781708829013223,-1.7041636680057,0.214393523780599
2.1134091508917,0.996974677771688,0.58465508431786,0.766759698475234,-1.71050946712941,0.214158369989603
2.12100177434653,0.979838453241321,0.586795486596698,0.751756025751395,-1.71671142205109,0.213921860095486
2.12844409454842,0.962640930507563,0.588933517012297,0.736699295776714,-1.72276902454629,0.213683997948562
2.13573558837067,0.945383555566765,0.59106916206056,0.721590998620615,-1.72868178277768,0.213444787257905
2.14287574761278,0.928067779256991,0.593202408274764,0.706432629278308,-1.73444922016442,0.213204231748883
2.14986407904511,0.910695057103892,0.595333242225111,0.691225686817863,-1.74007087607711,0.212962335100754
2.15670010445185,0.893266849157136,0.597461650518065,0.675971675385037,-1.74554630613796,0.212719100827175
2.16338336068293,0.875784619831127,0.599587619794196,0.660672103197359,-1.75087508185483,0.212474532304869
2.16991339968476,0.858249837744334,0.601711136728009,0.645328481897079,-1.7560567909403,0.212228632925446
2.17628978854357,0.84066397555768,0.603832188027587,0.629942327599383,-1.7610910370751,0.211981405999597
2.18251210952533,0.82302850981591,0.605950760433778,0.614515160062894,-1.76597743994687,0.211732854795927
2.18857996011129,0.805344920785138,0.608066840719681,0.59904850264396,-1.77071563556376,0.211482982434192
2.19449295303335,0.787614692290672,0.610180415688909,0.583543881939426,-1.77530527603278,0.211231791995356
2.20025071630446,0.769839311556717,0.612291472176431,0.568002827714556,-1.77974602949446,0.210979286597874
2.20585289325171,0.752020269045152,0.614399997047746,0.552426872867652,-1.78403758031161,0.210725469253136
2.21129914254577,0.734159058291863,0.616505977198017,0.536817553356886,-1.78817962938316,0.210470342854703
2.21658913823155,0.716257175741137,0.618609399551068,0.521176407801081,-1.79217189402664,0.210213910313563
2.22172256975031,0.698316120582874,0.620710251060047,0.50550497693477,-1.79601410787665,0.209956174488987
2.22669914196379,0.680337394588659,0.622808518705516,0.489804804261501,-1.79970602088338,0.20969713805421
2.2315185751825,0.662322501949833,0.62490418949515,0.474077435798389,-1.80324739917419,0.209436803814391
2.23618060518554,0.644272949113303,0.626997250465054,0.458324419180621,-1.8066380256971,0.209175174538658
2.24068498323697,0.626190244613494,0.629087688678238,0.442547303927155,-1.80987769961361,0.208912252946388
2.24503147610633,0.608075898913744,0.631175491225295,0.426747641449134,-1.8129662363906,0.208648041737663
2.2492198660846,0.589931424237272,0.633260645222994,0.41092698465869,-1.81590346836593,0.208382543519435
2.25324995099961,0.571758334402402,0.635343137814715,0.395086887985172,-1.81868924422483,0.208115760999975
2.25712154422971,0.553558144658356,0.637422956170893,0.379228907012508,-1.82132342908614,0.207847696839966
2.26083447471374,0.535332371520851,0.639500087488061,0.363354598273286,-1.82380590457339,0.207578353633686
2.26438858695971,0.517082532605413,0.641574518988899,0.347465518956057,-1.82613656917822,0.207307734016539
2.26778374105113,0.498810146458917,0.643646237922556,0.331563227177045,-1.82831533797238,0.207035840638775
2.27101981265787,0.480516732395335,0.645715231564665,0.315649281833606,-1.83034214263402,0.206762676148091
2.27409669303833,0.462203810328589,0.647781487217367,0.299725241688103,-1.83221693126878,0.206488243202229
2.27701428903782,0.443872900610537,0.64984499220945,0.283792665431392,-1.83393966840895,0.206212544468707
2.27977252309176,0.425525523861977,0.651905733896359,0.267853112640622,-1.8355103357586,0.205935582610923
2.28237133323295,0.407163200803594,0.653963699660393,0.251908142565933,-1.83692893131879,0.205657360360811
2.2848106730801,0.388787452095452,0.656018876911561,0.235959313609961,-1.838195469601,0.205377880496579
2.2870905118364,0.370399798166465,0.658071253087724,0.220008184034471,-1.83930998209505,0.205097145842787
2.28921083428278,0.352001759047916,0.660120815655064,0.204056311052201,-1.8402725169597,0.204815159174547
2.29117164076826,0.333594854205988,0.662167552107207,0.188105251305347,-1.84108313888901,0.204531923294935
2.29297294720468,0.315180602377054,0.664211449966753,0.172156560278953,-1.84174192941819,0.20424744114302
2.29461478505056,0.296760521396951,0.666252496785602,0.156211792244988,-1.8422489868285,0.203961715642655
2.29609720130441,0.278336128037704,0.668290680145021,0.140272500629281,-1.84260442575109,0.203674749758326
2.29742025848846,0.259908937841498,0.670325987656448,0.124340236570121,-1.842808377478,0.203386546569004
2.29858403462689,0.241480464953592,0.672358406962565,0.108416549786246,-1.8428609902476,0.203097109220295
2.29958862323399,0.223052221952432,0.674387925737421,0.0925029878903638,-1.84276242892912,0.202806440833888
2.300434133286,0.204625719686158,0.676414531686672,0.0766010963221216,-1.84251287494241,0.202514544668175
2.30112068920801,0.186202467103657,0.678438212549272,0.0607124189582994,-1.84211252660644,0.202221424040794
2.30164843084812,0.167783971088641,0.680458956096992,0.0448384964075998,-1.84156159856075,0.201927082256843
2.30201751344627,0.149371736295682,0.682476750135455,0.0289808668041488,-1.84086032221648,0.20163152277905
2.3022281076124,0.130967264980326,0.684491582505295,0.0131410655671249,-1.84000894574004,0.201334749110417
2.30228039929401,0.11257205683392,0.68650344108215,-0.00267937484844993,-1.83900773402324,0.201036764780594
2.30217458974985,0.0941876088147177,0.68851231377754,-0.0184789250420218,-1.83785696851976,0.20073757343356
2.30191089551338,0.0758154149859764,0.690518188539771,-0.034256059287299,-1.83655694694979,0.200437178764508
2.30148954835866,0.0574569663494815,0.69252105335442,-0.0500092552881133,-1.83510798391753,0.200135584565705
2.30091079526415,0.0391137506781652,0.694520896245543,-0.0657369944546726,-1.83351041039046,0.199832794697658
2.30017489837466,0.0207872523532999,0.696517705275755,-0.0814377622298961,-1.83176457403931,0.199528813037569
2.29928213495919,0.00247895219493632,0.698511468547049,-0.0971100482573798,-1.82987083908516,0.199223643597519
2.29823279736959,-0.0158096726993575,0.700502174201892,-0.11275234641248,-1.82782958607881,0.198917290407594
2.29702719299683,-0.0340771491215081,0.702489810423091,-0.128363154958244,-1.82564121219373,0.198609757578794
2.2956656442266,-0.0523220079162667,0.704474365435453,-0.1439409768162,-1.82330613087794,0.19830104933969
2.29414848838986,-0.0705427841454291,0.706455827505867,-0.159484320041729,-1.82082477212533,0.197991169889298
2.29247607771117,-0.0887380172529124,0.708434184943548,-0.174991697824562,-1.81819758226975,0.197680123526287
2.29064877925796,-0.106906251226848,0.710409426101321,-0.190461628417827,-1.81542502387663,0.197367914636681
2.28866697488922,-0.125046034762889,0.712381539375934,-0.205892635284139,-1.81250757586834,0.19705454763761
2.28653106120077,-0.143155921427551,0.714350513208427,-0.221283247805799,-1.80944573350778,0.196740026939687
2.28424144946299,-0.161234469821029,0.716316336083966,-0.236632001572445,-1.80624000818915,0.19642435700837
2.28179856556095,-0.179280243737872,0.718278996532958,-0.251937438069614,-1.80289092747666,0.196107542381153
2.27920284993562,-0.197291812329345,0.720238483131103,-0.267198104585325,-1.79939903504015,0.195789587603299
2.27645475752387,-0.215267750263308,0.722194784499808,-0.282412554945974,-1.795764890633,0.195470497256506
2.27355475768805,-0.233206637886035,0.72414788930616,-0.29757935014097,-1.79198907007381,0.195150275883833
2.27050333414688,-0.251107061381177,0.726097786262746,-0.312697057832438,-1.78807216506713,0.194828928085051
2.26730098490948,-0.268967612929074,0.728044464128458,-0.3277642523552,-1.78401478320001,0.194506458461213
2.26394822220551,-0.286786890865058,0.729987911707745,-0.342779515420264,-1.77981754792607,0.194182871565879
2.26044557240908,-0.304563499838151,0.731928117850762,-0.357741436354019,-1.77548109844498,0.193858171962446
2.2567935759621,-0.322296050967634,0.733865071453028,-0.372648612462327,-1.77100608968948,0.193532364165341
2.25299278729455,-0.339983162000789,0.735798761455158,-0.387499648441192,-1.76639319220934,0.193205452691295
2.24904377475376,-0.357623457467123,0.737729176842787,-0.40229315656644,-1.76164309193723,0.192877441993795
2.24494712052071,-0.37521556883337,0.739656306645526,-0.417027757745453,-1.75675649042972,0.192548336440446
2.24070342052337,-0.392758134659356,0.741580139936562,-0.431702081876183,-1.75173410462169,0.192218140373001
2.23631328434684,-0.410249800749922,0.743500665832131,-0.44631476722462,-1.74657666665644,0.19188685804587
2.23177733515353,-0.427689220307955,0.745417873490317,-0.460864460499069,-1.74128492393548,0.19155449356668
2.22709620959157,-0.445075054085696,0.747331752109839,-0.475349817687892,-1.73585963893359,0.191221050996546
2.22227055770397,-0.462405970535288,0.749242290929742,-0.489769503954341,-1.73030158912568,0.190886534271279
2.21730104283364,-0.479680645958106,0.751149479227412,-0.50412219421886,-1.72461156687825,0.190550947186812
2.2121883415253,-0.496897764653392,0.753053306317919,-0.518406573118946,-1.71879037938029,0.190214293431777
2.20693314343116,-0.514056019065738,0.754953761552304,-0.532621334406606,-1.71283884847325,0.18987657655009
2.20153615121663,-0.53115410993095,0.756850834316247,-0.546765182221876,-1.70675781057258,0.189537799863316
2.19599808045097,-0.548190746421581,0.758744514027362,-0.560836831134526,-1.70054811656732,0.189197966510791
2.19031965950928,-0.565164646290554,0.760634790134359,-0.574835005824074,-1.69421063160992,0.188857079523904
2.18450162946477,-0.582074536013402,0.762521652114978,-0.588758441814707,-1.68774623510356,0.188515141674776
2.17854474398235,-0.598919150930757,0.764405089473546,-0.602605885387018,-1.68115582059812,0.188172155529687
2.17244976920951,-0.615697235388151,0.76628509173922,-0.616376093615309,-1.674440295486,0.187828123475765
2.16621748366854,-0.632407542873812,0.768161648463602,-0.630067834703748,-1.66760058092424,0.187483047580505
2.15984867814075,-0.6490488361563,0.770034749217452,-0.643679888608204,-1.66063761180842,0.187136929668187
2.15334415555159,-0.665619887421083,0.771904383588721,-0.657211046369469,-1.65355233656763,0.186789771279226
2.14670473085892,-0.682119478404535,0.773770541179103,-0.670660110888732,-1.64634571692762,0.186441573706835
2.13993123092834,-0.698546400526439,0.775633211602439,-0.684025897486462,-1.63901872785809,0.186092338004523
2.13302449441368,-0.714899455022042,0.777492384480745,-0.697307233176157,-1.63157235741819,0.185742064763927
2.12598537164099,-0.731177453071609,0.779348049440624,-0.710502956461258,-1.62400760654139,0.185390754391177
2.1188147244893,-0.747379215928567,0.781200196111756,-0.723611918744671,-1.61632548888793,0.185038406970789
2.11151342625515,-0.763503575045797,0.783048814121973,-0.736632984768892,-1.60852703067219,0.184685022126223
2.10408236152749,-0.779549372200626,0.784893893094046,-0.749565031187039,-1.60061327054477,0.18433059920689
2.09652242606717,-0.795515459618238,0.786735422642462,-0.762406947350017,-1.59258525937824,0.183975137188085
2.08883452667336,-0.811400700092755,0.788573392369529,-0.775157636129482,-1.58444406007045,0.183618634680966
2.08101958105123,-0.827203967106882,0.790407791861727,-0.78781601339839,-1.57619074741877,0.183261089862829
2.07307851767955,-0.84292414494998,0.792238610685248,-0.800381008907523,-1.56782640789962,0.182902500578789
2.06501227567206,-0.858560128833563,0.794065838383392,-0.812851565218207,-1.55935213946095,0.182542864316389
2.05682180465337,-0.874110825005553,0.79588946447143,-0.825226638575509,-1.55076905139385,0.182182178005085
2.0485080646073,-0.889575150862277,0.797709478431584,-0.83750520041373,-1.54207826403638,0.181820438115162
2.0400720257377,-0.904952035058579,0.799525869708706,-0.849686234983236,-1.53328090882202,0.181457640711609
2.03151466834185,-0.920240417618355,0.80133862770665,-0.861768739804497,-1.52437812794415,0.181093781552116
2.02283698266619,-0.93543925003857,0.803147741784988,-0.873751727774198,-1.51537107383704,0.18072885595872
2.01403996875974,-0.950547495393435,0.804953201256111,-0.885634224264515,-1.50626090966907,0.180362859445065
2.00512463632559,-0.965564128441024,0.806754995383774,-0.89741527788303,-1.49704880863254,0.179995785890633
1.99609200451396,-0.980488135717767,0.808553113364988,-0.909093938466871,-1.48773595354322,0.179627629648698
1.9869431019944,-0.995318515638437,0.810347544343126,-0.920669268152,-1.47832353681835,0.179258383313615
1.97767896660827,-1.01005427858825,0.812138277370616,-0.9321403611833,-1.46881276072958,0.178888038778562
1.96830064522336,-1.02469444702693,0.813925301437235,-0.943506318976552,-1.45920483720674,0.178516589797196
1.95880919364733,-1.03923805557582,0.815708605457642,-0.954766251748743,-1.44950098711128,0.178144028133263
1.94920567651152,-1.05368415111099,0.817488178263347,-0.965919288143627,-1.43970243994544,0.177770345496165
1.93949116704588,-1.06803179284341,0.819264008600972,-0.976964576680001,-1.42981043375863,0.177395532873253
1.9296667469344,-1.08228005241114,0.821036085121795,-0.987901278841147,-1.41982621543135,0.177019580537059
1.91973350617515,-1.09642801396036,0.82280439638043,-0.998728569746423,-1.40975103996141,0.176642478807949
1.90969254294459,-1.11047477422926,0.824568930832632,-1.00944563969357,-1.39958617050978,0.17626421747391
1.89954496342984,-1.1244194426258,0.826329676828276,-1.02005169565669,-1.3893328779748,0.175884785641519
1.88929188167094,-1.13826114130578,0.828086622605615,-1.03054596035975,-1.37899244088299,0.175504171846485
1.87893441940325,-1.15199900524643,0.829839756286013,-1.04092767147025,-1.36856614501334,0.175122364284921
1.8684737059125,-1.16563218231932,0.831589065871143,-1.0511960818832,-1.35805528344838,0.174739350663325
1.8579108778724,-1.17915983336242,0.833334539236681,-1.06135046084682,-1.34746115630166,0.174355118252796
1.84724707918486,-1.19258113224841,0.83507616412972,-1.07139009362089,-1.33678507037602,0.173969653889032
1.83648346081867,-1.20589526595081,0.836813928162223,-1.08131428138917,-1.32602833900887,0.173582943844274
1.82562118065106,-1.21910143460861,0.838547818807161,-1.0911223415686,-1.31519228193461,0.173194973956577
1.814661403306,-1.23219885158831,0.840277823393324,-1.10081360674528,-1.30427822478398,0.17280572965023
1.80360530000685,-1.24518674354196,0.842003929102434,-1.1103874253241,-1.29328749920937,0.172415196014554
1.79245404840699,-1.25806435046835,0.843726122964356,-1.11984316227401,-1.28222144265627,0.172023357590929
1.78120883243124,-1.27083092576689,0.84544439185183,-1.12918019887753,-1.27108139789873,0.171630198430314
1.76987084211008,-1.28348573629159,0.847158722476218,-1.13839793190431,-1.25986871297034,0.171235702236273
1.75844127342989,-1.29602806240196,0.848869101384341,-1.14749577453418,-1.24858474098053,0.170839852367789
1.74692132815818,-1.30845719801352,0.850575514954539,-1.15647315615112,-1.23723083992074,0.170442631778238
1.735312213695,-1.32077245064475,0.852277949392459,-1.1653295219495,-1.22580837239483,0.170044022944054
1.72361514289969,-1.33297314146229,0.853976390726081,-1.17406433422203,-1.21431870534808,0.169644007897478
1.71183133393236,-1.34505860532289,0.855670824802208,-1.18267707058341,-1.20276320986419,0.169242568380026
1.69996201009519,-1.35702819081491,0.85736123728349,-1.19116722542242,-1.19114326117831,0.16883968579415
1.68800839966281,-1.36888126029821,0.859047613644607,-1.19953430922017,-1.17946023821082,0.168435341152096
1.67597173572922,-1.38061718993945,0.860729939168522,-1.20777784812039,-1.16771552352509,0.168029515096303
1.6638532560421,-1.39223536974918,0.862408198943221,-1.21589738514403,-1.15591050315426,0.167622188036143
1.65165420283614,-1.40373520361282,0.864082377859277,-1.22389247986198,-1.14404656603421,0.167213339974281
1.63937582267088,-1.41511610932035,0.865752460604885,-1.2317627074095,-1.13212510421999,0.166802950554954
1.62701936627603,-1.42637751859767,0.867418431663826,-1.23950765916883,-1.12014751269012,0.166390999159436
1.61458608838193,-1.43751887713223,0.869080275311894,-1.24712694323641,-1.10811518872389,0.165977464899133
1.60207724755853,-1.44853964459688,0.870737975615087,-1.25462018377305,-1.09602953231214,0.165562326611182
1.58949410605125,-1.45943929467642,0.872391516425618,-1.26198702151338,-1.08389194541093,0.165145562762089
1.57683792961808,-1.47021731508138,0.874040881379281,-1.26922711294644,-1.07170383151155,0.164727151587618
1.56410998737335,-1.48087320757001,0.875686053893134,-1.2763401307098,-1.05946659672799,0.164307071130997
1.55131155162262,-1.49140648797039,0.877327017163764,-1.28332576348832,-1.04718164838305,0.163885299222386
1.53844389770583,-1.50181668618746,0.878963754164663,-1.2901837162315,-1.03485039506721,0.163461813427197
1.52550830382848,-1.51210334622234,0.88059624764397,-1.29691371046719,-1.0224742470179,0.163036591119735
1.51250605090319,-1.52226602618073,0.882224480122386,-1.30351548332881,-1.01005461492147,0.162609609399763
1.49943842238994,-1.5323042982801,0.883848433890301,-1.309988788417,-0.997592910694525,0.162180845169653
1.4863067041303,-1.54221774886269,0.885468091006822,-1.31633339550916,-0.985090546949417,0.161750275241884
1.47311218418985,-1.5520059783958,0.887083433297857,-1.32254909021102,-0.972548936268432,0.161317876118443
1.45985615269801,-1.5616686014763,0.888694442353123,-1.3286356739708,-0.959969492103718,0.160883624164217
1.44653990169311,-1.57120524683513,0.890301099526347,-1.3345929635627,-0.947353627155566,0.160447495761351
1.43316472496336,-1.58061555732779,0.891903385934022,-1.34042079281175,-0.934702754750579,0.1600094670496
1.41973191787327,-1.58989918995421,0.893501282452967,-1.34611901177542,-0.922018289586874,0.159569514015788
1.40624277721483,-1.59905581584749,0.895094769719412,-1.35168748527665,-0.909301642823426,0.159127612493857
1.3926986010513,-1.60808512023801,0.896683828126917,-1.35712609434057,-0.896554224264172,0.158683738183895
1.37910068855562,-1.61698680247704,0.898268437826507,-1.36243473576092,-0.88377744898876,0.15823786688925
1.3654503398545,-1.62576057607095,0.899848578726719,-1.36761332228438,-0.870972729650948,0.15778997418964
1.35174885586658,-1.63440616859436,0.901424230490444,-1.37266178243363,-0.85814146758283,0.157340035523789
1.33799753815069,-1.64292332162937,0.90299537253568,-1.37758005975707,-0.845285067522377,0.156888026393977
1.32419768875058,-1.65131179085113,0.90456198403453,-1.38236811396469,-0.832404939324081,0.156433922116452
1.31035061003369,-1.65957134600611,0.906124043911926,-1.38702592011077,-0.819502488165447,0.155977698004696
1.29645760454189,-1.66770177088066,0.907681530846189,-1.391553468821,-0.806579116823551,0.155519329352958
1.2825199748302,-1.6757028632759,0.909234423268008,-1.39595076627261,-0.793636225423435,0.155058791399144
1.26853902331885,-1.6835744349825,0.910782699360801,-1.40021783362045,-0.780675211974146,0.154596059425564
1.25451605213706,-1.69131631176139,0.912326337060628,-1.40435470780453,-0.767697472256696,0.154131108676004
1.2404523629676,-1.6989283333173,0.913865314055664,-1.40836144115254,-0.754704399362098,0.153663914320592
1.22634925689506,-1.70641035327307,0.915399607785702,-1.41223810079539,-0.741697383714956,0.153194451555262
1.21220803425786,-1.71376223914189,0.91692919544294,-1.41598476920227,-0.728677813063147,0.152722695633098
1.19802999449039,-1.7209838723004,0.918454053971914,-1.41960154440737,-0.715647072131535,0.152248621768009
1.18381643597418,-1.72807514795469,0.9199741600695,-1.42308853887635,-0.702606542143538,0.151772205255028
1.16956865589179,-1.73503597510702,0.92148949018623,-1.42644588027179,-0.689557601164573,0.151293421499086
1.15528795007216,-1.74186627652343,0.923000020526541,-1.42967371124546,-0.676501623701464,0.150812245853401
1.14097561284554,-1.74856598869544,0.924505727048148,-1.43277218922357,-0.663439980428737,0.150328653655434
1.12663293689061,-1.75513506180334,0.926006585462558,-1.43574148692094,-0.650374038420475,0.149842620322765
1.11226121308735,-1.76157345967806,0.927502571236153,-1.43858179114089,-0.637305160534534,0.149354121448334
1.09786173037709,-1.76788115975678,0.928993659591849,-1.44129330316631,-0.624234705326067,0.148863132664712
1.0834357756113,-1.77405815304239,0.930479825508337,-1.44387623959952,-0.611164027302538,0.148369629541398
1.06898463340361,-1.78010444406108,0.93196104372115,-1.4463308310637,-0.598094476591587,0.147873587953762
1.05450958599127,-1.78602005081692,0.933437288725534,-1.44865732273839,-0.585027398520984,0.147374983796525
1.0400119130832,-1.79180500474211,0.934908534774429,-1.45085597468492,-0.571964133454822,0.146873792837845
1.02549289171927,-1.79745935064906,0.936374755880004,-1.4529270606988,-0.558906017119113,0.146369991187301
1.01095379613161,-1.80298314668182,0.937835925816632,-1.45487086856913,-0.545854379793004,0.145863555068343
0.99639589760292,-1.80837646425968,0.939292018120677,-1.45668770050193,-0.532810546700354,0.14535446073603
0.981820464321658,-1.81363938803104,0.940743006091953,-1.45837787297756,-0.519775837968888,0.144842684578428
0.967228761243088,-1.81877201581448,0.942188862794419,-1.45994171609955,-0.506751567653519,0.144328203067882
0.952622049952276,-1.82377445854061,0.943629561057703,-1.46137957399996,-0.493739044072861,0.143810992870292
0.938001588521505,-1.82864684019518,0.94506507347895,-1.46269180493332,-0.480739570042475,0.143291030805552
0.923368631373797,-1.83338929776432,0.94649537242407,-1.4638787803641,-0.467754442642351,0.142768293813494
0.908724429150852,-1.83800198117152,0.947920430028949,-1.4649408853556,-0.454784952055352,0.142242758936132
0.894070228572778,-1.84248505320923,0.949340218200294,-1.46587851906687,-0.441832382366078,0.141714403304888
0.879407272301345,-1.84683868948369,0.950754708617152,-1.46669209377203,-0.428898011885592,0.141183204301352
0.864736798811488,-1.85106307834947,0.95216387273376,-1.46738203476899,-0.415983111910186,0.140649139525735
0.850060042256231,-1.85515842083947,0.953567681780561,-1.46794878122182,-0.403088946946001,0.140112186615119
0.835378232330091,-1.85912493059955,0.95496610676511,-1.4683927852947,-0.390216775065307,0.13957232341569
0.820692594142705,-1.86296283382104,0.956359118475074,-1.46871451218445,-0.377367846991652,0.139029528073129
0.80600434808468,-1.86667236916409,0.957746687479785,-1.46891444011379,-0.364543406054179,0.138483778691398
0.79131470970339,-1.87025378768841,0.959128784129601,-1.46899305967416,-0.35174468871987,0.137935053516544
0.776624889573971,-1.87370735278042,0.960505378559354,-1.46895087491745,-0.33897292367598,0.137383331110614
0.761936093165843,-1.87703334007582,0.961876440690564,-1.46878840243018,-0.326229332505523,0.136828590327601
0.747249520722537,-1.88023203739111,0.963241940234388,-1.46850617129846,-0.313515129207319,0.136270810086726
0.732566367130712,-1.88330374463984,0.96460184669058,-1.46810472341944,-0.300831519566344,0.135709969328411
0.717887821799334,-1.88624877375603,0.965956129350505,-1.46758461248288,-0.288179701690982,0.135146047433037
0.703215068538582,-1.88906744861286,0.967304757300705,-1.46694640477997,-0.275560865259621,0.134579023975111
0.688549285432522,-1.89176010493971,0.96864769942364,-1.46619067893042,-0.262976192053542,0.134008878605523
0.673891644721099,-1.89432709024412,0.969984924399061,-1.46531802522766,-0.25042685557599,0.133435591108268
0.65924331268193,-1.89676876372589,0.971316400705706,-1.46432904581601,-0.237914021163493,0.132859141579908
0.644605449511379,-1.89908549619773,0.972642096625089,-1.46322435489956,-0.225438845512096,0.132279510379488
0.629979209203013,-1.90127766999136,0.973961980242509,-1.46200457873372,-0.213002476084608,0.131696677942416
0.615365739429085,-1.90334567886929,0.975276019448342,-1.46067035531918,-0.200606051269998,0.131110624825865
0.600766181427565,-1.90528992793409,0.976584181940363,-1.45922233308446,-0.18825070130325,0.130521332109683
0.586181669898454,-1.9071108335509,0.977886435229878,-1.45766117198867,-0.175937547637513,0.129928781195749
0.571613332877144,-1.90880882324827,0.979182746640693,-1.45598754453977,-0.163667702035188,0.129332953206039
0.557062291620068,-1.91038433562649,0.980473083308626,-1.45420213381359,-0.151442266531475,0.128733829604422
0.542529660501213,-1.91183782025647,0.981757412186822,-1.45230563342785,-0.139262333927896,0.128131392214991
0.528016546902592,-1.91316973759687,0.983035700046939,-1.45029874815532,-0.127128988493292,0.127525623029622
0.513524051104298,-1.91438055889778,0.98430791348236,-1.44818219345666,-0.115043304106438,0.126916504327988
0.499053266177687,-1.91547076609649,0.985574018909702,-1.4459566959152,-0.103006344577295,0.126304018487596
0.48460527787279,-1.91644085172133,0.986833982570596,-1.44362299275665,-0.0910191642571062,0.125688148192931
0.47018116452007,-1.91729131879509,0.98808777053516,-1.44118183075954,-0.0790828075783739,0.125068876378659
0.455781996930173,-1.91802268073505,0.989335348703384,-1.43863396740243,-0.0671983091438616,0.124446186129669
0.441408838284819,-1.91863546125428,0.990576682807487,-1.43598017061187,-0.0553666931955012,0.123820060801814
0.427062744038654,-1.91913019425391,0.99181173841461,-1.43322121800628,-0.0435889733226058,0.123190484032048
0.412744761819451,-1.91950742371941,0.993040480928969,-1.43035789736832,-0.0318661526378029,0.122557439515446
0.398455931327559,-1.91976770361658,0.99426287559234,-1.42739100623861,-0.0201992245108329,0.121920911226304
0.384197284241213,-1.91991159779574,0.995478887489325,-1.42432135153283,-0.00858917179497554,0.121280883687372
0.369969844121297,-1.919939679876,0.996688481550398,-1.42114974988889,0.00296303429351408,0.120637341442968
0.355774626313323,-1.91985253313763,0.997891622550863,-1.41787702765325,0.0144564324825686,0.119990269003657
0.341612637854326,-1.91965075042111,0.999088275112945,-1.41450401995492,0.0258900726781949,0.119339651307846
0.327484877386533,-1.91933493400952,1.00027840371108,-1.41103157092773,0.0372630156782933,0.118685473830441
0.31339233506295,-1.91890569552698,1.0014619726749,-1.40746053410308,0.0485743332893803,0.118027721959412
0.299335992457062,-1.91836365581763,1.00263894618696,-1.40379177185097,0.0598231091754766,0.117366381098282
0.285316822475908,-1.91770944483859,1.00380928828711,-1.40002615495254,0.0710084369750983,0.116701437312976
0.271335789276927,-1.91694370155405,1.00497296287749,-1.39616456271926,0.0821294224533832,0.116032876810734
0.257393848179624,-1.91606707380689,1.00612993372161,-1.3922078833903,0.0931851831780603,0.115360685793555
0.243491945579918,-1.91508021821466,1.00728016444712,-1.3881570131493,0.104174847108079,0.114684850905752
0.229631018872805,-1.9139838000572,1.00842361855007,-1.38401285638117,0.11509755376101,0.114005359123925
0.215811996366992,-1.91277849316019,1.00956025939705,-1.37977632552049,0.125952454657672,0.113322197581631
0.202035797209814,-1.9114649797707,1.01069005022698,-1.3754483407443,0.136738714028452,0.112635353624787
0.188303331305647,-1.91004395043617,1.01181295415307,-1.37102983021221,0.147455506904659,0.111944814727258
0.174615499240444,-1.90851610390119,1.01292893416394,-1.36652172951644,0.158102019681328,0.111250568557251
0.160973192206908,-1.90688214697853,1.01403795312692,-1.36192498163581,0.168677452142493,0.110552603201644
0.147377291931973,-1.90514279442443,1.01513997379196,-1.35724053676855,0.17918101525654,0.109850907044074
0.133828670603312,-1.90329876882864,1.01623495879268,-1.35246935264849,0.189611932284615,0.109145468352366
0.120328190796026,-1.90135080048393,1.01732287064681,-1.34761239369843,0.199969438244159,0.108436276006382
0.106876705409097,-1.89929962727958,1.01840367176443,-1.34267063109089,0.210252779945513,0.107723319149165
0.0934750575927153,-1.89714599456666,1.01947732444436,-1.33764504319404,0.22046121764745,0.10700658666309
0.0801240806823484,-1.8948906550344,1.02054379087732,-1.33253661441435,0.230594023514377,0.106286068068326
0.0668245981384975,-1.89253436858778,1.0216030331505,-1.32734633566402,0.240650482457304,0.105561752908446
0.053577423478999,-1.89007790221973,1.02265501324717,-1.32207520417808,0.250629891556549,0.104833631257024
0.0403833602210033,-1.88752202989593,1.02369969305566,-1.31672422311134,0.260531559373536,0.104101693615293
0.0272432018183907,-1.88486753243224,1.02473703436681,-1.31129440179223,0.270354807699553,0.103365930177929
0.0141577316017345,-1.88211519735651,1.02576699887405,-1.30578675572549,0.280098972161714,0.102626331192914
0.00112772271736183,-1.87926581877772,1.0267895481746,-1.30020230583342,0.289763400517634,0.101882887389164
-0.0118460619217582,-1.8763201972683,1.0278046437764,-1.29454207820211,0.299347452740298,0.101135589958643
-0.0247628696918603,-1.87327913973769,1.02881224710008,-1.28880710433347,0.308850501043764,0.100384430421854
-0.0376219583091901,-1.87014345931005,1.02981231948349,-1.28299842089225,0.318271931075409,0.099629400484829
-0.0504225958843763,-1.86691397517976,1.03080482217949,-1.27711707004652,0.327611142549607,0.098870491465207
-0.0631640609734478,-1.86359151248693,1.03178971635651,-1.27116409839094,0.33686754618057,0.0981076955643927
-0.0758456426204996,-1.86017690220368,1.03276696310888,-1.26514055740759,0.346040566075403,0.0973410050984969
-0.0884666404109969,-1.85667098098468,1.03373652345,-1.25904750341772,0.355129640714006,0.0965704120908908
-0.101026364513066,-1.85307459104428,1.03469835831826,-1.25288599686343,0.364134219408989,0.0957959093546316
-0.113524135721312,-1.84938858003976,1.03565242858153,-1.24665710238442,0.373053765648416,0.0950174899520196
-0.125959285496632,-1.84561380091367,1.03659869503793,-1.24036188882504,0.381887757707943,0.094235146741748
-0.13833115601021,-1.84175111177156,1.03753711841456,-1.23400142913727,0.390635684505902,0.0934488729930801
-0.15063910018065,-1.8378013757673,1.03846765937513,-1.22757679997359,0.399297048706837,0.0926586624516274
-0.162882481713009,-1.83376546095129,1.03939027851836,-1.22108908194614,0.407871367279009,0.0918645083449467
-0.175060675134743,-1.82964424014494,1.0403049363777,-1.21453935860031,0.416358169415092,0.0910664049405648
-0.18717306582314,-1.82543859081142,1.04121159343471,-1.20792871681696,0.424756997552665,0.0902643468017665
-0.199219050044021,-1.82114939492466,1.04211021011202,-1.20125824703456,0.433067406989606,0.0894583281522619
-0.2111980349816,-1.81677753883662,1.04300074677682,-1.19452904269302,0.44128896746093,0.0886483432269109
-0.223109438769109,-1.81232391313229,1.0438831637392,-1.18774219982748,0.449421261411033,0.0878343870973687
-0.234952690512489,-1.80778941251281,1.04475742126537,-1.18089881736146,0.457463884574915,0.0870164549506868
-0.246727230322003,-1.8031749356498,1.04562347956885,-1.17399999669042,0.465416445569548,0.0861945419987742
-0.258432509331134,-1.79848138506792,1.04648129882098,-1.16704684155263,0.473278567148641,0.0853686437422737
-0.270067989725299,-1.79370966698538,1.04733083914392,-1.16004045817015,0.481049885697826,0.0845387555559372
-0.28163314476041,-1.78886069120321,1.04817206061895,-1.1529819546229,0.488730050009953,0.0837048734270994
-0.293127458783329,-1.7839353709585,1.04900492328719,-1.14587244081589,0.496318722864337,0.0828669937216647
-0.304550427248265,-1.77893462280138,1.04982938715545,-1.13871302852951,0.503815579616852,0.0820251126388025
-0.315901556737717,-1.77385936645602,1.05064541218847,-1.13150483143621,0.51122030994813,0.081179226110772
-0.327180364976022,-1.76871052468556,1.05145295831746,-1.1242489641029,0.518532615873224,0.0803293315250425
-0.33838638083872,-1.76348902316952,1.05225198544873,-1.11694654249254,0.525752213045972,0.0794754258707455
-0.349519144369528,-1.75819579035391,1.05304245345459,-1.10959868401302,0.532878831972872,0.0786175061368372
-0.360578206790248,-1.75283175731919,1.05382432218251,-1.10220650694607,0.539912214697967,0.0777555697189045
-0.371563130510558,-1.74739785766124,1.05459755145022,-1.09477113053196,0.546852117572209,0.0768896136788736
-0.382473489135185,-1.74189502733804,1.05536210104997,-1.08729367442515,0.553698309895266,0.0760196358075621
-0.393308867466622,-1.73632420455838,1.056117930755,-1.07977525859427,0.560450574240107,0.0751456345298303
-0.404068861510292,-1.73068632961891,1.05686500032198,-1.07221700373114,0.567108709417885,0.0742676076795131
-0.414753078480576,-1.72498234477427,1.05760326948296,-1.06462003066848,0.573672523855169,0.0733855531408307
-0.425361136797539,-1.71921319414311,1.058332697956,-1.05698545975962,0.580141838434441,0.0724994699686917
-0.435892666085516,-1.71337982354763,1.05905324544949,-1.04931441175747,0.586516490933679,0.0716093569501141
-0.446347307178087,-1.70748318036635,1.05976487165896,-1.04160800735426,0.592796331388568,0.0707152131219316
-0.456724712110644,-1.70152421342027,1.06046753627191,-1.03386736633411,0.598981222248548,0.0698170372913866
-0.467024544113113,-1.69550387283617,1.06116119895936,-1.02609360778392,0.605071039201546,0.0689148278368618
-0.477246477603457,-1.68942310992261,1.06184581938318,-1.01828785033351,0.611065670775138,0.0680085847456639
-0.487390198183906,-1.68328287703268,1.0625213572105,-1.01045121207297,0.616965019274979,0.067098308526329
-0.497455402632282,-1.6770841274246,1.06318777210735,-1.00258480996584,0.622769002051995,0.0661839984049992
-0.507441798888236,-1.67082781511813,1.06384502373118,-0.994689759307374,0.628477547407479,0.0652656540603701
-0.517349106035199,-1.66451489480165,1.06449307174446,-0.986767173613045,0.634090595729118,0.0643432764880416
-0.527177054284752,-1.65814632168114,1.06513187581866,-0.978818165124921,0.639608101296408,0.0634168662361368
-0.536925384965874,-1.65172305135678,1.06576139562755,-0.970843845007894,0.645030033067198,0.0624864235008413
-0.546593850510351,-1.64524603966519,1.06638159084993,-0.962845322445116,0.650356371744598,0.0615519491455302
-0.556182214432469,-1.63871624259481,1.06699242117633,-0.954823705098799,0.655587109064424,0.0606134445530074
-0.565690251314884,-1.63213461612486,1.06759384630965,-0.946780098418859,0.660722254611308,0.0596709105631832
-0.575117746780953,-1.62550211607629,1.06818582595918,-0.93871560567082,0.665761828562284,0.0587243480543323
-0.584464497473969,-1.61881969801928,1.06876831984625,-0.930631326514082,0.670705863321801,0.0577737582039693
-0.593730311012261,-1.61208831712769,1.06934128770651,-0.922528357554387,0.675554403244997,0.0568191433308151
-0.602915005977004,-1.60530892808692,1.06990468930465,-0.914407794058332,0.680307503915847,0.0558605059948203
-0.612018411885201,-1.59848248493939,1.07045848442447,-0.906270727966149,0.684965238086676,0.0548978480838389
-0.621040369164179,-1.5916099409369,1.07100263287088,-0.89811825009932,0.689527689253054,0.053931171543416
-0.629980729136581,-1.58469224843912,1.07153709446345,-0.889951446906418,0.693994955480653,0.0529604774399457
-0.638839353955239,-1.57773035874834,1.07206182903461,-0.881771399454867,0.698367145896464,0.0519857678211806
-0.647616116577287,-1.57072522205592,1.07257679645136,-0.873579187338898,0.702644376395755,0.0510070476511144
-0.656310900741288,-1.56367778730221,1.07308195662967,-0.865375886841759,0.706826782853289,0.0500243200969352
-0.664923600930346,-1.55658900199221,1.0735772695014,-0.857162571055347,0.71091451180303,0.0490375869794903
-0.673454122332097,-1.54945981214763,1.07406269503509,-0.848940306017065,0.714907716794997,0.0480468536161765
-0.681902380765983,-1.54229116214777,1.07453819325136,-0.840710155379806,0.718806574833486,0.0470521235481554
-0.690268302691452,-1.53508399454414,1.07500372418863,-0.832473180110206,0.722611265413157,0.0460533982568617
-0.69855182512959,-1.52783925010114,1.07545924791518,-0.824230433069451,0.726321977978312,0.045050682575013
-0.706752895623064,-1.52055786753641,1.07590472455269,-0.815982966902411,0.729938925477209,0.0440439806672843
-0.714871472243364,-1.51324078341885,1.07634011425503,-0.807731833259337,0.73346232528443,0.0430332967140213
-0.722907523546747,-1.5058889320981,1.07676537722804,-0.799478076964808,0.736892405357169,0.0420186350889288
-0.730861028492346,-1.49850324547222,1.07718047368956,-0.791222733321826,0.740229437716842,0.0409999932988
-0.738731976383774,-1.49108465281128,1.07758536391031,-0.782966840762274,0.743473630378901,0.039977396374797
-0.746520366993662,-1.48363408197778,1.0779800086283,-0.774711453928483,0.746625089678007,0.0389509028021274
-0.754226210390024,-1.47615245848089,1.07836436875241,-0.766457544746213,0.749684310075384,0.037920445153004
-0.761849526105207,-1.46864070189385,1.07873840415291,-0.758206100583451,0.752651695911666,0.0368859739298321
-0.769390344134631,-1.46109973021049,1.07910207503888,-0.749958176030193,0.755527387835081,0.0358475450678303
-0.776848704696333,-1.45353045869977,1.07945534191267,-0.741714772414904,0.758311711428417,0.0348051737276358
-0.78422465798263,-1.44593379951913,1.07979816539573,-0.733476888473417,0.761004974322843,0.0337588670832758
-0.791518264192996,-1.43831066163198,1.08013050615504,-0.725245522427969,0.763607512054146,0.0327086306516056
-0.798729593438938,-1.43066195051453,1.0804523249291,-0.717021658455147,0.766119679276554,0.031654470330592
-0.805858725633594,-1.42298856809053,1.08076358250089,-0.708806275670307,0.768541833719209,0.0305963917856653
-0.812905750480187,-1.41529141265387,1.08106423972732,-0.700600350971414,0.770874344481336,0.0295344019978623
-0.819870767406693,-1.40757137876285,1.08135425752073,-0.692404852113511,0.773117587095133,0.0284685061807874
-0.826753885484325,-1.39982935718678,1.08163359686091,-0.684220741537104,0.775271947694194,0.0273987133596435
-0.833555223393361,-1.39206623474195,1.0819022188234,-0.676048977455718,0.777337828822338,0.0263250311909846
-0.84027490934787,-1.38428289417807,1.0821600845414,-0.667890507425949,0.779315640049412,0.0252474660290024
-0.846913080991407,-1.37648021411416,1.08240715522742,-0.659746271965315,0.781205799735021,0.0241660259043507
-0.853469885354743,-1.36865906891751,1.08264339216558,-0.651617206480508,0.783008739589019,0.0230807176127053
-0.859945478781392,-1.36082032858173,1.08286875671336,-0.643504238809393,0.784724902049455,0.0219915494341272
-0.866340026860902,-1.35296485862714,1.08308321031329,-0.635408289825887,0.786354739729858,0.0208985289741656
-0.872653704345112,-1.34509351999279,1.08328671447675,-0.627330270696023,0.787898716107829,0.0198016636920509
-0.878886695060442,-1.33720716893144,1.08347923079793,-0.619271086936358,0.789357304948065,0.0187009616554236
-0.885039191866933,-1.32930665691486,1.08366072094826,-0.611231637790942,0.79073098787533,0.0175964311440722
-0.891111396562982,-1.32139283056693,1.0838311466914,-0.603212812345083,0.792020253294572,0.0164880818168758
-0.897103519801,-1.31346653157161,1.08399046988644,-0.595215492720131,0.793225602303214,0.01537592304854
-0.903015781019583,-1.30552859653051,1.08413865248438,-0.587240553423463,0.794347548795782,0.0142599638896501
-0.908848408358299,-1.29757985687011,1.08427565652478,-0.579288860443559,0.795386613339033,0.0131402129044045
-0.914601638580351,-1.28962113877718,1.08440144413544,-0.571361272693509,0.796343324218281,0.0120166798172918
-0.920275716998304,-1.28165326310724,1.08451597754966,-0.563458640443825,0.79721821901511,0.0108893752988278
-0.925870897379594,-1.27367704528947,1.08461921909967,-0.555581804955292,0.798011846393186,0.00975830826585812
-0.931387441863982,-1.2656932952121,1.08471113120544,-0.547731599089574,0.798724764313403,0.00862348837867308
-0.936825620875942,-1.2577028171468,1.08479167639352,-0.539908847233574,0.799357539507056,0.0074849263818948
-0.94218571304298,-1.24970640964977,1.08486081729446,-0.532114365319768,0.799910746706594,0.00634263280479663
-0.947468005109284,-1.24170486549668,1.08491851664682,-0.524348961124683,0.800384969044642,0.00519661839800618
-0.95267279185366,-1.23369897157722,1.08496473729594,-0.516613433020839,0.800780799218481,0.00404689405672878
-0.957800375985214,-1.22568950882079,1.08499944219762,-0.508908569202192,0.801098837182325,0.00289347062379356
-0.962851068056203,-1.21767725211418,1.0850225944163,-0.501235150558479,0.801339691294119,0.00173635956270896
-0.967825186386045,-1.20966297021509,1.08503415713531,-0.493593948434908,0.801503979669177,0.000575572440674139
-0.972723056953928,-1.20164742565799,1.0850340936495,-0.485985724639422,0.801592327208338,-0.000588879355448622
-0.97754501331749,-1.19363137469961,1.08502236737409,-0.478411232055584,0.801605366452993,-0.00175698337355027
-0.982291396508826,-1.18561556721738,1.08499894184695,-0.470871213219864,0.801543739470428,-0.00292872790656729
-0.98696255494039,-1.17760074663937,1.08496378072089,-0.463366401545487,0.801408094042267,-0.00410410095327932
-0.991558844313078,-1.16958764987654,1.08491684777546,-0.455897521475749,0.801199086911439,-0.00528308971657353
-0.996080627528552,-1.16157700722741,1.0848581069167,-0.44846528860233,0.800917382194629,-0.00646568142727422
-1.00052827459183,-1.15356954232453,1.08478752218154,-0.441070407340421,0.800563650198579,-0.00765186274101944
-1.00490216249505,-1.14556597205607,1.08470505774056,-0.433713571581062,0.800138568697892,-0.00884162044166412
-1.00920267512884,-1.13756700649743,1.08461067789491,-0.426395467026989,0.79964282341502,-0.010034941471115
-1.01343020319024,-1.12957334882421,1.08450434707813,-0.419116768461567,0.799077107470397,-0.0112318123929304
-1.01758514406827,-1.12158569525612,1.08438602986092,-0.411878140543096,0.798442119363808,-0.0124322191440242
-1.02166790175526,-1.11360473499329,1.08425569095686,-0.404680238454581,0.797738564609991,-0.013636147400738
-1.02567888673993,-1.10563115014751,1.08411329522259,-0.397523706717024,0.796967155036716,-0.0148435827408238
-1.02961851590516,-1.09766561567911,1.08395880765979,-0.390409179225579,0.796128609746141,-0.016054510745448
-1.03348721242051,-1.08970879932139,1.08379219341401,-0.383337280128393,0.795223654061076,-0.0172689168417223
-1.03728540564981,-1.08176136153035,1.08361341777914,-0.37630862322948,0.794253018874657,-0.0184867860702317
-1.04101353103761,-1.07382395542022,1.08342244620044,-0.369323811655997,0.793217441028141,-0.0197081029375846
-1.04467203001037,-1.06589722671073,1.0832192442811,-0.362383437882163,0.792117663124378,-0.0209328515785098
-1.04826134986287,-1.05798181366277,1.08300377778201,-0.355488083955727,0.790954433932825,-0.0221610162660234
-1.05178194366191,-1.05007834702318,1.08277601262129,-0.348638321321579,0.789728507626398,-0.0233925812883445
-1.05523427012813,-1.04218744996842,1.08253591487558,-0.341834709898801,0.78844064407741,-0.0246275304961077
-1.05861879353166,-1.03430973805045,1.08228345078671,-0.335077799567735,0.787091608087862,-0.0258658470902481
-1.06193598358869,-1.02644581914916,1.08201858676583,-0.328368129552803,0.785682169548128,-0.0271075140556048
-1.06518631535293,-1.01859629341742,1.08174128939359,-0.321706228157045,0.78421310382226,-0.0283525146096046
-1.06837026910498,-1.01076175323036,1.0814515254181,-0.315092612261305,0.782685190990848,-0.0296008318125903
-1.07148833023791,-1.00294278314049,1.08114926176137,-0.308527787840158,0.78109921547792,-0.0308524477944561
-1.0745409891527,-0.99513995983166,1.08083446552553,-0.302012250242428,0.779455966881836,-0.032107344765802
-1.07752874114601,-0.987353852067865,1.08050710398964,-0.295546483169335,0.777756238952292,-0.0333655046473327
-1.08045208629407,-0.979585020657947,1.08016714461726,-0.289130959035772,0.776000829586754,-0.0346269091107893
-1.08331152934537,-0.971834018407253,1.07981455505439,-0.282766140040305,0.774190541045008,-0.0358915394718393
-1.0861075796155,-0.964101390081273,1.07944930313875,-0.276452476775823,0.772326179387208,-0.0371593765404121
-1.08884075086525,-0.956387672364203,1.07907135689813,-0.270190408359726,0.77040855447003,-0.0384304012279973
-1.09151156119371,-0.948693393823668,1.07868068455362,-0.263980362787672,0.76843848015273,-0.039704594071104
-1.09412053291818,-0.941019074866919,1.07827725452177,-0.257822755907381,0.76641677423848,-0.0409819353827385
-1.09666819246097,-0.933365227709586,1.07786103541832,-0.251717993294541,0.764344257249293,-0.0422624049723292
-1.09915507024682,-0.92573235634456,1.07743199606218,-0.245666469043461,0.762221753592618,-0.0435459825858554
-1.10158170057759,-0.918120956503369,1.07699010547488,-0.239668565053424,0.760050090364279,-0.0448326477007096
-1.10394862152022,-0.910531515637272,1.07653533288722,-0.233724652294897,0.757830097247145,-0.0461223790852358
-1.10625637479472,-0.902964512881062,1.07606764774295,-0.227835090439434,0.755562607444598,-0.0474151555188425
-1.1085055056599,-0.895420419026309,1.07558701969855,-0.222000227384129,0.753248456362178,-0.0487109554228836
-1.1106965627933,-0.887899696498017,1.07509341862963,-0.216220399130529,0.750888482112595,-0.0500097567694605
-1.11283009817646,-0.880402799324369,1.07458681463133,-0.210495930591905,0.748483525855657,-0.0513115376478286
-1.11490666698348,-0.872930173112663,1.07406717802,-0.204827135085591,0.746034430153417,-0.0526162755122946
-1.11692682746185,-0.865482255037669,1.07353447934138,-0.199214314212209,0.743542039614431,-0.0539239472726969
-1.11889114081825,-0.858059473813658,1.07298868937218,-0.193657758025639,0.741007201159906,-0.0552345297253616
-1.12080017109982,-0.850662249679226,1.0724297791221,-0.188157744604091,0.738430763340417,-0.0565479995882993
-1.12265448507738,-0.843290994377428,1.071857719835,-0.182714540824669,0.735813576404898,-0.0578643330580073
-1.12445465213432,-0.835946111143374,1.07127248299647,-0.177328401976899,0.733156491845691,-0.0591835058497011
-1.12620124414646,-0.828627994689194,1.07067404033484,-0.171999571518929,0.73046036272691,-0.0605054935723506
-1.12789483536649,-0.821337031190276,1.07006236382511,-0.166728281126624,0.727726043213915,-0.0618302712525787
-1.12953600230413,-0.814073598276146,1.06943742569393,-0.161514750804753,0.724954388363572,-0.0631578136701401
-1.13112532361263,-0.806838065020384,1.06879919842056,-0.156359189024155,0.722146254324647,-0.0644880954098686
-1.13266337997056,-0.799630791931494,1.0681476547414,-0.151261792553757,0.719302497754217,-0.0658210904281536
-1.13415075396659,-0.792452130949419,1.06748276765517,-0.146222746477711,0.716423975960847,-0.0671567724736479
-1.13558802998094,-0.785302425436998,1.06680451042355,-0.141242224179275,0.713511546759338,-0.0684951150129521
-1.13697579407066,-0.778182010179326,1.06611285657673,-0.136320387555643,0.710566068031483,-0.0698360909876422
-1.13831463385161,-0.771091211380777,1.06540777991645,-0.131457386331693,0.707588397975405,-0.0711796731445403
-1.13960513837829,-0.764030346664118,1.06468925451914,-0.126653358936088,0.704579394618579,-0.0725258336906173
-1.14084789803524,-0.756999725073287,1.06395725474184,-0.121908432541337,0.701539915780015,-0.0738745444555637
-1.14204350441788,-0.749999647074988,1.06321175522398,-0.117222722306982,0.698470818977751,-0.0752257770105569
-1.14319255021488,-0.743030404563493,1.06245273089192,-0.112596331656978,0.695372961217781,-0.0765795024534916
-1.14429562909071,-0.736092280865728,1.06168015696274,-0.108029352445088,0.692247198894097,-0.0779356915244594
-1.14535333557184,-0.729185550748858,1.06089400894833,-0.103521865184981,0.689094387555515,-0.079294314505371
-1.14636626493226,-0.722310480429492,1.0600942626599,-0.0990739388156739,0.685915381707963,-0.0806553412838979
-1.14733501307687,-0.715467327584568,1.0592808942115,-0.0946856305967542,0.682711034845335,-0.0820187413817792
-1.14826017642531,-0.708656341361416,1.0584538800242,-0.0903569862503452,0.67948219927453,-0.08338448387517
-1.14914235179743,-0.701877762391597,1.05761319683033,-0.0860880401080484,0.676229725882326,-0.0847525374454138
-1.14998213629926,-0.695131822805251,1.05675882167732,-0.0818788150434142,0.6729544639746,-0.0861228703831691
-1.1507801272084,-0.688418746248313,1.05589073193183,-0.07772932254985,0.669657261127507,-0.0874954505463996
-1.15153692186017,-0.681738747899628,1.05500890528419,-0.073639562574029,0.666338963118732,-0.0888702453435569
-1.1522531175317,-0.675092034490177,1.05411331975273,-0.0696095236877028,0.663000413748997,-0.0902472217834948
-1.15292931133051,-0.668478804323511,1.05320395368792,-0.0656391833247014,0.659642454625735,-0.0916263463784458
-1.1535661000814,-0.661899247299004,1.05228078577769,-0.0617285074734475,0.656265924999099,-0.0930075851887025
-1.15416408021235,-0.655353544935192,1.05134379505099,-0.0578774508818959,0.652871661766533,-0.0943909039183589
-1.15472384764333,-0.648841870394113,1.05039296088209,-0.0540859571307273,0.649460499288895,-0.0957762677919022
-1.155245997674,-0.642364388507993,1.04942826299565,-0.0503539586452597,0.646033269118585,-0.0971636414908329
-1.15573112487284,-0.635921255808136,1.04844968147193,-0.0466813766967145,0.642590799905262,-0.0985529892635758
-1.15617982296515,-0.629512620554295,1.04745719675079,-0.0430681214679403,0.639133917240108,-0.0999442748845827
-1.15659268472361,-0.623138622766069,1.04645078963691,-0.0395140922239113,0.635663443618214,-0.101337461676535
-1.156970301858,-0.616799394253874,1.04543044130366,-0.0360191770557161,0.632180198271389,-0.102732512519081
-1.15731326490383,-0.610495058653613,1.04439613329848,-0.0325832531824394,0.628684996885651,-0.10412938974762
-1.15762216311555,-0.604225731462061,1.04334784754777,-0.0292061870485059,0.625178651576667,-0.105528055228328
-1.15789758435726,-0.597991520073546,1.04228556636178,-0.0258878342217074,0.621661970668865,-0.106928470320064
-1.15814011499487,-0.591792523818472,1.04120927243962,-0.0226280394325313,0.618135758659289,-0.108330595905164
-1.15835033978762,-0.585628834001815,1.04011894887398,-0.0194266367308493,0.614600816043516,-0.109734392368559
-1.15852884178287,-0.579500533944871,1.03901457915649,-0.0162834496214982,0.611057939071344,-0.111139819528741
-1.15867620220957,-0.573407699027729,1.0378961471833,-0.0131982909471877,0.607507919715556,-0.112546836687519
-1.15879300037254,-0.567350396732811,1.03676363726001,-0.0101709630731454,0.603951545497758,-0.113955402634006
-1.15887981354816,-0.561328686690202,1.035617034107,-0.00720125792504234,0.600389599359304,-0.115365475634783
-1.15893721687986,-0.555342620723863,1.03445632286459,-0.00428895701277715,0.596822859551137,-0.116777013421328
-1.15896578327454,-0.549392242899581,1.03328148909861,-0.00143383153005794,0.593252099419691,-0.118189973164931
-1.15896608329989,-0.543477589574677,1.03209251880594,0.00136435752846925,0.589678087317268,-0.119604311478404
-1.1589386850828,-0.537598689448207,1.03088939842012,0.00410585933809066,0.586101586509501,-0.121019984432391
-1.15888415420763,-0.531755563612887,1.02967211481677,0.00679093319488233,0.582523354963097,-0.122436947509192
-1.15880305361569,-0.525948225608737,1.0284406553197,0.00941984841041127,0.578944145254839,-0.123855155622294
-1.15869594350536,-0.52017668147727,1.02719500770609,0.0119928842356344,0.575364704472709,-0.125274563171194
-1.15856338123335,-0.514440929817501,1.02593516021222,0.0145103297344003,0.571785773990992,-0.126695123902059
-1.15840592121696,-0.508740961843667,1.02466110154021,0.0169724837301746,0.568208089404518,-0.128116790948748
-1.15822411483653,-0.503076761443286,1.0233728208635,0.0193796547720814,0.564632380410748,-0.129539516882208
-1.15801851033865,-0.497448305237143,1.02207030783292,0.0217321610514882,0.561059370659836,-0.130963253671701
-1.1577896527404,-0.491855562640207,1.02075355258255,0.0240303302320867,0.557489777618327,-0.132387952680782
-1.15753808373552,-0.486298495924312,1.01942254573609,0.0262744993300536,0.553924312456233,-0.133813564616138
-1.15726434160054,-0.480777060281405,1.01807727841338,0.0284650147718922,0.550363679932531,-0.135240039566165
-1.15696896110098,-0.475291203888645,1.01671774223639,0.0306022323025669,0.546808578244539,-0.13666732699237
-1.15665247339937,-0.469840867974339,1.01534392933578,0.0326865167257961,0.543259698935056,-0.138095375704817
-1.15631540596517,-0.464425986885312,1.0139558323574,0.0347182418906972,0.539717726735713,-0.139524133846213
-1.15595828248423,-0.459046488155626,1.01255344446904,0.036697790603968,0.536183339452627,-0.140953548891008
-1.15558162277016,-0.453702292576211,1.01113675936699,0.0386255545387051,0.532657207895275,-0.142383567670436
-1.15518594267549,-0.448393314265399,1.00970577128256,0.0405019342029905,0.529139995741422,-0.14381413633094
-1.1547717540044,-0.44311946074111,1.00826047498913,0.0423273387142764,0.525632359372289,-0.145245200322473
-1.15433956442723,-0.43788063299432,1.00680086580901,0.0441021857482646,0.522134947790691,-0.146676704400569
-1.15388987739514,-0.432676725563316,1.00532693962059,0.0458269013958514,0.518648402497255,-0.14810859259502
-1.15342319205689,-0.427507626609362,1.00383869286548,0.0475019200915273,0.515173357396854,-0.149540808235944
-1.15294000317509,-0.422373217992966,1.00233612255552,0.0491276845710323,0.511710438705327,-0.150973293937161
-1.15244080104451,-0.417273375351642,1.00081922628018,0.0507046456528068,0.508260264778271,-0.15240599156222
-1.15192607141174,-0.412207968178972,0.999288002213927,0.0522332621301084,0.504823446056641,-0.153838842247983
-1.15139629539567,-0.407176859904074,0.997742449123653,0.053714000782601,0.501400584938254,-0.155271786356989
-1.15085194940788,-0.402179907973024,0.996182566376572,0.0551473361960342,0.497992275643089,-0.15670476348436
-1.15029350507629,-0.397216963930682,0.994608353947613,0.0565337505388802,0.49459910417156,-0.158137712470516
-1.14972142916899,-0.392287873503526,0.993019812427301,0.0578737336058987,0.491221648180943,-0.15957057136748
-1.14913618351867,-0.387392476683756,0.991416943029571,0.0591677826091376,0.487860476839094,-0.161003277424206
-1.14853822494941,-0.382530607814637,0.989799747599997,0.0604164021092609,0.484516150782186,-0.162435767078282
-1.1479280052034,-0.377702095676042,0.988168228623842,0.0616201038079983,0.48118922199549,-0.163867975931794
-1.14730597087065,-0.372906763571928,0.986522389234497,0.0627794065547949,0.477880233694214,-0.165299838795065
-1.14667256331685,-0.368144429418036,0.984862233221221,0.0638948361999674,0.474589720271302,-0.166731289623562
-1.14602821861591,-0.363414905830856,0.98318776503842,0.0649669253251839,0.471318207180175,-0.168162261482808
-1.14537336748182,-0.358718000217419,0.98149898981386,0.0659962132602789,0.468066210828011,-0.169592686601614
-1.14470843520246,-0.354053514866234,0.979795913357491,0.06698324591652,0.46483423852636,-0.171022496337258
-1.14403384157395,-0.349421247038415,0.978078542169972,0.0679285756750945,0.461622788395669,-0.172451621162353
-1.1433500008372,-0.344820989060495,0.976346883451978,0.0688327611983721,0.458432349237319,-0.173879990613055
-1.14265732161491,-0.340252528417758,0.974600945113334,0.0696963674749921,0.455263400473966,-0.17530753332266
-1.1419562068495,-0.335715647848567,0.97284073578215,0.0705199654348865,0.45211641206419,-0.17673417698935
-1.14124705374521,-0.331210125439263,0.971066264814347,0.0713041319162133,0.44899184443313,-0.178159848359928
-1.14053025370762,-0.326735734719926,0.969277542302995,0.072049449679787,0.445890148408452,-0.179584473260949
-1.13980619228695,-0.322292244760702,0.967474579087653,0.0727565070512277,0.442811765111246,-0.181007976547118
-1.13907524912222,-0.31787942026953,0.96565738676452,0.0734258979368523,0.439757125872381,-0.182430282034781
-1.13833779788627,-0.313497021690208,0.963825977696689,0.074058221600959,0.436726652151782,-0.183851312544044
-1.13759420623326,-0.309144805301525,0.961980365024019,0.0746540825400558,0.433720755523763,-0.185270989879748
-1.13684483574634,-0.304822523316049,0.960120562673613,0.0752140904039961,0.430739837599569,-0.186689234799282
-1.13609004188734,-0.300529923980865,0.958246585369969,0.0757388597981311,0.427784289872507,-0.188105967076894
-1.13533017394768,-0.296266751678671,0.956358448644979,0.0762290101739447,0.424854493718109,-0.189521105421133
-1.13456557500048,-0.292032747029132,0.95445616884923,0.0766851657322266,0.4219508203665,-0.190934567397186
-1.13379658185398,-0.287827646990678,0.952539763163163,0.0771079551682443,0.419073630803706,-0.192346269471123
-1.1330235250081,-0.283651184963691,0.950609249608106,0.0774980114659418,0.416223275638794,-0.193756126991051
-1.13224672861081,-0.279503090894365,0.948664647057417,0.0778559720715899,0.41340009512011,-0.195164054223406
-1.1314665104145,-0.275383091378298,0.946705975247458,0.078182478470617,0.410604419082031,-0.196569964243382
-1.13068318173798,-0.271290909765149,0.944733254790031,0.0784781760315607,0.407836566897925,-0.197973768951892
-1.12989704742621,-0.267226266263349,0.942746507183432,0.0787437140222764,0.405096847390517,-0.199375379088647
-1.1291084058132,-0.263188878046106,0.940745754824833,0.0789797454403403,0.402385558830133,-0.200774704183831
-1.12831754868485,-0.259178459356897,0.938731021021994,0.0791869267431653,0.399702988801267,-0.202171652537466
-1.12752476124636,-0.255194721617243,0.936702330006265,0.0793659177521765,0.397049414197786,-0.203566131166151
-1.12673032208766,-0.251237373532813,0.934659706944972,0.0795173815110349,0.39442510120666,-0.20495804583298
-1.12593450315371,-0.247306121201442,0.932603177954288,0.079641984101488,0.391830305286709,-0.206347301022363
-1.12513756971259,-0.243400668219896,0.930532770111845,0.0797403947011456,0.389265271092187,-0.207733799942063
-1.1243397803273,-0.239520715793278,0.928448511469908,0.0798132851038861,0.386730232362842,-0.209117444448618
-1.12354138682998,-0.235665962843243,0.926350431069126,0.0798613297493453,0.384225412020096,-0.210498135003651
-1.12274263429526,-0.231836106116862,0.924238558952276,0.0798852055885129,0.381751022048318,-0.211875770749979
-1.12194376101717,-0.228030840296148,0.922112926177448,0.0798855918088739,0.379307263480764,-0.213250249422142
-1.12114499848648,-0.22424985810728,0.919973564832807,0.0798631698727226,0.376894326468135,-0.214621467323677
-1.12034657136951,-0.220492850430085,0.917820508050594,0.0798186230538103,0.374512390030214,-0.215989319259674
-1.11954869749111,-0.216759506409806,0.915653790022619,0.0797526365753135,0.372161622216158,-0.217353698613559
-1.1187515878133,-0.213049513565532,0.913473446013371,0.0796658975529676,0.3698421800341,-0.21871449737102
-1.11795544642038,-0.209362557902379,0.911279512375609,0.0795590944707033,0.36755420943765,-0.220071605922744
-1.11716047050494,-0.205698324020405,0.909072026566067,0.0794329171055749,0.365297845315391,-0.221424913045443
-1.11636685035593,-0.202056495227328,0.906851027161662,0.0792880564678795,0.363073211377131,-0.222774305994327
-1.11557476934586,-0.198436753648416,0.904616553874076,0.0791252047673083,0.36088042033351,-0.224119670488576
-1.11478440392061,-0.19483878033758,0.902368647566364,0.0789450550724594,0.358719573774358,-0.22546089055382
-1.11399592359155,-0.191262255388488,0.900107350269359,0.0787483012408458,0.356590762108043,-0.226797848622718
-1.11320949092816,-0.187706858046876,0.897832705197767,0.0785356376993277,0.354494064566415,-0.22813042544494
-1.11242526155423,-0.184172266821459,0.895544756767724,0.0783077591525629,0.352429549295611,-0.229458499997494
-1.11164338414458,-0.180658159595264,0.893243550614046,0.0780653607549944,0.350397273295548,-0.230781949589695
-1.11086400042076,-0.177164213737135,0.890929133606977,0.0778091378509789,0.348397282381324,-0.23210064977518
-1.1100872451521,-0.173690106212741,0.8886015538705,0.077539785559908,0.346429611495907,-0.233414474279311
-1.10931324615764,-0.17023551369413,0.886260860800344,0.0772579988133106,0.344494284101364,-0.234723295001953
-1.1085421243081,-0.166800112676402,0.883907105082321,0.0769644723491049,0.342591312561427,-0.236026982070028
-1.10777399352913,-0.163383579581873,0.881540338710229,0.0766599003020219,0.340720698887931,-0.23732540365484
-1.10700896080924,-0.159985590871227,0.87916061500649,0.0763449760503092,0.338882433013107,-0.238618425961138
-1.10624712620688,-0.156605823164719,0.87676798864058,0.0760203921172177,0.337076493766702,-0.239905913295131
-1.10548858286025,-0.153243953344049,0.87436251564902,0.0756868401165855,0.335302849639327,-0.241187727997909
-1.10473341699555,-0.149899658662639,0.871944253454376,0.0753450107472482,0.333561457866007,-0.242463730471878
-1.10398170793943,-0.146572616856858,0.869513260885817,0.0749955930664259,0.331852264622069,-0.243733778971807
-1.10323352813607,-0.143262506256767,0.867069598200446,0.0746392747516317,0.330175204976472,-0.244997729714647
-1.10248894315925,-0.139969005896634,0.864613327103293,0.0742767418971615,0.328530203109097,-0.246255436820233
-1.1017480117324,-0.136691795622706,0.862144510769347,0.0739086786667127,0.326917172376508,-0.247506752226728
-1.10101078574546,-0.133430556202756,0.859663213865055,0.0735357674741575,0.325336015121435,-0.248751525635664
-1.10027731027526,-0.13018496943554,0.85716950257128,0.0731586884752139,0.323786622861987,-0.249989604540444
-1.09954762360848,-0.126954718258093,0.854663444604596,0.072778119607019,0.322268876405333,-0.251220834228856
-1.0988217572635,-0.123739486853296,0.852145109240222,0.0723947365077372,0.320782645767275,-0.252445057748888
-1.09809973601558,-0.120538960757993,0.849614567334272,0.0720092121112585,0.319327790135553,-0.253662115758908
-1.09738157792421,-0.117352826970438,0.847071891348762,0.0716222167053186,0.317904158128427,-0.254871846537904
-1.09666729435952,-0.114180774055078,0.844517155373994,0.0712344177499124,0.316511587808575,-0.256074086056338
-1.09595689003325,-0.11102249224952,0.841950435153589,0.0708464794458184,0.315149906497693,-0.257268667671174
-1.09525036303089,-0.107877673571291,0.839371808109976,0.0704590629107073,0.313818930924764,-0.258455422344967
-1.09454770484212,-0.104746011922299,0.836781353367594,0.0700728260964587,0.312518467558347,-0.259634178627075
-1.09384890039525,-0.101627203190912,0.834179151778866,0.0696884232364376,0.311248312547649,-0.260804762358361
-1.09315392809555,-0.0985209453570572,0.831565285951207,0.0693065047654814,0.310008251417317,-0.261966996732707
-1.09246275986102,-0.0954269385968615,0.828939840272378,0.0689277178040641,0.308798059594461,-0.26312070253291
-1.09177536115754,-0.0923448853818444,0.826302900935466,0.0685527052468819,0.307617502367916,-0.264265697732611
-1.09109169104572,-0.0892744905829437,0.823654555968681,0.0681821056176616,0.306466334710536,-0.265401797518982
-1.09041170221933,-0.0862154615710942,0.82099489526094,0.0678165535621704,0.305344301619055,-0.266528814421538
-1.0897353410482,-0.083167508317245,0.818324010590453,0.0674566791979562,0.304251138129772,-0.267646558134141
-1.08906254762319,-0.0801303434915448,0.815641995651839,0.0671031082920412,0.303186569335898,-0.268754835641837
-1.08839325580047,-0.0771036825623629,0.812948946084493,0.0667564617532889,0.302150310603642,-0.269853450955116
-1.08772739325335,-0.0740872438929654,0.810244959502837,0.0664173554379257,0.301142067439197,-0.270942205105947
-1.08706488151998,-0.0710807488408577,0.807530135525597,0.0660864004310604,0.300161535709026,-0.272020896156258
-1.0864056360536,-0.0680839218512559,0.80480457580593,0.0657642025468834,0.299208401859162,-0.27308931920627
-1.08574956627584,-0.0650964905534824,0.802068384060835,0.0654513623986701,0.298282342691175,-0.274147266311468
-1.08509657562768,-0.0621181858556167,0.79932166610224,0.0651484754059841,0.297383025695357,-0.275194526517472
-1.08444656162401,-0.0591487420371862,0.796564529866581,0.0648561312958348,0.296510109047002,-0.276230885756671
-1.08379941591165,-0.0561878968425322,0.793797085447663,0.0645749139835182,0.295663241676011,-0.277256126689888
-1.08315502432655,-0.0532353915714701,0.79101944512804,0.0643054017643524,0.294842063601069,-0.278270028905909
-1.08251326695088,-0.0502909711683043,0.788231723410346,0.0640481669427363,0.294046205828991,-0.27927236874044
-1.08187401817547,-0.0473543843130013,0.785434037050966,0.0638037755370689,0.293275290268521,-0.280262919112509
-1.08123714676142,-0.0444253835102899,0.782626505093738,0.0635727874897381,0.292528930148565,-0.281241449649182
-1.08060251590146,-0.0415037251747774,0.779809248902258,0.0633557564460713,0.29180673025526,-0.282207726759046
-1.07996998328492,-0.0385891697162364,0.776982392193008,0.0631532294080432,0.291108286701455,-0.283161513389026
-1.07933940116388,-0.0356814816267319,0.774146061070394,0.0629657469246015,0.290433187011207,-0.284102569098547
-1.07871061641835,-0.0327804295641435,0.771300384060389,0.0627938425919719,0.289781010544033,-0.285030649856641
-1.0780834706271,-0.0298857864335019,0.768445492147229,0.0626380434602824,0.289151328446835,-0.285945508277217
-1.07745780013066,-0.0269973294700658,0.765581518805167,0.062498869589527,0.288543703562068,-0.28684689345394
-1.07683343610826,-0.0241148403196125,0.762708600037503,0.0623768335435978,0.287957691144641,-0.287734550676608
-1.07621020464662,-0.021238105113644,0.759826874410991,0.0622724411558509,0.287392838463154,-0.288608221943901
-1.07558792681084,-0.0183669145523728,0.756936483090292,0.0621861907649205,0.286848684855776,-0.289467645562136
-1.07496641872135,-0.0155010639785996,0.75403756987648,0.0621185730625843,0.286324762311954,-0.290312556011322
-1.07434549162859,-0.0126403534529804,0.751130281243926,0.062070071355088,0.285820595401903,-0.291142684152752
-1.07372495198671,-0.00978458782733482,0.748214766376207,0.0620411615990997,0.285335701152837,-0.291957757309243
-1.0731046015297,-0.00693357682054396,0.745291177202412,0.0620323116032904,0.284869589414184,-0.292757498914754
-1.07248423735478,-0.00408713508633726,0.742359668437152,0.0620439812505669,0.284421763189774,-0.293541628597792
-1.07186365199741,-0.00124508228412121,0.739420397616435,0.0620766227593256,0.283991718457662,-0.294309862336658
-1.07124263351303,0.00159275685224811,0.736473525136427,0.0621306799113168,0.28357894426383,-0.295061912123031
-1.07062096556032,0.00442655244533324,0.733519214292616,0.0622065883948071,0.283182923035138,-0.295797486166864
-1.06999842747989,0.00725646941029903,0.730557631316255,0.0623047761205198,0.282803130726427,-0.296516289110875
-1.06937479437477,0.0100826673886648,0.727588945411429,0.0624256624549666,0.282439036778529,-0.297218021596007
-1.06874983719874,0.0129053006856652,0.724613328796257,0.0625696580656489,0.282090104492619,-0.29790238035496
-1.06812332284029,0.015724518209105,0.721630956739911,0.0627371652816542,0.28175579111078,-0.298569058290774
-1.06749501420722,0.0185404634091839,0.718642007602592,0.0629285779192151,0.281435547850812,-0.299217744432617
-1.06686467031258,0.0213532742183087,0.71564666287271,0.0631442810081957,0.281128819982653,-0.299848123991598
-1.06623204636424,0.0241630829931428,0.712645107206853,0.0633846505893186,0.280835047145325,-0.300459878175946
-1.0655968938533,0.0269700164591589,0.709637528468559,0.0636500540609872,0.280553663433655,-0.301052684404004
-1.06495896064057,0.0297741956548917,0.706624117766473,0.0639408499083709,0.280284097391514,-0.301626216176913
-1.06431799104833,0.0325757358778365,0.703605069494205,0.064257387433803,0.280025772353719,-0.302180143050908
-1.06367372594978,0.0353747466333938,0.700580581368221,0.0646000072287333,0.279778106497934,-0.302714130952061
-1.06302590285701,0.0381713315827136,0.697550854464324,0.0649690406800532,0.279540512875581,-0.303227841964135
-1.06237425601614,0.040965588493304,0.694516093257612,0.0653648097713367,0.279312399733993,-0.303720934234281
-1.06171851649824,0.0437576091912371,0.69147650566018,0.0657876274895214,0.279093170510202,-0.304193062203417
-1.06105841229098,0.0465474795136154,0.688432303058312,0.0662377974388498,0.278882224086881,-0.304643876605101
-1.06039366839421,0.049335279264143,0.685383700350003,0.0667156135844257,0.278678954786422,-0.305073024295062
-1.0597240069148,0.052121082167152,0.682330915983979,0.0672213606939094,0.278482752602907,-0.30548014838193
-1.05904914715792,0.0549049558265214,0.679274171994997,0.0677553141414493,0.278293003294113,-0.305864888547511
-1.05836880572376,0.0576869616818029,0.676213694039163,0.0683177396627826,0.278109088397951,-0.306226880744738
-1.05768269660288,0.0604671549687216,0.67314971143189,0.0689088933272083,0.277930385559544,-0.306565757279604
-1.0569905312737,0.0632455846793393,0.670082457181936,0.0695290216495933,0.27775626841322,-0.306881147180828
-1.05629201879576,0.0660222935229559,0.667012168024619,0.0701783618094923,0.277586106849354,-0.307172676057234
-1.05558686590747,0.0687973178905966,0.663939084457745,0.0708571405822584,0.277419267361381,-0.307439965730401
-1.05487477712919,0.071570687820971,0.660863450777602,0.0715655754242056,0.277255112906676,-0.307682635009659
-1.054155454851,0.0743424269636812,0.657785515106735,0.0723038742543483,0.277093002738895,-0.307900299423075
-1.05342859944236,0.0771125525439788,0.654705529433539,0.0730722332007741,0.276932292845918,-0.308092570410352
-1.05269390935731,0.0798810753326398,0.651623749643659,0.0738708406255974,0.27677233636739,-0.308259057747424
-1.05195108115068,0.0826479996243102,0.64854043551972,0.0746998913192829,0.276612485557794,-0.308399372625598
-1.05119980955168,0.0854133232081224,0.645455850771819,0.0755595355037265,0.276452083935912,-0.308513113243114
-1.05043978798157,0.0881770372731218,0.642370263181117,0.0764499168991254,0.276290473115979,-0.308599875867585
-1.04967070820902,0.0909391264523529,0.639283944508294,0.077371199275811,0.276126996690341,-0.308659262255012
-1.04889226053655,0.0936995687836646,0.636197170540368,0.0783235190735758,0.275960993104344,-0.308690867249289
-1.04810413394173,0.0964583356773593,0.633110221125207,0.0793070041835268,0.275791798217303,-0.308694283590757
-1.04730601617727,0.099215391887941,0.630023380197542,0.0803217715409543,0.275618745135615,-0.30866910115791
-1.04649759387881,0.101970695488984,0.626936935805349,0.0813679280839266,0.27544116455534,-0.30861490766048
-1.04567855266119,0.104724197848766,0.623851180129093,0.0824455705026251,0.275258384722359,-0.308531288666385
-1.04484857722786,0.107475843606483,0.620766409505729,0.0835547847437889,0.275069731638353,-0.308417827495691
-1.04400735147172,0.110225570650428,0.617682924447201,0.0846956469111434,0.27487452905823,-0.308274105858205
-1.04315455857637,0.112973310094456,0.614601029657307,0.0858682226044758,0.274672098360019,-0.30809970354433
-1.04228988112231,0.11571898625578,0.611521034051182,0.0870725670325505,0.274461758947536,-0.307894198720292
-1.04141300119079,0.118462516636643,0.608443250769173,0.0883087244765276,0.274242828349917,-0.30765716797152
-1.04052360047571,0.121203811903638,0.605367997194235,0.0895767285751844,0.274014621856623,-0.307388186438681
-1.03962136038457,0.12394277586622,0.602295594962547,0.0908766026190011,0.273776452944125,-0.307086828228175
-1.03870596214792,0.126679305460504,0.599226369975596,0.092208358810567,0.27352763327847,-0.306752666213152
-1.03777708692706,0.129413290728616,0.596160652410434,0.093571998912571,0.273267472514552,-0.306385272530864
-1.0368344159191,0.132144614801178,0.593098776726122,0.0949675137043269,0.272995278721854,-0.305984218490859
-1.0358776304701,0.134873153881006,0.590041081672909,0.0963948828703316,0.272710358174473,-0.30554907475306
-1.03490641218234,0.137598777224876,0.586987910295396,0.0978540753533186,0.272412015550854,-0.305079411711156
-1.03392044302481,0.140321347129187,0.583939609936304,0.0993450488100165,0.272099553941617,-0.304574799386807
-1.03291940544567,0.143040718912039,0.580896532238514,0.100867749907377,0.271772274698874,-0.304034807814925
-1.03190298248144,0.145756740898114,0.577859033143681,0.102422114068285,0.271429477811345,-0.303459007156255
-1.03087085787211,0.148469254404994,0.5748274728912,0.104008065378977,0.271070461815144,-0.302846967776218
-1.02982271617325,0.151178093728068,0.571802216014745,0.105625516364974,0.270694523790985,-0.302198260448891
-1.0287582428736,0.153883086126867,0.568783631337159,0.10727436819747,0.270300959462182,-0.301512456675315
-1.02767712450524,0.156584051811184,0.565772091961343,0.108954510729013,0.269889063178069,-0.300789128912205
-1.02657904876216,0.159280803928109,0.562767975261279,0.110665821794904,0.269458128084595,-0.300027850489637
-1.02546370461855,0.161973148550339,0.559771662872451,0.112408167568754,0.26900744612019,-0.299228195853344
-1.02433078244525,0.164660884663674,0.556783540678681,0.11418140247151,0.26853630799771,-0.298389740939199
-1.0231799741292,0.167343804155558,0.553803998796446,0.115985368814838,0.26804400335178,-0.297512063261733
-1.02201097319414,0.17002169180467,0.550833431558602,0.117819897060544,0.267529820794858,-0.296594742115014
-1.02082347491888,0.172694325270741,0.54787223749529,0.119684805498828,0.266993047929226,-0.295637358710389
-1.01961717646167,0.175361475084734,0.544920819314278,0.121579900136894,0.266432971416704,-0.294639496432509
-1.01839177698143,0.178022904639997,0.541979583877539,0.123504974637748,0.265848877094477,-0.293600740985077
-1.01714697776308,0.180678370184194,0.539048942178005,0.1254598103365,0.265240049961709,-0.29252068061589
-1.01588248233919,0.183327620810876,0.536129309311821,0.127444176130695,0.264605774245527,-0.291398906381853
-1.01459799661791,0.185970398452934,0.533221104450697,0.129457828129703,0.263945333605528,-0.290235012171627
-1.0132932290091,0.18860643787713,0.530324750811982,0.131500509815034,0.263258011141084,-0.289028595013313
-1.01196789055163,0.19123546667848,0.527440675626093,0.133571951928087,0.262543089430829,-0.287779255293943
-1.01062169504126,0.193857205275526,0.524569310102356,0.135671872257056,0.261799850597707,-0.28648659684465
-1.00925435916115,0.196471366906307,0.521711089393638,0.137799975617588,0.261027576474452,-0.285150227217049
-1.00786560261073,0.199077657626419,0.518866452557532,0.139955953858479,0.260225548726169,-0.283769757895845
-1.00645514823688,0.201675776307196,0.516035842516765,0.142139485652357,0.259393048847391,-0.282344804430716
-1.00502272216536,0.204265414634558,0.513219706017045,0.144350236566043,0.258529358291287,-0.280874986704366
-1.00356805393222,0.206846257109422,0.510418493583003,0.14658785890459,0.257633758626341,-0.2793599290655
-1.00209087661757,0.209417981049387,0.507632659472791,0.14885199157119,0.256705531629428,-0.27779926050331
-1.00059092697929,0.211980256591153,0.504862661630361,0.151142260108486,0.255743959359436,-0.27619261491513
-0.999067945586853,0.214532746694008,0.502108961635435,0.153458276629178,0.254748324309339,-0.27453963125237
-0.997521676956097,0.217075107144968,0.499372024652287,0.155799639749996,0.253717909544656,-0.272839953714999
-0.995951869683901,0.219606986564935,0.49665231937575,0.158165934673525,0.252651998794063,-0.27109323201838
-0.994358276582583,0.222128026416025,0.493950317975454,0.160556733028325,0.251549876607201,-0.269299121495416
-0.992740654816628,0.224637861010598,0.491266496038879,0.162971592813104,0.250410828493824,-0.267457283303236
-0.991098766038124,0.227136117521367,0.488601332511808,0.165410058476271,0.249234141044932,-0.265567384635633
-0.989432376522612,0.22962241599302,0.485955309637145,0.167871660905991,0.248019102085621,-0.263629098932494
-0.987741257304707,0.232096369355325,0.483328912891342,0.170355917346425,0.246765000839733,-0.261642106040786
-0.986025184314909,0.234557583437927,0.480722630919738,0.172862331441853,0.245471128075014,-0.259606092401103
-0.984283938514578,0.237005656986395,0.478136955469163,0.175390393349516,0.244136776236627,-0.257520751291567
-0.982517306031505,0.239440181679917,0.475572381319011,0.177939579608853,0.242761239638723,-0.255385782942185
-0.980725078295796,0.241860742150852,0.473029406210675,0.1805093532786,0.24134381461676,-0.253200894785132
-0.978907052174003,0.244266916005653,0.470508530774347,0.183099163960062,0.239883799694455,-0.250965801624303
-0.977063030104141,0.246658273847755,0.468010258454782,0.185708447813036,0.238380495764285,-0.248680225801335
-0.975192820229283,0.249034379302023,0.465535095434617,0.188336627643164,0.236833206255605,-0.246343897413494
-0.97329623653108,0.251394789041067,0.463083550556059,0.190983112974821,0.235241237311679,-0.243956554493506
-0.971373098961986,0.253739052813281,0.460656135240518,0.193647300093544,0.233603897988187,-0.241517943182548
-0.969423233577582,0.25606671347297,0.458253363406725,0.196328572150724,0.231920500428778,-0.239027817924775
-0.96744647266693,0.258377307012017,0.455875751386597,0.199026299275968,0.230190360048802,-0.236485941651396
-0.965442654882827,0.260670362593748,0.453523817839653,0.201739838632043,0.228412795749861,-0.233892085955551
-0.963411625370597,0.262945402588687,0.45119808366528,0.204468534560682,0.226587130102452,-0.231246031293659
-0.961353235895914,0.265201942612271,0.448899071913325,0.207211718669194,0.22471268955623,-0.228547567148665
-0.959267344971537,0.267439491564705,0.446627307692914,0.209968709956307,0.222788804646764,-0.225796492209996
-0.957153817982794,0.269657551672856,0.444383318079526,0.212738814923156,0.220814810210722,-0.222992614547365
-0.955012527311926,0.271855618534374,0.442167632020251,0.21552132772109,0.218790045599485,-0.220135751803039
-0.952843352460729,0.274033181163858,0.439980780237128,0.218315530304281,0.216713854890183,-0.217225731371153
-0.950646180172038,0.276189722041288,0.437823295128844,0.221120692527095,0.214585587122798,-0.214262390553886
-0.948420904549995,0.27832471716282,0.435695710670774,0.223936072312166,0.212404596526865,-0.211245576746331
-0.94616742717848,0.280437636093809,0.433598562313114,0.226760915802749,0.210170242755981,-0.208175147614385
-0.943885657238365,0.282527942024295,0.43153238687739,0.229594457483391,0.207881891132615,-0.205050971253272
-0.941575511623273,0.284595091826895,0.429497722451294,0.232435920349523,0.205538912891722,-0.201872926367941
-0.939236915053647,0.286638536117193,0.427495108281673,0.235284516063899,0.203140685433546,-0.198640902446879
-0.936869800189411,0.288657719316684,0.425525084665906,0.238139445089839,0.200686592585531,-0.195354799924865
-0.934474107741224,0.290652079718381,0.423588192841565,0.240999896846319,0.198176024867839,-0.192014530357532
-0.932049786580122,0.292621049555094,0.421684974874348,0.243865049860375,0.195608379765261,-0.188620016591156
-0.929596793845758,0.294564055070465,0.419815973544341,0.246734071906964,0.192983062007723,-0.185171192931242
-0.927115095053182,0.296480516592854,0.417981732230548,0.249606120154632,0.190299483856352,-0.181668005317068
-0.924604664198237,0.29836984861212,0.416182794793705,0.252480341297494,0.187557065400945,-0.178110411491623
-0.92206548386165,0.300231459859427,0.414419705457375,0.255355871687217,0.18475523486274,-0.174498381175899
-0.919497545311813,0.302064753390097,0.412693008687286,0.258231837458604,0.181893428905634,-0.17083189624523
-0.916900848606374,0.30386912666964,0.411003249068904,0.261107354644053,0.178971092957123,-0.167110950906281
