1.03023361221087,0.0687372443157935,0.147641949569388,0.157623720622668,-0.181091773654881,0.389575654309805
1.03179242763734,0.0668999952125954,0.151514149267973,0.154134365265107,-0.186322936873631,0.384878222618694
1.03331620610138,0.0650114713083861,0.155339788371807,0.150616969026474,-0.191348349041343,0.380263094064686
1.03480468578499,0.0630736829109782,0.159119676610399,0.147075188414127,-0.19617732814995,0.37572760327645
1.03625763965838,0.0610885507176343,0.162854596958132,0.143512331604374,-0.200818488799882,0.371269069183323
1.03767487220046,0.0590579125428933,0.166545305605622,0.13993139848394,-0.205279802591841,0.366884819821175
1.03905621650107,0.0569835294680843,0.170192532150957,0.136335117242145,-0.209568653318341,0.362572211266638
1.04040153170364,0.054867091463944,0.173796979955855,0.132725974626433,-0.213691887357606,0.358328642544289
1.04171070072803,0.0527102225311534,0.177359326637787,0.129106244461427,-0.217655859621549,0.354151567319728
1.04298362827477,0.0505144854027209,0.180880224659791,0.125478011879619,-0.221466475406306,0.350038502326035
1.04422023903351,0.0482813858458044,0.18436030199422,0.121843193447767,-0.225129228692779,0.345987033447922
1.04542047610069,0.0460123765980032,0.187800162836429,0.11820355657761,-0.228649236892468,0.34199482012519
1.0465842995665,0.043708860973595,0.191200388357135,0.114560735216119,-0.232031272256183,0.338059598234901
1.04771168526001,0.0413721961688152,0.19456153747313,0.110916245956762,-0.235279790789962,0.33417918127093
1.04880262364725,0.0390036962903969,0.197884147627887,0.107271501256541,-0.238398958489765,0.330351461216471
1.04985711883707,0.0366046351355395,0.201168735577164,0.103627818628148,-0.241392675084219,0.326574408341114
1.05087518767379,0.0341762487439741,0.204415798166271,0.099986429062516,-0.244264595773171,0.322846070141284
1.05185685892942,0.0317197377430094,0.207625813097289,0.0963484900066234,-0.247018151011927,0.319164570262604
1.0528021726184,0.0292362695030798,0.210799239682844,0.0927150917778803,-0.249656564557995,0.315528106824616
1.05371117933558,0.0267269801217858,0.213936519580114,0.0890872624622084,-0.252182869860332,0.311934950235988
1.054583939677,0.0241929762504735,0.217038077503225,0.0854659739323617,-0.254599925085745,0.308383441195351
1.0554205237451,0.0216353367776375,0.220104321916713,0.0818521627501664,-0.25691042689219,0.304871988708748
1.05622101081062,0.0190551143785298,0.223135645705302,0.0782467135603326,-0.25911692321678,0.301399067233772
1.05698548867923,0.016453336946732,0.226132426815302,0.074650461732704,-0.261221824258806,0.297963214469202
1.05771405340553,0.0138310089174588,0.229095028878014,0.0710642166313919,-0.26322741320882,0.294563029134543
1.05840680895355,0.0111891124886272,0.232023801805154,0.0674887528091523,-0.265135855844122,0.291197168276625
1.05906386688747,0.00852860875054502,0.234919082361104,0.0639248156052347,-0.266949209329222,0.287864344913019
1.05968534608719,0.00585043873090048,0.237781194709909,0.060373123850461,-0.268669430306674,0.284563325626321
1.06027137250286,0.00315552436232036,0.24061045094062,0.0568343726921422,-0.270298382342695,0.281292928469363
1.06082207892339,0.000444769378468841,0.243407151570218,0.0533092353979677,-0.271837842743887,0.278052020529279
1.06133760477025,-0.00228093985502485,0.246171586022846,0.0497983651597461,-0.273289508815243,0.274839515932556
1.06181809590252,-0.00502073356996791,0.248904033090745,0.0463023970003153,-0.274655003677044,0.271654373663473
1.06226370444668,-0.00777375788088004,0.251604761370268,0.0428219491229516,-0.27593588158551,0.268495595323391
1.06267458862877,-0.0105391741208857,0.254274029680353,0.0393576237887427,-0.277133632795862,0.265362223529622
1.06305091262799,-0.0133161582248163,0.256912087463035,0.0359100095649791,-0.278249688124442,0.262253339916737
1.06339284644505,-0.0161039001560965,0.259519175163399,0.0324796823259124,-0.279285423141697,0.259168063173086
1.06370056577831,-0.0189016033737637,0.262095524592453,0.0290672057588038,-0.280242162012091,0.256105547603687
1.06397425190475,-0.0217084843364622,0.264641359275388,0.0256731321113872,-0.281121181074899,0.2530649813305
1.06421409157113,-0.024523772041074,0.267156894780498,0.0222980032310145,-0.281923712162991,0.250045584746988
1.06442027689397,-0.0273467075930789,0.269642339035672,0.0189423513451294,-0.282650945656771,0.247046608965751
1.06459300526656,-0.0301765438064459,0.272097892626731,0.0156066996557152,-0.283304033328532,0.244067334402655
1.06473247927106,-0.0330125448308778,0.274523749086305,0.0122915628177039,-0.283884090976435,0.241107069702292
1.06483890659472,-0.035853985804472,0.276920095167979,0.00899744720031175,-0.284392200874343,0.238165150199688
1.06491249994922,-0.0387001525299225,0.279287111106413,0.00572485151933299,-0.284829414027478,0.235240936519404
1.06495347699762,-0.0415503411724969,0.281624970864128,0.00247426729685422,-0.285196752291627,0.232333813509224
1.06496206028281,-0.0444038579785492,0.283933842369641,-0.000753820911335065,-0.285495210337647,0.22944318931012
1.06493847715979,-0.0472600190128544,0.286213887744179,-0.00395893527013334,-0.285725757478393,0.226568494121581
1.064882959729,-0.0501181499136374,0.288465263517235,-0.00714060441293926,-0.28588933935376,0.223709179297734
1.06479574477372,-0.0529775856638674,0.290688120833943,-0.0102983631535711,-0.285986879549745,0.220864716394826
1.06467707369845,-0.0558376703783104,0.292882605651002,-0.0134317523841533,-0.286019281044856,0.218034595995049
1.06452719246932,-0.0586977571040402,0.295048858922607,-0.0165403188717756,-0.28598742757122,0.215218326931844
1.06434635155591,-0.0615572076348906,0.297187016779988,-0.0196236151263085,-0.285892184942198,0.212415435648907
1.06413480587462,-0.0644153923380973,0.299297210703328,-0.0226811992616687,-0.285734402221027,0.209625465333492
1.06389281473318,-0.0672716899925243,0.301379567685092,-0.0257126348786622,-0.285514912850774,0.206847975163836
1.06362064177541,-0.0701254876377678,0.303434210386411,-0.0287174912157491,-0.285234535703923,0.204082539523374
1.06331855492425,-0.0729761804333699,0.305461257284847,-0.031695343159989,-0.284894076051611,0.201328747229911
1.0629868263273,-0.0758231715273906,0.307460822816012,-0.0346457707999777,-0.284494326476335,0.198586200973043
1.06262573230587,-0.0786658719338697,0.309433017509896,-0.0375683593747855,-0.284036067725821,0.195854516904427
1.06223555330177,-0.0815037004185204,0.311377948122274,-0.0404626995824662,-0.283520069522689,0.193133323776376
1.06181657382232,-0.0843360833922998,0.313295717756617,-0.0433283875827373,-0.282947091304677,0.190422262473492
1.06136908238671,-0.0871624548119885,0.315186425984971,-0.0461650248262121,-0.282317882918308,0.187720985585215
1.06089337147235,-0.0899822560877147,0.317050168959958,-0.0489722183269621,-0.281633185290695,0.185029156614935
1.06038973745853,-0.0927949359967829,0.318887039522408,-0.0517495805433311,-0.280893731025385,0.182346449594434
1.05985848057495,-0.0955999506032987,0.32069712730503,-0.0544967289471117,-0.280100244973648,0.179672548919182
1.05929990484921,-0.0983967631834745,0.322480518834129,-0.0572132866920371,-0.279253444798198,0.177007148618161
1.05871431804779,-0.101184844156255,0.3242372976213,-0.059898882662906,-0.278354041451103,0.174349951846515
1.05810203162187,-0.103963671018433,0.325967544255934,-0.0625531510913148,-0.277402739633582,0.171700670879216
1.05746336065196,-0.106732728284621,0.327671336492872,-0.0651757319535044,-0.276400238289859,0.169059026435515
1.05679862378966,-0.109491507431631,0.329348749334361,-0.0677662709945238,-0.275347230948214,0.166424747220208
1.05610814320098,-0.11223950684607,0.330999855108864,-0.0703244196026715,-0.274244406148694,0.1637975697813
1.05539224450923,-0.114976231776817,0.332624723548477,-0.0728498349660625,-0.27309244782339,0.161177238176432
1.05465125673595,-0.117701194290062,0.334223421861098,-0.0753421802858845,-0.271892035578666,0.158563503458076
1.05388551224064,-0.120413913227962,0.335796014799556,-0.0778011247133588,-0.270643845041405,0.155956123578532
1.0530953466616,-0.12311391417015,0.337342564729838,-0.0802263434167626,-0.269348548129244,0.153354863102533
1.05228109885421,-0.125800729398254,0.33886313169447,-0.0826175178037957,-0.268006813386693,0.150759492727563
1.05144311082907,-0.128473897863512,0.34035777347286,-0.0849743353843201,-0.266619306200621,0.148169789125818
1.0505817276909,-0.131132965155897,0.341826545640496,-0.0872964899131632,-0.26518668898086,0.145585534799492
1.04969729757444,-0.133777483476157,0.343269501626036,-0.0895836816180818,-0.263709621554598,0.143006517842321
1.0487901715797,-0.136407011612109,0.344686692765725,-0.0918356172418361,-0.262188761557426,0.140432531604731
1.04786070370667,-0.139021114913651,0.346078168354155,-0.0940520100140839,-0.260624763366738,0.137863374370713
1.04690925079028,-0.141619365260612,0.34744397569255,-0.0962325798030402,-0.25901827943331,0.135298849148247
1.04593617243311,-0.144201341054206,0.348784160136406,-0.0983770531171678,-0.257369960981381,0.132738763892831
1.04494183093932,-0.146766627195875,0.350098765144002,-0.100485163296397,-0.255680457139496,0.130182930889602
1.04392659124396,-0.149314815070451,0.351387832315574,-0.102556650726556,-0.253950415260099,0.1276311664658
1.0428908208445,-0.151845502527059,0.352651401437171,-0.104591262531472,-0.252180481105969,0.125083291358001
1.04183488973182,-0.154358293866773,0.353889510521714,-0.106588753080408,-0.250371299147296,0.122539130098194
1.04075917031565,-0.156852799827683,0.355102195845733,-0.108548884096692,-0.248523512430915,0.119998510965743
1.03966403735372,-0.15932863757255,0.356289491987641,-0.110471424260522,-0.246637762805421,0.117461265958985
1.03854986788149,-0.161785430676553,0.357451431862664,-0.112356149412144,-0.244714690955097,0.114927230414275
1.03741704113834,-0.164222809116601,0.358588046755457,-0.114202843011367,-0.242754936538776,0.112396242860051
1.03626593849,-0.166640409261235,0.359699366352504,-0.11601129629797,-0.240759138246248,0.109868145224177
1.0350969433522,-0.169037873861206,0.360785418775858,-0.11778130795087,-0.238727933812527,0.107342782485437
1.03391044111693,-0.171414852040119,0.36184623061076,-0.119512684133748,-0.236661960125328,0.104820002428301
1.03270681907563,-0.17377099928659,0.362881826935303,-0.121205238803473,-0.234561853259847,0.102299655747774
1.03148646634079,-0.176105977445645,0.36389223134792,-0.122858793816565,-0.232428248453216,0.0997815958374757
1.03024977376625,-0.178419454711204,0.364877465994183,-0.124473179067475,-0.2302617802725,0.0972656786712146
1.02899713386598,-0.180711105619406,0.365837551591236,-0.126048232685967,-0.228063082547278,0.0947517625737421
1.02772894073278,-0.1829806110408,0.366772507452042,-0.127583800559747,-0.225832788380471,0.0922397084893959
1.02644558996364,-0.185227658173956,0.36768235151151,-0.129079736109005,-0.223571530260227,0.089729379644995
1.02514747857588,-0.1874519405389,0.368567100346418,-0.130535902415871,-0.221279939970822,0.0872206413345412
1.02383500491795,-0.189653157969931,0.369426769198101,-0.131952168266108,-0.218958648618259,0.0847133610823386
1.0225085686061,-0.191831016609604,0.370261371992699,-0.133328415814196,-0.216608286721286,0.0822074083055439
1.0211685703701,-0.193985228902052,0.371070921360443,-0.134664533165132,-0.214229484105519,0.0797026544805135
1.01981541207128,-0.196115513585576,0.371855428657204,-0.135960412322079,-0.211822869610844,0.0771989732038964
1.0184494965614,-0.198221595683664,0.372614903983604,-0.137215960509706,-0.209389071892937,0.0746962397294449
1.01707122758827,-0.200303206505854,0.373349356200386,-0.138431090894895,-0.206928718866911,0.0721943309080036
1.015681009731,-0.20236008363273,0.374058792945802,-0.139605725391248,-0.204442437318092,0.0696931253709392
1.01427924829533,-0.204391970911734,0.37474322065298,-0.140739795779505,-0.201930853585061,0.0671925034574038
1.01286634923038,-0.206398618448739,0.375402644566826,-0.141833242036871,-0.199394593102286,0.0646923471757525
1.01144271904049,-0.208379782600323,0.376037068759537,-0.142886012889435,-0.196834280540178,0.062192539873799
1.01000876469857,-0.210335225965535,0.376646496143199,-0.143898066315873,-0.19425053973051,0.0596929663062798
1.00856489354914,-0.212264717377364,0.377230928485849,-0.144869369619966,-0.19164399360423,0.0571935128583526
1.00711151322072,-0.214168031893271,0.377790366426207,-0.145799898931976,-0.189015264125306,0.0546940672251901
1.00564903153299,-0.21604495078546,0.378324809486517,-0.146689639869612,-0.186364972272915,0.0521945185024781
1.0041778564037,-0.217895261530832,0.378834256086812,-0.147538587070872,-0.183693737999542,0.0496947570061647
1.00269839575816,-0.219718757800606,0.379318703555474,-0.148346744675363,-0.181002180217793,0.0471946742185049
1.00121105743143,-0.221515239449516,0.379778148142994,-0.149114126285869,-0.178290916678291,0.0446941630318557
0.99971624907723,-0.223284512503623,0.380212585034577,-0.149840754841096,-0.175560563914759,0.0421931174416625
0.998214378070861,-0.225026389148269,0.380622008360445,-0.150526662903449,-0.172811737226733,0.0396914324926087
0.99670585141543,-0.226740687715217,0.381006411207056,-0.151171892469373,-0.170045050591747,0.0371890043867252
0.995191075645839,-0.22842723266908,0.381365785629066,-0.151776495111155,-0.167261116582487,0.0346857306011342
0.993670456733358,-0.23008585459298,0.38170012266142,-0.152340532094874,-0.164460546337141,0.0321815095716281
0.992144399987524,-0.231716390174035,0.382009412327908,-0.152864074392423,-0.161643949482621,0.0296762408182109
0.990613309960643,-0.233318682187589,0.382293643654225,-0.153347202539717,-0.158811934038916,0.0271698250496331
0.989077590350499,-0.23489257948092,0.382552804676247,-0.15379000694683,-0.15596510634776,0.0246621635373921
0.987537643901221,-0.236437936956101,0.382786882447549,-0.154192587891345,-0.153104071041342,0.0221531588502904
0.985993872305354,-0.237954615552662,0.382995863054854,-0.154555055424038,-0.150229430923818,0.0196427146955203
0.984446676105753,-0.239442482228352,0.383179731624225,-0.154877529446424,-0.147341786849242,0.0171307354224807
0.982896454596948,-0.240901409939869,0.383338472331385,-0.155160139706328,-0.144441737748888,0.0146171266258448
0.981343605726273,-0.242331277623108,0.38347206841323,-0.155403025967289,-0.141529880485855,0.0121017948274338
0.979788525993382,-0.243731970171715,0.383580502175287,-0.155606337889644,-0.138606809762088,0.00958464728710146
0.978231610352383,-0.245103378415301,0.383663755000681,-0.155770235036746,-0.135673118019978,0.00706559231198896
0.976673252111099,-0.246445399096255,0.383721807361044,-0.155894887044394,-0.132729395412957,0.00454453924474419
0.975113842831143,-0.247757934846865,0.383754638825806,-0.155980473553693,-0.129776229686612,0.00202139829948947
0.973553772227355,-0.249040894164041,0.383762228071323,-0.156027184260214,-0.12681420606145,-0.000503919305487089
0.971993428067709,-0.250294191384315,0.383744552890869,-0.156035218831442,-0.123843907183965,-0.00303150150470026
0.970433196073354,-0.251517746656993,0.383701590201534,-0.156004787009979,-0.120865912965904,-0.00556143555803227
0.968873459817497,-0.252711485916896,0.383633316053554,-0.155936108587848,-0.117880800600018,-0.00809380740224436
0.96731460062544,-0.253875340856611,0.383539705644156,-0.155829413407699,-0.1148891443883,-0.0106287019902213
0.965756997473444,-0.255009248896706,0.383420733323945,-0.155684941391476,-0.111891515655054,-0.0131662034627773
0.964201026888472,-0.256113153155812,0.383276372607953,-0.155502942510049,-0.108888482612675,-0.0157063949620544
0.962647062847323,-0.257187002418673,0.383106596183282,-0.155283676797277,-0.1058806103412,-0.0182493588294796
0.961095476676381,-0.258230751105177,0.382911375918683,-0.155027414319717,-0.102868460684385,-0.0207951764412886
0.959546636950976,-0.259244359236202,0.382690682874993,-0.154734435218192,-0.0998525920279891,-0.0233439278313685
0.958000909394855,-0.260227792399505,0.382444487319074,-0.154405029654217,-0.0968335593458358,-0.0258956920540996
0.956458656780167,-0.261181021714765,0.382172758730106,-0.154039497795035,-0.0938119139966774,-0.0284505473552043
0.954920238827301,-0.262104023796705,0.381875465811181,-0.153638149817592,-0.0907882036621365,-0.031008570828812
0.953386012105066,-0.262996780718351,0.38155257649907,-0.153201305848414,-0.087762972260937,-0.0335698385744834
0.951856329931356,-0.263859279972281,0.381204057975483,-0.152729295953959,-0.0847367597925172,-0.0361344255154153
0.950331542273603,-0.264691514431294,0.380829876678095,-0.152222460154636,-0.081710102272954,-0.0387024055877513
0.94881199564956,-0.265493482307671,0.380429998309892,-0.151681148343648,-0.0786835315492739,-0.0412738517406559
0.947298033028917,-0.266265187111277,0.380004387851569,-0.151105720251588,-0.0756575753366524,-0.0438488353357504
0.94578999373481,-0.267006637607846,0.379553009577001,-0.150496545447003,-0.0726327569638533,-0.046427426710279
0.944288213345831,-0.267717847773579,0.379075827059363,-0.149854003255609,-0.069609595300857,-0.0490096954095622
0.942793023598735,-0.268398836751478,0.378572803184352,-0.149178482719072,-0.0665886047200763,-0.0515957093691494
0.941304752291361,-0.26904962880454,0.378043900165185,-0.148470382572152,-0.063570294899917,-0.0541855352883939
0.939823723186011,-0.269670253269045,0.377489079553537,-0.147730111169051,-0.0605551707384804,-0.0567792386406563
0.938350255913746,-0.270260744505661,0.376908302252555,-0.146958086392056,-0.0575437322654922,-0.0593768838548865
0.936884665879271,-0.270821141850858,0.376301528526691,-0.146154735636892,-0.0545364745215969,-0.0619785339087322
0.935427264165897,-0.271351489565574,0.375668718020224,-0.145320495763181,-0.0515338873953561,-0.0645842501223631
0.933978357441521,-0.271851836783682,0.375009829769977,-0.144455812979192,-0.0485364555125322,-0.0671940925265266
0.932538247865549,-0.272322237458469,0.374324822218818,-0.143561142764104,-0.0455446581864692,-0.0698081201013311
0.931107232996457,-0.272762750309692,0.373613653226955,-0.142636949818012,-0.0425589693033277,-0.0724263898808998
0.929685605699879,-0.27317343876742,0.372876280094308,-0.141683707994521,-0.0395798570391129,-0.0750489576314743
0.928273654057556,-0.273554370915068,0.372112659565881,-0.140701900199076,-0.0366077839012799,-0.0776758778164627
0.926871661277462,-0.273905619432542,0.371322747853824,-0.139692018253321,-0.0336432066357944,-0.0803072031462918
0.925479905605184,-0.274227261537425,0.370506500647458,-0.138654562812701,-0.030686576000791,-0.0829429850211484
0.924098660235587,-0.274519378924315,0.369663873133982,-0.137590043366112,-0.0277383366260196,-0.0855832726148851
0.922728193225203,-0.274782057703422,0.368794820016216,-0.13649897801859,-0.0247989270221018,-0.0882281137822626
0.921368767407264,-0.275015388338628,0.367899295525067,-0.135381893351481,-0.0218687793027143,-0.0908775548178492
0.920020640306552,-0.27521946558217,0.366977253437441,-0.134239324459515,-0.0189483191089225,-0.0935316404630464
0.91868406405515,-0.275394388411071,0.3660286470911,-0.133071814726644,-0.0160379657066217,-0.0961904134019875
0.917359285310668,-0.27554025996121,0.365053429409252,-0.131879915673501,-0.0131381314840792,-0.0988539142643257
0.916046545175081,-0.275657187457118,0.364051552914659,-0.130664186866744,-0.010249221873177,-0.101522182348277
0.914746079114884,-0.275745282143913,0.363022969746159,-0.129425195853845,-0.00737163553088924,-0.104195255142375
0.913458116881894,-0.275804659218485,0.36196763167763,-0.128163517925127,-0.00450576410490438,-0.106873168059598
0.912182882437375,-0.275835437757574,0.36088549014057,-0.126879735941093,-0.00165199183402245,-0.109555954161667
0.910920593876097,-0.275837740642907,0.359776496244079,-0.125574440283682,0.00118930443364186,-0.112243645220798
0.909671463352442,-0.275811694488146,0.358640600786867,-0.12424822862917,0.00401775525225851,-0.114936270924814
0.908435697007985,-0.275757429563108,0.357477754285208,-0.12290170584937,0.00683299882689593,-0.117633858595987
0.907213494900711,-0.275675079717088,0.356287906988561,-0.121535483698444,0.00963468109274075,-0.120336434034237
0.906005050937094,-0.275564782300255,0.355071008900807,-0.120150180820179,0.0124224559989047,-0.12304402043506
0.904810552803057,-0.275426678082855,0.35382700980579,-0.118746422502882,0.0151959855276137,-0.125756638900055
0.903630181900283,-0.275260911174661,0.352555859284229,-0.117324840386503,0.017954939919935,-0.128474308777444
0.902464113281989,-0.275067628940776,0.351257506734872,-0.115886072436171,0.0206989977735394,-0.131197047101168
0.901312515593682,-0.274846981918818,0.34993190139678,-0.114430761998003,0.0234278460999918,-0.133924868883747
0.900175551017485,-0.274599123732533,0.348578992369377,-0.112959559069904,0.0261411806686422,-0.136657786839631
0.899053375198801,-0.274324211003542,0.347198728638352,-0.111473120313003,0.0288387061816405,-0.139395811108776
0.897946137198795,-0.274022403261564,0.345791059097153,-0.109972105398934,0.0315201362720195,-0.142138950210014
0.896853979461004,-0.273693862855429,0.344355932563081,-0.108457179534519,0.0341851935499585,-0.144887210446199
0.895777037739772,-0.273338754860911,0.342893297805518,-0.106929014259104,0.0368336101131997,-0.147640595304765
0.89471544105653,-0.272957246984663,0.341403103571006,-0.105388284846581,0.0394651276218787,-0.150399105761577
0.893669311657459,-0.272549509469312,0.33988529860694,-0.103835671109714,0.0420794972796415,-0.153162741020827
0.8926387649686,-0.272115714996036,0.338339831675576,-0.102271857139867,0.0446764802532064,-0.155931498577779
0.891623909556571,-0.2716560385839,0.336766651578828,-0.100697530628171,0.0472558477429855,-0.15870537289061
0.890624847093464,-0.271170657489409,0.335165707186146,-0.0991133829037182,0.0498173811794269,-0.161484356471506
0.889641672319702,-0.270659751102353,0.333536947450246,-0.0975201088166988,0.0523608724262073,-0.164268439575844
0.888674473013818,-0.270123500841015,0.331880321438824,-0.0959184057048772,0.0548861240598059,-0.167057609193849
0.88772332996256,-0.269562090043421,0.330195778357221,-0.0943089754745801,0.0573929494518907,-0.169851851321002
0.886788316923004,-0.268975703859329,0.328483267558089,-0.0926925195838285,0.0598811730700119,-0.172651149502828
0.885869500647964,-0.268364529136454,0.326742738576677,-0.0910697404989653,0.0623506308024148,-0.175455484583753
0.884966940831897,-0.267728754306715,0.324974141144725,-0.0894413456626314,0.0648011699540723,-0.178264835917957
0.884080690094551,-0.267068569270474,0.323177425215251,-0.0878080427647681,0.0672326496289522,-0.181079179912412
0.88321079397564,-0.266384165276532,0.321352540989021,-0.0861705400257546,0.0696449410422586,-0.183898490876443
0.882357290930448,-0.265675734800213,0.319499438929693,-0.0845295462129593,0.0720379277440628,-0.186722741974038
0.881520212325327,-0.26494347141822,0.317618069778561,-0.0828857700439766,0.0744115059421483,-0.189551904083119
0.880699582442681,-0.26418756968108,0.315708384581371,-0.0812399197476104,0.0767655846991862,-0.192385945899604
0.879895418484674,-0.263408224983101,0.313770334704945,-0.0795927029450712,0.0791000862732322,-0.195224834105534
0.879107730584274,-0.262605633428774,0.311803871861151,-0.0779448257545182,0.0814149463795011,-0.198068533436821
0.878336521822089,-0.26177999169625,0.309808948118707,-0.0762969925483391,0.0837101147497727,-0.20091700770181
0.877581788245789,-0.260931496900699,0.307785515917187,-0.0746499053123793,0.0859855535288638,-0.203770218619823
0.876843518898084,-0.260060346458597,0.305733528092165,-0.0730042630836999,0.0882412429245042,-0.206628125446799
0.876121695847549,-0.259166737890812,0.303652937892921,-0.0713607614876757,0.0904771782323193,-0.209490686526685
0.875416294226796,-0.25825086871901,0.301543698987431,-0.0697200919848548,0.092693366516388,-0.212357859510073
0.874727282277169,-0.257312936303275,0.299405765476314,-0.0680829412920585,0.0948898324617064,-0.215229600047908
0.874054621399069,-0.25635313767582,0.297239091912517,-0.0664499907411992,0.0970666170952657,-0.218105862392817
0.873398266210061,-0.255371669374714,0.295043633309327,-0.0648219154223852,0.0992237782225782,-0.22098660008532
0.872758164610895,-0.254368727274303,0.292819345149825,-0.0631993835380147,0.101361390974047,-0.223871765668839
0.872134257857576,-0.253344506408072,0.290566183395934,-0.0615830556567222,0.103479548372189,-0.226761310838798
0.871526480642556,-0.252299200788748,0.288284104496202,-0.0599735837905109,0.105578361700704,-0.229655186630264
0.870934761184801,-0.251233003221258,0.285973065391273,-0.0583716104340239,0.107657961365683,-0.232553343590398
0.870359021330203,-0.250146105107789,0.283633023521024,-0.0567777675653687,0.109718497618077,-0.235455731098888
0.86979917666184,-0.24903869624725,0.281263936834116,-0.0551926755447361,0.111760140848824,-0.238362298679862
0.86925513662185,-0.247910964630641,0.278865763780468,-0.0536169420773683,0.113783082615792,-0.241272995851337
0.868726804642835,-0.246763096222974,0.276438463321569,-0.0520511611264062,0.115787536443114,-0.244187771163033
0.868214078292202,-0.24559527474262,0.273981994930142,-0.0504959115525047,0.117773738485703,-0.247106574057938
0.867716849430096,-0.244407681427425,0.271496318584284,-0.0489517556873413,0.119741948733494,-0.250029353236943
0.867235004383505,-0.243200494794398,0.268981394780454,-0.0474192374702813,0.121692451485814,-0.252956057323027
0.866768424137925,-0.24197389039374,0.266437184521238,-0.0458988812051971,0.123625555855915,-0.25588663578582
0.86631698453878,-0.240728040550718,0.263863649318372,-0.0443911902046133,0.125541598608773,-0.25882103753635
0.865880556513237,-0.239463114080558,0.261260751194343,-0.0428966444210033,0.127440944047317,-0.261759211490935
0.86545900631382,-0.238179276024045,0.258628452681761,-0.0414156985935154,0.129323983566378,-0.264701106810509
0.865052195780538,-0.236876687357891,0.255966716821498,-0.0399487799637076,0.131191138825053,-0.267646672422042
0.864659982629047,-0.23555550467965,0.253275507169287,-0.03849628588405,0.13304286477543,-0.270595856517112
0.864282220760229,-0.23421587987339,0.250554787801883,-0.0370585814521742,0.134879647686102,-0.273548606638728
0.863918760596891,-0.232857959808066,0.247804523324622,-0.0356359967629555,0.136702006195518,-0.276504869542085
0.863569449448575,-0.231481885980365,0.245024678882948,-0.0342288237539553,0.138510495632953,-0.279464590058272
0.863234131909525,-0.23008779415207,0.242215220186569,-0.032837313143417,0.140305708221479,-0.282427710792283
0.862912650286209,-0.228675813973886,0.239376113531521,-0.0314616710474472,0.142088273510841,-0.285394171320783
0.862604845063854,-0.227246068608804,0.236507325840173,-0.0301020549818854,0.143858860751259,-0.288363906930016
0.862310555410996,-0.225798674306448,0.233608824704648,-0.0287585701499245,0.145618183695786,-0.29133684807378
0.862029619724268,-0.224333739966991,0.230680578442216,-0.0274312648119852,0.147366996892822,-0.294312919179346
0.861761876222377,-0.222851366744856,0.227722556164725,-0.0261201256535384,0.149106097023886,-0.297292036171081
0.861507163584426,-0.221351647579981,0.224734727876342,-0.0248250729385005,0.15083633085286,-0.3002741048479
0.861265321641399,-0.219834666700408,0.221717064578706,-0.0235459552537074,0.15255859252525,-0.303259019159595
0.861036192119901,-0.218300499166075,0.218669538406844,-0.0222825437240861,0.154273822740476,-0.306246658246256
0.860819619450396,-0.216749210370124,0.215592122788869,-0.0210345254201858,0.155983015015783,-0.309236883658245
0.860615451639191,-0.215180855504671,0.212484792641087,-0.0198014970362222,0.157687214901649,-0.312229535670296
0.860423541204122,-0.213595479052183,0.209347524597744,-0.0185829585004043,0.159387519914469,-0.315224429792803
0.860243746180117,-0.211993114243786,0.206180297280285,-0.0173783048258432,0.161085082716068,-0.318221352169704
0.860075931210593,-0.210373782515804,0.202983091617684,-0.016186818361294,0.162781108981809,-0.321220054297403
0.859919968706945,-0.208737492980442,0.199755891219078,-0.0150076617498118,0.164476859048818,-0.324220247737489
0.859775740091135,-0.20708424186382,0.196498682803176,-0.0138398685169567,0.166173648925454,-0.327221597830096
0.859643137133068,-0.205414011969029,0.193211456696132,-0.0126823343609431,0.167872846989646,-0.330223716547333
0.85952206337102,-0.203726772155531,0.189894207403733,-0.0115338080672854,0.16957587372119,-0.333226154539293
0.859412435630334,-0.202022476822013,0.186546934267119,-0.0103928821695721,0.171284200138369,-0.336228392737418
0.859314185629508,-0.200301065421257,0.183169642205521,-0.00925798368059405,0.172999343693907,-0.339229832736197
0.859227261684083,-0.198562462015238,0.179762342562479,-0.00812736495521694,0.174722864576783,-0.342229786505052
0.859151630498632,-0.19680657486471,0.17632505405459,-0.00699909373901004,0.176456362186819,-0.345227465365273
0.85908727906984,-0.195033296067407,0.172857803840048,-0.00587104235592585,0.178201468003092,-0.348221967665919
0.8590342166782,-0.19324250128034,0.169360628710798,-0.0047408809859562,0.179959837846533,-0.35121226608653
0.858992476942802,-0.191434049513926,0.165833576416985,-0.0036060698668217,0.181733143139617,-0.354197193976555
0.858962119974048,-0.189607783031003,0.162276707131393,-0.00246384889020367,0.183523060634256,-0.357175431007305
0.858943234620742,-0.187763527348499,0.158690095060653,-0.00131122934516983,0.185331259940076,-0.360145488199126
0.858935940742831,-0.185901091378945,0.155073830208505,-0.000145001312817718,0.187159390999594,-0.363105692514021
0.858940391486712,-0.184020267698456,0.151428020294645,0.00103829609116027,0.189009066577287,-0.366054171163752
0.858956775895857,-0.182120833022777,0.147752792831041,0.00224236447560858,0.1908818448798,-0.368988835870944
0.858985321089125,-0.180202548820164,0.144048297354894,0.0034711282525168,0.192779212523849,-0.371907367281723
0.859026294679756,-0.178265162154237,0.140314707815571,0.00472875910242808,0.194702560554235,-0.374807199868193
0.859080007184764,-0.176308406748676,0.136552225108269,0.006019665333367,0.196653161535652,-0.377685507695938
0.859146814355521,-0.174332004294705,0.132761079745204,0.00734848347980201,0.19863214589547,-0.38053919117357
0.8592271194065,-0.172335665993186,0.128941534652186,0.00872006832904156,0.200640476199154,-0.383364865414653
0.859321375148442,-0.170319094377923,0.125093888071349,0.0101394820141774,0.202678918995778,-0.386158850576749
0.859430085990083,-0.168281985409907,0.121218476550417,0.011611979493582,0.204748017485213,-0.388917164338296
0.859553809779596,-0.166224030853896,0.117315677993671,0.0131429900352997,0.206848063036418,-0.391635517179063
0.859693159435015,-0.164144920936304,0.113385914744623,0.0147380943985871,0.20897906735596,-0.394309310759168
0.859848804339801,-0.162044347279086,0.109429656668922,0.0164030008680007,0.211140735082863,-0.396933639542107
0.860021471489974,-0.159922006103118,0.105447424203148,0.018143518944823,0.213332437620399,-0.399503296086482
0.860211946356922,-0.157777601681541,0.101439791332357,0.0199655287191149,0.21555318936093,-0.402012779864884
0.86042107342953,-0.155610850018854,0.0974073884605967,0.0218749481911386,0.217801626242132,-0.404456310181295
0.860649756430697,-0.153421482732067,0.0933509051314367,0.0238777007243184,0.220075986953817,-0.406827842785941
0.860898958200307,-0.151209251101364,0.0892710925679124,0.0259796801652862,0.222374098092003,-0.409121089669664
0.861169700220316,-0.148973930243916,0.0851687659957622,0.0281867154830346,0.224693364526299,-0.411329542462457
0.861463061792197,-0.146715323362496,0.0810448067191662,0.0305045354284267,0.227030763397032,-0.413446498303927
0.86178017885617,-0.144433266035132,0.0769001639275029,0.0329387335084517,0.229382843006725,-0.41546508790929
0.862122242477814,-0.142127630482178,0.0727358562131648,0.0354947361725802,0.231745727717899,-0.41737830481092
0.862490497022,-0.139798329764956,0.0685529727947844,0.038177771507819,0.234115126781374,-0.419179035386336
0.862886238016911,-0.137445321872925,0.0643526744383414,0.0409928394914828,0.23648634808615,-0.420860088516962
0.863310809740094,-0.135068613647259,0.0601361940919164,0.0439446859251631,0.238854316857157,-0.422414223467619
0.863765602559464,-0.132668264500702,0.0559048372487893,0.0470377795362146,0.241213597309367,-0.423834176111739
0.864252050057886,-0.130244389908243,0.0516599820624022,0.0502762912018316,0.243558417202404,-0.425112682089245
0.864771625959891,-0.127797164638634,0.0474030792487349,0.0536640756589688,0.245882694472642,-0.426242496165302
0.865325840889101,-0.125326825717411,0.0431356518151444,0.0572046553031204,0.24818006444179,-0.427216407476284
0.865916238970418,-0.122833675116769,0.0388592946592175,0.0609012059131008,0.250443906849564,-0.428027250241807
0.86654439429561,-0.120318082183179,0.0345756740830873,0.0647565424164376,0.252667371133751,-0.428667910028785
0.867211907240795,-0.117780485824685,0.0302865272652161,0.0687731046716624,0.254843399047617,-0.429131326103766
0.867920400646066,-0.115221396487855,0.0259936617264218,0.0729529428144606,0.256964744114026,-0.429410490244193
0.868671515810178,-0.112641397957765,0.0216989548231888,0.077297693212187,0.259023987400184,-0.42949844268496
0.869466908283918,-0.110041149038401,0.0174043532893094,0.0818085735089873,0.261013543838727,-0.429388266834264
0.87030824359667,-0.107421385194566,0.0131118728285691,0.0864863458551544,0.262925668841616,-0.429073084652167
0.871197192396613,-0.104782920114618,0.00882359774531167,0.0913312733118622,0.264752460418591,-0.428546053739829
0.872135425416466,-0.102126647332759,0.00454168058801904,0.0963431024368802,0.26648585036463,-0.427800368339673
0.873124608063453,-0.099453541930891,0.00026834175024677,0.101521011678867,0.268117595450797,-0.426829267130805
0.874166394474161,-0.0967646623480023,-0.00399413104415661,0.106863561831563,0.269639265360101,-0.425626048554749
0.87526242110163,-0.0940611523172645,-0.0082433834555816,0.112368645047693,0.27104222924022,-0.424184096358721
0.876414299714625,-0.0913442429384034,-0.012476995561658,0.118033421583267,0.272317642613869,-0.422496917561586
0.87762360977768,-0.0886152548682216,-0.0166924833336427,0.123854261721226,0.273456437156442,-0.420558193601278
0.878891890245524,-0.0858756005906175,-0.020887300693617,0.129826679909492,0.274449315428872,-0.418361845040971
0.880220630669895,-0.0831267867038733,-0.0250588422890267,0.135945274224804,0.275286753049167,-0.415902111040947
0.881611261795594,-0.0803704161413071,-0.0292044471395935,0.142203674989768,0.27595901018616,-0.413173643678665
0.883065145609943,-0.0776081902189982,-0.0333214032893023,0.148594493532794,0.276456155199273,-0.410171614431228
0.884583564959983,-0.074841910379487,-0.0374069535781173,0.155109284920947,0.276768101717705,-0.406891831367842
0.886167712856486,-0.0720734794924959,-0.0414583026298183,0.161738524625197,0.276884660758725,-0.403330864651758
0.887818681652819,-0.0693049025544751,-0.0454726251223277,0.168471607614334,0.276795608434116,-0.399486176923366
0.889537452305438,-0.0665382866344893,-0.0494470753649375,0.17529686228635,0.276490769471265,-0.395356253084179
0.891324883862744,-0.0637758399060137,-0.0533787981516772,0.18220158860487,0.275960115702694,-0.39094072569207
0.893181703493268,-0.0610198696294184,-0.0572649408302987,0.189172121969056,0.27519387766694,-0.386240491121806
0.895108497245319,-0.05827277895795,-0.0611026664563706,0.196193920791543,0.274182667404906,-0.381257809749556
0.897105701822995,-0.0555370624775015,-0.0648891678518691,0.2032516767145,0.272917608542452,-0.375996385935006
0.899173597545396,-0.0528153004209412,-0.0686216823505463,0.210329445980316,0.271390470607086,-0.37046142529183
0.901312302756287,-0.0501101515381783,-0.0722975069760558,0.217410803880837,0.269593802636308,-0.364659661488383
0.90352176984786,-0.0474243446508722,-0.0759140137305566,0.224479014910965,0.267521062284184,-0.358599354737042
0.905801783062774,-0.0447606689597781,-0.0794686647319086,0.231517215446883,0.265166734626703,-0.352290258771825
0.908151958115961,-0.0421219632387934,-0.0829590268180112,0.238508592291507,0.262526436030945,-0.345743549156881
0.910571743595328,-0.0395111040661738,-0.0863827852960504,0.245436565391641,0.259597002671519,-0.338971726693204
0.913060424245651,-0.0369309932714694,-0.0897377566100773,0.252284977071065,0.256376556784405,-0.331988494461211
0.915617126068348,-0.0343845448486837,-0.0930218996213748,0.259038262109649,0.252864548541808,-0.324808605574728
0.91824082301829,-0.0318746715613167,-0.0962333252700591,0.265681602048224,0.249061774826035,-0.317447693327286
0.920930345188134,-0.0294042714875906,-0.0993703044707581,0.272201063282972,0.244970372692084,-0.309922087451193
0.923684388238904,-0.0269762147526348,-0.102431274115733,0.278583710492143,0.240593788558699,-0.302248621383743
0.926501523865611,-0.0245933306853845,-0.105414841138742,0.284817699241778,0.235936724501361,-0.294444437404672
0.929380211063176,-0.0222583956130689,-0.108319784636946,0.290892342731974,0.231005065190897,-0.286526794448203
0.932318807919015,-0.019974121473544,-0.111145056109503,0.296798150294579,0.225805787220331,-0.278512884142392
0.935315583674017,-0.0177431454103609,-0.11388977791505,0.302526845169673,0.22034685466188,-0.270419659504148
0.938368730863324,-0.0155680204603987,-0.116553240094435,0.308071359376537,0.214637104959256,-0.262263679368789
0.941476377278745,-0.0134512074208347,-0.119134895726285,0.313425806861094,0.208686128191249,-0.254060971392403
0.944636597591317,-0.0113950679402002,-0.121634355015896,0.31858544059125,0.202504143127678,-0.245826915470489
0.947847424457017,-0.00940185885182649,-0.124051378321251,0.323546593998194,0.196101873776885,-0.237576148186416
0.95110685898811,-0.00747372772302082,-0.126385868330796,0.328306612765362,0.189490429717577,-0.229322488270728
0.954412880495903,-0.00561270957981246,-0.128637861598197,0.332863777334749,0.18268119083187,-0.221078882931874
0.957763455423206,-0.00382072474959577,-0.130807519639575,0.337217219432051,0.175685699991461,-0.212857372919517
0.961156545433969,-0.00209957772820019,-0.132895119764841,0.341366837512984,0.168515564895093,-0.204669074902959
0.964590114652753,-0.00045095698616052,-0.134901045819298,0.345313210575172,0.161182368940008,-0.196524180215366
0.968062136041469,0.00112356438694515,-0.136825778978404,0.34905751356974,0.153697592712764,-0.188431966521146
0.971570596955239,0.00262252730620115,-0.138669888717618,0.35260143688023,0.14607254615728,-0.180400820874325
0.975113503907261,0.00404458468754708,-0.140434024063419,0.355947109419618,0.13831831056624,-0.172438272699904
0.978688886591253,0.00538849891264332,-0.142118905209907,0.359097026747529,0.130445690793672,-0.164551032836407
0.982294801213219,0.00665313886598035,-0.143725315550596,0.362053985562353,0.122465176693729,-0.156745038606408
0.985929333203685,0.00783747662532857,-0.145254094190377,0.364821024569957,0.114386912824203,-0.14902550311767
0.98959059936488,0.00894058389271205,-0.14670612895233,0.36740137112108,0.10622067635509,-0.141396965480078
0.993276749518646,0.00996162823739924,-0.148082349896816,0.369798394512653,0.0979758614935211,-0.133863342782657
0.996985967717655,0.0108998692144404,-0.149383723362016,0.37201556534753,0.0896614701430428,-0.126427982083998
1.0007164730801,0.0117546544166837,-0.150611246518414,0.374056420825916,0.0812861075523022,-0.119093711092067
1.00446652030423,0.0125254155058615,-0.151765942421671,0.375924535227293,0.072857982819918,-0.111862887156724
1.00823439991018,0.0132116642694245,-0.152848855545694,0.377623494821365,0.0643849126842719,-0.104737444189694
1.01201843825628,0.0138129887251759,-0.153861047772309,0.379156878264925,0.0558743279041168,-0.0977189370417035
1.0158169973791,0.0143290493069796,-0.154803594810573,0.380528239614156,0.0473332826314373,-0.090808582936831
1.01962847468203,0.0147595751516113,-0.155677583017022,0.381741097482469,0.03876846517972,-0.0840073005353353
1.02345130253713,0.0151043605003238,-0.156484106590757,0.382798924041301,0.0301862103662151,-0.0773157449897454
1.02728394777586,0.0153632612309386,-0.157224265098754,0.38370514035777,0.0215925129037198,-0.070734340147458
1.03112491116638,0.0155361915222165,-0.157899161318894,0.384463108929235,0.0129930404019865,-0.0642633091000781
1.034972726808,0.0156231206526732,-0.158509899370427,0.38507613884216,0.00439314786033417,-0.0579027013144626
1.03882596160934,0.0156240699420285,-0.159057583084971,0.385547473759214,-0.00420210994183241,-0.0516524119898684
1.04268321456939,0.0155391098179221,-0.159543314581094,0.385880299339064,-0.012787962543393,-0.0455122105156409
1.04654311630969,0.0153683570594447,-0.159968193135978,0.386077743739629,-0.0213599085975072,-0.039481758014542
1.05040432837619,0.015111972143621,-0.160333314119552,0.386142872216971,-0.0299137091986658,-0.0335606158716209
1.05426554276248,0.0147701566780774,-0.160639768114639,0.386078707504443,-0.0384453728294085,-0.0277482690869616
1.05812548144634,0.0143431510180873,-0.160888640227135,0.385888222956368,-0.0469511408791161,-0.0220441371942123
1.06198289589578,0.0138312319712707,-0.161081009454487,0.385574344638723,-0.0554274793708407,-0.0164475813487699
1.0658365666241,0.0132347106092998,-0.161217948164373,0.385139955667301,-0.063871067891137,-0.01095791594479
1.06968530278214,0.0125539301798897,-0.161300521668101,0.384587902305525,-0.0722787900435315,-0.00557441642579756
1.07352794181384,0.0117892641150375,-0.161329787862895,0.383920995631526,-0.0806477237343542,-0.000296325477589204
1.07736334910965,0.0109411141294862,-0.161306796929936,0.3831420168798,-0.0889751336138864,0.00487714212724692
1.08119041774149,0.0100099083856544,-0.161232591075587,0.38225371850527,-0.0972584640490879,0.00994679541745789
1.08500806815701,0.00899609974118919,-0.161108204309872,0.381258826550486,-0.105495330083627,0.0149134643929884
1.08881524797255,0.00790016407237811,-0.160934662248549,0.38016004776879,-0.113683512954794,0.0197779972350048
1.09261093176508,0.00672259848254398,-0.160712981938632,0.378960067748592,-0.121820998552364,0.0245412600645082
1.09639412086735,0.00546391962927131,-0.160444171690006,0.377661552753411,-0.129905830072092,0.0292041320902941
1.10016384319196,0.00412466340544584,-0.160129230956754,0.376267152077738,-0.137936207083395,0.0337675080606182
1.10391915306432,0.00270538224554775,-0.159769150146869,0.374779500767012,-0.145910559993412,0.0382323005077784
1.10765913109115,0.00120664388104243,-0.159364910474912,0.37320121725204,-0.153827413522322,0.04259943632502
1.11138288396525,-0.000370969881490579,-0.158917483802586,0.371534903018927,-0.161685427287063,0.0468698593080816
1.11508954432798,-0.00202686449177889,-0.158427832466268,0.369783144149215,-0.169483392405834,0.051044530853075
1.11877827058395,-0.0037604339539024,-0.157896909096692,0.367948508336855,-0.177220228045495,0.0551244308353379
1.12244824673477,-0.00557106208732468,-0.157325656429018,0.366033546773902,-0.184894977282776,0.0591105587539963
1.12609868219839,-0.00745812374608473,-0.156715007096937,0.364040791010068,-0.192506803685644,0.0630039358547159
1.12972881158058,-0.00942098600917082,-0.156065883404674,0.361972744802057,-0.200054987687859,0.0668056069094754
1.13333789438813,-0.0114590093309895,-0.155379197089927,0.359831888640162,-0.207538924229284,0.0705166403737245
1.1369252148449,-0.0135715486779406,-0.154655849081998,0.357620681688096,-0.214958119168233,0.0741381301788396
1.14049008159766,-0.0157579546073474,-0.153896729234817,0.355341549079828,-0.222312185141757,0.0776711972227286
1.14403182737294,-0.0180175743328195,-0.15310271605741,0.352996881895343,-0.229600839844069,0.0811169901005971
1.14754980863034,-0.0203497527482534,-0.152274676426294,0.350589034496402,-0.236823900830102,0.0844766867337747
1.15104340516873,-0.0227538334074103,-0.151413465290521,0.348120320083896,-0.243981282264639,0.0877514948506025
1.15451201970056,-0.0252291594768249,-0.150519925369535,0.345593007316677,-0.251072991692649,0.0909426527260936
1.15795507738602,-0.0277750746480612,-0.149594886846906,0.343009316783459,-0.258099126136562,0.0940514291769887
1.1613720253353,-0.0303909240152558,-0.148639167064099,0.340371416772307,-0.265059868214608,0.0970791240608128
1.16476233206142,-0.0330760549059579,-0.147653570207947,0.337681419411847,-0.271955481245569,0.100027068144712
1.16812548690523,-0.0358298176691808,-0.1466388870061,0.334941377072048,-0.278786305797992,0.102896622653343
1.17146099941344,-0.0386515664295022,-0.145595894422053,0.332153278275553,-0.285552755377255,0.105689178916182
1.17476839868728,-0.04154065978913,-0.14452535536065,0.329319044664415,-0.292255311361257,0.108406157233336
1.17804723269306,-0.04449646148543,-0.143428018383264,0.326440527032349,-0.298894518561765,0.111049005713197
1.18129706753678,-0.0475183410000597,-0.142304617437446,0.323519501986405,-0.305470980195667,0.113619198807923
1.18451748670699,-0.0506056741191121,-0.141155871599039,0.320557668991431,-0.311985353196366,0.116118236258847
1.18770809029168,-0.0537578434466765,-0.139982484829028,0.317556648170887,-0.318438343347664,0.118547640619688
1.19086849417325,-0.0569742388672674,-0.138785145759498,0.314517977712956,-0.324830700104484,0.120908955060541
1.19399832919414,-0.0602542579564978,-0.137564527493558,0.311443111092708,-0.331163211319945,0.123203741707414
1.19709724030356,-0.0635973063380298,-0.136321287430436,0.3083334162544,-0.337436697879789,0.125433578747494
1.20016488569707,-0.0670027979905059,-0.135056067118398,0.305190173888208,-0.343652009277821,0.127600057755297
1.2032009359337,-0.0704701555109317,-0.133769492134446,0.302014576233663,-0.349810018681639,0.129704780914597
1.20620507305341,-0.0739988103219536,-0.132462171992826,0.298807726962239,-0.355911617108652,0.131749358121796
1.20917698968559,-0.0775882028252936,-0.131134700082105,0.295570640256517,-0.361957708746548,0.133735404138125
1.21211638815664,-0.0812377825115171,-0.129787653631776,0.292304241653567,-0.367949206201521,0.135664535446946
1.21502297960902,-0.0849470080182534,-0.128421593711693,0.289009368733083,-0.373887025633175,0.137538366969218
1.21789648312276,-0.088715347145309,-0.127037065263207,0.285686771736255,-0.379772082571066,0.139358508978609
1.22073662485013,-0.0925422768253722,-0.125634597161015,0.282337115059742,-0.385605287253893,0.141126564008377
1.22354313716463,-0.0964272830486032,-0.124214702305176,0.278960978916935,-0.391387540305002,0.142844124038524
1.22631575783033,-0.100369860745634,-0.122777877741579,0.275558861603033,-0.397119728374724,0.144512767258265
1.22905422919501,-0.104369513635545,-0.121324604816096,0.272131181989655,-0.402802722925911,0.146134055188408
1.23175829740751,-0.108425754052198,-0.119855349353505,0.268678281757311,-0.408437372392876,0.147709529889076
1.23442771166082,-0.112538102684356,-0.118370561867771,0.265200428842666,-0.414024502540459,0.149240711170097
1.23706222347278,-0.116706088374096,-0.11687067779568,0.261697820541668,-0.419564914269927,0.15072909413281
1.23966158599321,-0.120929247802195,-0.115356117756548,0.258170586773249,-0.425059375869851,0.152176146954522
1.24222555335106,-0.12520712518331,-0.113827287830798,0.254618793900107,-0.430508625034575,0.153583308735362
1.2447538800355,-0.129539271940635,-0.112284579864645,0.25104244835472,-0.435913365428993,0.154951986827588
1.24724632031781,-0.13392524635625,-0.110728371787371,0.247441500749516,-0.441274264926775,0.156283558061494
1.24970262771219,-0.138364613205359,-0.109159027940759,0.243815849703025,-0.446591953971276,0.157579359109101
1.25212255447604,-0.142856943374467,-0.107576899507236,0.240165345972259,-0.451867024243621,0.158840690478716
1.25450585115193,-0.147401813469448,-0.105982324800672,0.23648979641759,-0.457100027776427,0.160068821867522
1.25685226614747,-0.151998805414129,-0.104375629646096,0.232788967898701,-0.462291475955002,0.161264981188761
1.25916154535671,-0.1566475060408,-0.10275712779288,0.229062591568041,-0.467441839131985,0.162430356437476
1.26143343182401,-0.16134750667942,-0.101127121303077,0.225310366979494,-0.472551546349369,0.163566096618661
1.26366766544727,-0.166098402742428,-0.0994859009517161,0.22153196591383,-0.477620985132593,0.164673310018891
1.26586398271903,-0.170899793310791,-0.0978337466326215,0.217727036149965,-0.482650501639637,0.165753064954498
1.26802211650504,-0.175751280720915,-0.0961709277566178,0.21389520515125,-0.487640400903873,0.166806389138714
1.27014179585889,-0.180652470156142,-0.0944977036634759,0.21003608359314,-0.492590947345512,0.167834269614207
1.27222274587164,-0.185602969243375,-0.0928143240199872,0.20614926890741,-0.497502365399787,0.168837653710286
1.27426468755748,-0.190602387657542,-0.0911210292200888,0.202234348870423,-0.502374840381942,0.169817448815983
1.27626733777258,-0.195650336734342,-0.0894180507801308,0.19829090447126,-0.507208519233186,0.170774523179002
1.27823040916024,-0.200746429090795,-0.0877056117268801,0.194318512721519,-0.512003511501984,0.171709706570345
1.28015361012682,-0.205890278257927,-0.085983926978656,0.190316749631739,-0.516759890650617,0.172623791067812
1.2820366448441,-0.211081498325232,-0.0842532037178229,0.186285192697022,-0.521477695022962,0.17351753191009
1.28387921327677,-0.216319703594616,-0.0825136417549358,0.182223423425694,-0.526156929046148,0.174391648393829
1.28568101123501,-0.221604508249355,-0.0807654338829594,0.178131029801534,-0.53079756480198,0.175246824913886
1.28744173044898,-0.226935526036469,-0.0790087662206813,0.174007608031742,-0.535399543068735,0.17608371212428
1.28916105865913,-0.2323123699599,-0.0772438185445383,0.169852764378909,-0.539962774852985,0.176902927972645
1.29083867972769,-0.237734651991719,-0.0754707646105568,0.165666117206563,-0.544487142863958,0.177705058842571
1.29247427376628,-0.243201982793904,-0.0736897724632018,0.1614472981517,-0.548972502668579,0.178490660843793
1.29406751727541,-0.248713971455161,-0.0719010047324553,0.157195953782697,-0.553418684281483,0.179260260966782
1.29561808330227,-0.254270225242161,-0.0701046189185989,0.152911746860903,-0.557825493482907,0.180014358395035
1.29712564160524,-0.259870349363967,-0.0683007676641458,0.148594357135409,-0.562192713245698,0.180753425644858
1.29858985883068,-0.265513946751236,-0.0664895990151201,0.144243482598335,-0.566520105093302,0.181477909744389
1.30001039869893,-0.271200617847753,-0.0646712566689074,0.139858840119115,-0.570807410374906,0.182188233603132
1.30138692219547,-0.276929960415593,-0.0628458802096988,0.135440165959243,-0.575054351595407,0.182884797104816
1.30271908776881,-0.282701569353184,-0.0610136053333158,0.130987216664195,-0.57926063378039,0.183567978273786
1.3040065515365,-0.288515036526747,-0.0591745640594806,0.126499769407049,-0.583425945563851,0.18423813447002
1.3052489674917,-0.294369950611752,-0.0573288849331436,0.121977622338892,-0.587549960498821,0.184895603490076
1.30644598771569,-0.300265896949352,-0.0554766932144497,0.117420594810386,-0.591632338216126,0.185540704661032
1.30759726258923,-0.306202457410892,-0.0536181110583845,0.112828527545105,-0.595672725403929,0.186173739867232
1.30870244100853,-0.31217921027548,-0.0517532576838892,0.108201282771895,-0.599670757063809,0.186794994605343
1.30976117059873,-0.318195730117288,-0.049882249532809,0.103538744171085,-0.603626057350107,0.187404738946289
1.31077309793001,-0.324251587702168,-0.0480052004196005,0.0988408169848394,-0.607538240665481,0.188003228454872
1.31173786873197,-0.330346349895712,-0.046122221671777,0.0941074279000468,-0.61140691267249,0.188590705100602
1.312655128108,-0.336479579579461,-0.04423342226159,0.0893385248877695,-0.615231671023748,0.189167398102042
1.31352452074638,-0.342650835575226,-0.0423389089294728,0.0845340769805072,-0.619012106312374,0.189733524739204
1.31434569112981,-0.348859672578742,-0.0404387862993823,0.0796940738740106,-0.622747802770295,0.190289291161802
1.31511828374025,-0.355105641099364,-0.0385331569864046,0.07481852585583,-0.626438339141521,0.190834893094977
1.31584194326608,-0.361388287410583,-0.0366221216978119,0.069907463783981,-0.630083289543452,0.191370516493927
1.31651631480411,-0.367707153505145,-0.0347057793272302,0.0649609383933684,-0.633682223779713,0.191896338250596
1.3171410440565,-0.374061777055707,-0.0327842270420604,0.0599790200174611,-0.637234708269086,0.192412526803288
1.3177157775258,-0.380451691385592,-0.0308575603652344,0.0549617983162258,-0.640740306704331,0.192919242714814
1.31824016270617,-0.386876425442482,-0.028925873251085,0.0499093819126425,-0.644198580404498,0.193416639216294
1.31871384827119,-0.39333550377843,-0.0269892581563259,0.04482189796155,-0.647609089019448,0.193904862685722
1.31913648425713,-0.399828446535799,-0.0250478061059772,0.0396994918579351,-0.650971391034411,0.194384053173627
1.31950772224392,-0.406354769438076,-0.0231016067542927,0.0345423267691314,-0.654285044288287,0.194854344837893
1.31982721552943,-0.412913983785587,-0.0211507484418097,0.0293505831133357,-0.65754960632983,0.19531586634123
1.32009461930186,-0.419505596454714,-0.0191953182482154,0.0241244585328931,-0.66076463499444,0.195768741244918
1.32030959080997,-0.426129109903479,-0.0172354020415836,0.0188641672993644,-0.663929688698709,0.196213088379919
1.32047178952566,-0.432784022178121,-0.0152710845237936,0.0135699397984884,-0.667044326898884,0.196649022203568
1.32058087730479,-0.439469826927156,-0.0133024492729214,0.00824202235256855,-0.670108110501561,0.197076653054923
1.32063651854323,-0.446186013415068,-0.0113295787828954,0.00288067646957504,-0.673120601897575,0.197496087505493
1.32063838032704,-0.452932066540671,-0.00935255449948789,-0.00251382114224345,-0.676081365707009,0.197907428621404
1.32058613258474,-0.459707466861429,-0.00737145685467668,-0.00794117902696852,-0.678989968950835,0.19831077615164
1.32047944822946,-0.466511690617066,-0.00538636529829128,-0.0134010916025287,-0.681845981200308,0.198706226817052
1.32031800330133,-0.473344209757834,-0.0033973583271948,-0.0188932391625842,-0.684648974984702,0.199093874519685
1.32010147710589,-0.480204491974761,-0.00140451351259844,-0.0244172883886206,-0.68739852600713,0.199473810515818
1.3198295523479,-0.487092000733098,0.000592092474392916,-0.0299728928806243,-0.6900942134244,0.199846123605779
1.31950191525944,-0.494006195307492,0.00259238383917305,-0.0355596935934628,-0.692735619993677,0.200210900313557
1.31911825572769,-0.500946530819301,0.00459628564153113,-0.0411773183802108,-0.695322332362158,0.200568225011035
1.31867826742385,-0.507912458277759,0.00660372377484234,-0.0468253831349078,-0.6978539415561,0.200918180081011
1.31818164791653,-0.514903424623577,0.00861462494698952,-0.0525034919984446,-0.700330042634126,0.201260846048565
1.31762809879403,-0.521918872767818,0.0106289166621961,-0.0582112373906539,-0.702750234880253,0.201596301684965
1.31701732577526,-0.528958241638908,0.0126465272041758,-0.0639482003941843,-0.705114122416704,0.201924624129453
1.31634903882575,-0.536020966232525,0.0146673856202589,-0.0697139510942876,-0.707421314855754,0.202245888985787
1.31562295226125,-0.543106477666929,0.0166914217065362,-0.0755080490144714,-0.70967142657137,0.202560170412741
1.31483878485694,-0.550214203224045,0.0187185659937722,-0.0813300430758689,-0.711864076335246,0.202867541201734
1.31399625994797,-0.557343566402952,0.0207487497341889,-0.0871794722564728,-0.713998888930986,0.20316807286778
1.31309510552998,-0.564493986973973,0.0227819048890538,-0.0930558655778893,-0.716075492967172,0.203461835710281
1.31213505435591,-0.571664881022041,0.0248179641167946,-0.0989587426513032,-0.718093524994142,0.20374889887817
1.31111584402974,-0.578855661043004,0.0268568607618901,-0.104887613487857,-0.720052627841362,0.204029330439798
1.3100372171029,-0.586065735969112,0.0288985288442535,-0.110841978910143,-0.721952447851688,0.204303197418543
1.3088989211598,-0.593294511234137,0.0309429030490013,-0.116821331468145,-0.723792638193028,0.204570565843814
1.30770070890425,-0.600541388830502,0.0329899187167776,-0.122825154433398,-0.725572857907758,0.204831500793828
1.30644233825188,-0.60780576737467,0.0350395118344704,-0.128852922800179,-0.727292772460131,0.205086066457686
1.30512357240234,-0.615087042167309,0.0370916190266216,-0.13490410457037,-0.72895205342859,0.205334326170306
1.30374417991872,-0.622384605258651,0.039146177546764,-0.140978158504792,-0.730550379167503,0.20557634239632
1.30230393482321,-0.629697845516433,0.0412031252690085,-0.147074534794309,-0.732087434795038,0.205812176812837
1.30080261666434,-0.637026148691639,0.043262400680641,-0.153192678279337,-0.733562911712517,0.206041890372733
1.29924001056839,-0.644368897477003,0.0453239428747134,-0.159332028188061,-0.734976506699068,0.206265543269896
1.29761590731943,-0.651725471569709,0.0473876915420811,-0.16549201211137,-0.736327925100907,0.20648319484668
1.29593010348036,-0.65909524776526,0.0494535869632527,-0.171672049444193,-0.737616879567348,0.206694903776598
1.29418240142866,-0.666477600008114,0.0515215700029469,-0.177871557017168,-0.738843088348909,0.206900728182334
1.29237260940297,-0.673871899465652,0.0535915821035563,-0.184089945388593,-0.740006277362564,0.207100725465044
1.29050054157251,-0.681277514597708,0.0556635652778708,-0.190326617965556,-0.741106179294911,0.207294952318641
1.28856601810592,-0.688693811227272,0.0577374621024491,-0.196580971564528,-0.742142534167025,0.207483464816106
1.28656886523438,-0.696120152614902,0.0598132157115847,-0.202852396921032,-0.743115089425166,0.20766631842271
1.28450891530876,-0.703555899532031,0.061890769791087,-0.209140279611346,-0.744023599795198,0.207843567979545
1.28238600685146,-0.711000410334315,0.0639700685721421,-0.215443999228271,-0.744867827461388,0.208015267724895
1.28019998462084,-0.71845304103689,0.0660510568253596,-0.221762929577322,-0.745647542065636,0.208181471304608
1.27795069965828,-0.725913145388128,0.0681336798548469,-0.228096440148517,-0.746362520673998,0.208342231773258
1.27563800933541,-0.733380074945249,0.0702178834923869,-0.234443895197137,-0.747012548006166,0.208497601618662
1.27326177740974,-0.74085317915179,0.0723036140918301,-0.240804653373676,-0.747597416665479,0.208647632758119
1.27082187407569,-0.748331805416105,0.0743908185233247,-0.247178068977517,-0.748116926858781,0.208792376544154
1.26831817600476,-0.75581529918599,0.0764794441677996,-0.253563491973635,-0.74857088643502,0.208931883772791
1.26575056639361,-0.763303004028024,0.0785694389113273,-0.259960267522516,-0.748959111256971,0.209066204684675
1.26311893500849,-0.770794261706819,0.0806607511397294,-0.266367736591501,-0.749281425070035,0.209195388989147
1.260423178226,-0.778288412263935,0.0827533297331906,-0.272785236176851,-0.749537659524755,0.209319485841884
1.25766319907203,-0.785784794097219,0.0848471240607022,-0.279212099429155,-0.749727654243912,0.20943854386161
1.25483890726039,-0.79328274404081,0.0869420839748739,-0.285647655586086,-0.749851256859023,0.209552611145269
1.25195021923154,-0.800781597445604,0.0890381598065898,-0.292091230177057,-0.749908323135587,0.209661735254303
1.24899705818805,-0.808280688261451,0.091135302359725,-0.298542145216593,-0.749898717095115,0.209765963225662
1.24597935412925,-0.815779349118901,0.0932334629059091,-0.304999719460163,-0.749822310780395,0.209865341573613
1.24289704388192,-0.823276911408865,0.0953325931793143,-0.311463268607904,-0.749678984317688,0.209959916293238
1.23975007113231,-0.830772705365719,0.0974326453714608,-0.317932105023961,-0.749468626308352,0.210049732857287
1.23653838645797,-0.838266060151539,0.099533572126009,-0.324405538319344,-0.749191133567324,0.210134836226182
1.23326194735229,-0.845756303936973,0.101635326533711,-0.330882875547044,-0.748846411117875,0.210215270854854
1.22992071825235,-0.853242763985344,0.103737862127298,-0.337363421029311,-0.748434372424338,0.210291080684425
1.22651467056422,-0.860724766736348,0.105841132876372,-0.343846476615249,-0.747954939321633,0.210362309150645
1.22304378268806,-0.868201637890108,0.107945093182388,-0.350331341659369,-0.747408042045374,0.210428999186292
1.21950804004153,-0.875672702491051,0.110049697873584,-0.3568173134248,-0.746793619236599,0.210491193215295
1.21590743507804,-0.883137285012246,0.112154902199895,-0.363303687528048,-0.746111617980237,0.210548933153691
1.21224196730454,-0.890594709439708,0.114260661827907,-0.369789757445423,-0.745361993772739,0.210602260417175
1.20851164330596,-0.898044299356785,0.116366932835908,-0.376274814204242,-0.744544710626134,0.210651215932903
1.2047164767649,-0.90548537803048,0.118473671709005,-0.382758147528245,-0.743659741290697,0.210695840133449
1.20085648846531,-0.912917268496578,0.120580835334088,-0.389239047781832,-0.742707066483872,0.210736172941181
1.1969317063336,-0.920339293628654,0.122688380994726,-0.395716790630229,-0.741686672586022,0.210772253772908
1.19294216552701,-0.92775077622578,0.124796266366349,-0.402190671128622,-0.740598562240247,0.210804121601639
1.18888790813038,-0.935151039183749,0.1269044495118,-0.408659985732669,-0.739442745340045,0.210831814899787
1.1847689834546,-0.942539405481905,0.129012888875832,-0.415124007591504,-0.738219233580638,0.210855371602165
1.18058544801097,-0.949915198285616,0.131121543280256,-0.421582019660817,-0.736928051242626,0.210874829187284
1.17633736548459,-0.957277741045485,0.133230371919291,-0.428033304710535,-0.735569230866857,0.210890224645979
1.17202480673266,-0.96462635757885,0.135339334354547,-0.434477144935292,-0.734142813607084,0.210901594476727
1.16764784979908,-0.971960372160095,0.13744839051027,-0.440912821152024,-0.732648849435421,0.210908974702347
1.16320657991877,-0.979279109605294,0.139557500668495,-0.447339614584945,-0.731087396931776,0.210912400860674
1.15870108951258,-0.986581895360366,0.141666625464228,-0.453756806422708,-0.72945852326749,0.210911908005375
1.15413147819331,-0.993868055584863,0.143775725880612,-0.460163677332472,-0.727762304218047,0.210907530716451
1.14949785276569,-1.00113691724078,0.145884763244242,-0.466559508294321,-0.725998824334475,0.210899303097459
1.14480032722255,-1.00838780817778,0.147993699220307,-0.472943580702684,-0.724168176670066,0.210887258767283
1.14003902274193,-1.01562005721964,0.150102495807832,-0.479315176009955,-0.722270462991882,0.210871430876077
1.13521406768648,-1.0228329942509,0.152211115334999,-0.485673576074296,-0.720305793646918,0.210851852102651
1.13032559759509,-1.03002595030211,0.154319520454389,-0.492018063746884,-0.718274287511258,0.210828554647535
1.12537375517507,-1.03719825763582,0.156427674138231,-0.49834792236717,-0.716176072133173,0.210801570244275
1.1203586902975,-1.04434924983328,0.158535539673762,-0.50466243607362,-0.71401128365665,0.210770930155426
1.11528055998622,-1.05147826187987,0.160643080658476,-0.510960890009985,-0.711780066807444,0.21073666517624
1.11013952840945,-1.05858463025153,0.162750260995545,-0.517242570324707,-0.709482574940302,0.210698805643826
1.10493576686709,-1.06566769300011,0.164857044889153,-0.523506764459178,-0.707118969852094,0.210657381421241
1.09966945377812,-1.07272678983804,0.166963396839793,-0.529752761271195,-0.704689421952704,0.210612421915661
1.0943407746655,-1.07976126222517,0.169069281639789,-0.535979850972073,-0.702194110202996,0.210563956077783
1.08894992214339,-1.08677045345265,0.171174664368613,-0.542187325304628,-0.699633221966767,0.210512012390282
1.08349709589931,-1.09375370872809,0.173279510388298,-0.54837447771788,-0.697006953154479,0.210456618885222
1.07798250267806,-1.10071037526058,0.175383785338946,-0.554540603477681,-0.694315508139209,0.21039780314073
1.07240635626148,-1.10763980234492,0.177487455134143,-0.560684999780621,-0.691559099682782,0.210335592277728
1.06676887745006,-1.11454134144542,0.179590485956419,-0.566806965866877,-0.688737948926664,0.210270012963376
1.0610702940402,-1.12141434627993,0.181692844252738,-0.572905803207927,-0.685852285458901,0.210201091420522
1.05531084080336,-1.12825817290436,0.183794496730088,-0.578980815386622,-0.682902347261001,0.21012885342865
1.04949075946328,-1.13507217979568,0.185895410350983,-0.585031308402005,-0.679888380563671,0.210053324312461
1.04361029867091,-1.14185572793452,0.18799555232896,-0.591056590828528,-0.676810639873248,0.209974528957629
1.03766971397849,-1.14860818088812,0.190094890124252,-0.597055973812667,-0.673669388013549,0.209892491812256
1.03166926781374,-1.15532890489301,0.192193391439332,-0.60302877116703,-0.670464895958496,0.209807236879924
1.02560922945167,-1.16201726893613,0.194291024214533,-0.608974299666455,-0.667197442891673,0.209718787727783
1.0194898749848,-1.1686726448375,0.196387756623659,-0.614891878956711,-0.66386731615794,0.209627167482565
1.01331148729489,-1.17529440733078,0.198483557069619,-0.620780831653291,-0.660474811206984,0.209532398843764
1.00707435602103,-1.18188193414502,0.200578394180212,-0.626640483677445,-0.65702023160423,0.209434504084524
1.00077877752696,-1.18843460608472,0.202672236803785,-0.632470164137692,-0.653503888889924,0.20933350504454
0.994425054868845,-1.19495180710986,0.204765054004959,-0.638269205553515,-0.649926102616709,0.209229423138288
0.988013497759966,-1.20143292441588,0.206856815060381,-0.644036943876721,-0.646287200319752,0.209122279358195
0.981544422536815,-1.20787734851293,0.208947489454501,-0.649772718683824,-0.642587517349488,0.209012094268877
0.975018152120767,-1.2142844733036,0.211037046875292,-0.65547587328766,-0.638827396921395,0.208898888017235
0.96843501598212,-1.22065369616236,0.213125457210166,-0.661145754718258,-0.635007190116731,0.208782680339761
0.961795350101066,-1.22698441801296,0.215212690541804,-0.666781713898643,-0.631127255741322,0.20866349055562
0.955099496929012,-1.23327604340585,0.21729871714401,-0.672383105773238,-0.627187960284409,0.208541337569347
0.948347805346698,-1.23952798059458,0.219383507477577,-0.677949289476678,-0.623189677921983,0.208416239877361
0.941540630623216,-1.24573964161278,0.221467032186245,-0.683479628220881,-0.619132790421538,0.208288215570758
0.934678334374262,-1.25191044234907,0.223549262092632,-0.688973489537533,-0.615017687052318,0.208157282335426
0.927761284517819,-1.25803980262252,0.225630168194194,-0.694430245419122,-0.610844764600704,0.208023457451695
0.920789855229764,-1.26412714625725,0.22770972165919,-0.699849272310372,-0.606614427305284,0.207886757804916
0.913764426898829,-1.27017190115688,0.229787893822791,-0.705229951215846,-0.602327086791176,0.207747199887524
0.90668538608029,-1.27617349937764,0.231864656183075,-0.71057166785194,-0.59798316195017,0.207604799790467
0.899553125448113,-1.28213137720101,0.23393998039708,-0.715873812778824,-0.593583078946353,0.207459573217631
0.892368043746298,-1.28804497520616,0.236013838276959,-0.721135781421975,-0.589127271117517,0.207311535484745
0.885130545740154,-1.29391373834124,0.238086201786067,-0.72635697411668,-0.584616178948446,0.207160701520442
0.877841042166593,-1.29973711599496,0.240157043035145,-0.731536796222583,-0.58005025002212,0.207007085870561
0.870499949683136,-1.30551456206671,0.242226334278484,-0.736674658302355,-0.575429938894845,0.206850702703582
0.863107690815344,-1.31124553503624,0.2442940479102,-0.741769976150296,-0.570755707071911,0.206691565812834
0.855664693904665,-1.31692949803273,0.246360156460437,-0.746822170848877,-0.566028022908548,0.206529688612665
0.848171393054438,-1.32256591890278,0.248424632591621,-0.751830668941313,-0.561247361538897,0.206365084144673
0.840628228075127,-1.32815427027823,0.250487449094753,-0.756794902466123,-0.556414204867838,0.20619776508539
0.833035644429134,-1.33369402964336,0.252548578885793,-0.761714309008016,-0.551529041439106,0.206027743747581
0.825394093174652,-1.33918467940062,0.25460799500199,-0.766588331870326,-0.546592366366244,0.205855032077638
0.817704030908039,-1.34462570693648,0.256665670598258,-0.771416420069034,-0.541604681304675,0.205679641663989
0.809965919706947,-1.35001660468625,0.258721578943632,-0.776198028398784,-0.536566494371469,0.205501583741853
0.802180227071231,-1.35535687019827,0.26077569341772,-0.780932617615275,-0.531478320011198,0.205320869190223
0.79434742586318,-1.36064600619664,0.262827987507141,-0.785619654510263,-0.526340678960814,0.20513750853326
0.786467994246826,-1.36588352064416,0.264878434802024,-0.790258611908888,-0.521154098171388,0.204951511951064
0.778542415627548,-1.37106892680376,0.266927008992605,-0.794848968790781,-0.515919110747171,0.204762889285277
0.770571178589561,-1.37620174329993,0.268973683865813,-0.799390210357682,-0.51063625582273,0.204571650028375
0.762554776834272,-1.38128149417813,0.271018433301784,-0.803881828014949,-0.50530607852124,0.204377803338817
0.754493709116953,-1.38630770896523,0.273061231270613,-0.808323319621575,-0.499929129927588,0.204181358040473
0.746388479181584,-1.3912799227276,0.275102051828911,-0.812714189565232,-0.494505966851481,0.203982322621455
0.738239595696151,-1.39619767612835,0.277140869116583,-0.817053948621156,-0.489037151843409,0.203780705249093
0.730047572188451,-1.4010605154847,0.279177657353551,-0.821342114156,-0.483523253142297,0.203576513758907
0.721812926978638,-1.40586799282412,0.281212390836465,-0.825578210277643,-0.477964844549778,0.203369755664802
0.713536183112779,-1.41061966593961,0.283245043935545,-0.829761767707179,-0.472362505359864,0.20316043816494
0.705217868295855,-1.41531509844411,0.285275591091384,-0.833892324003644,-0.466716820234026,0.202948568136295
0.696858514822517,-1.41995385982362,0.287304006811778,-0.837969423634504,-0.461028379129169,0.202734152145205
0.688458659508607,-1.42453552549012,0.289330265668682,-0.841992617913117,-0.455297777268896,0.20251719645776
0.680018843622005,-1.4290596768336,0.291354342295177,-0.845961465149756,-0.449525615003116,0.202297707029147
0.671539612812169,-1.43352590127277,0.293376211382338,-0.84987553070529,-0.443712497726777,0.202075689508199
0.663021517039601,-1.43793379230525,0.295395847676245,-0.85373438703881,-0.437859035792592,0.201851149244181
0.654465110504367,-1.4422829495564,0.297413225974973,-0.857537613771058,-0.431965844393986,0.201624091291599
0.645870951574266,-1.44657297882745,0.299428321125693,-0.861284797771194,-0.426033543491682,0.201394520410359
0.637239602711997,-1.4508034921429,0.301441108021713,-0.864975533151447,-0.420062757786267,0.20116244107545
0.628571630402877,-1.45497410779746,0.303451561599708,-0.868609421337861,-0.414054116560447,0.200927857479033
0.619867605080713,-1.45908445040092,0.305459656836811,-0.872186071182978,-0.408008253567455,0.200690773524894
0.611128101053797,-1.46313415092286,0.307465368747796,-0.87570509895762,-0.401925806974171,0.200451192834717
0.602353696430222,-1.46712284673605,0.309468672382253,-0.879166128439195,-0.395807419256348,0.200209118755907
0.593544973042568,-1.47105018165944,0.311469542821914,-0.882568790962013,-0.389653737149977,0.199964554364169
0.584702516372258,-1.47491580599988,0.313467955177914,-0.885912725411597,-0.383465411466875,0.199717502473039
0.575826915473726,-1.4787193765924,0.315463884588218,-0.889197578355965,-0.377243097041735,0.199467965622671
0.566918762897015,-1.4824605568403,0.317457306214768,-0.892423004051546,-0.370987452657163,0.199215946080278
0.557978654611481,-1.48613901675381,0.319448195240947,-0.895588664427092,-0.364699140914698,0.198961445862852
0.549007189928142,-1.48975443298807,0.321436526869035,-0.898694229219544,-0.358378828171957,0.198704466736534
0.540004971421471,-1.49330648888012,0.323422276317727,-0.901739376017434,-0.352027184444626,0.198445010213218
0.530972604850669,-1.49679487448485,0.325405418819517,-0.904723790274136,-0.345644883235637,0.198183077543661
0.52191069908123,-1.50021928660927,0.327385929618186,-0.907647165281651,-0.339232601501987,0.197918669738435
0.512819866006179,-1.50357942884708,0.329363783966449,-0.910509202271047,-0.332791019566308,0.197651787570817
0.503700720466103,-1.50687501161133,0.331338957123545,-0.913309610498732,-0.326320820989229,0.197382431574698
0.494553880168933,-1.51010575216667,0.333311424352861,-0.916048107236059,-0.319822692487962,0.197110602043031
0.48537996560991,-1.51327137465995,0.335281160919512,-0.918724417744847,-0.313297323773408,0.19683629903248
0.476179599991225,-1.51637161014992,0.337248142088062,-0.921338275428096,-0.306745407518017,0.19655952237636
0.46695340914031,-1.51940619663658,0.339212343120303,-0.923889421755299,-0.300167639266675,0.196280271688754
0.45770202142962,-1.52237487908904,0.341173739273012,-0.926377606366118,-0.293564717266303,0.195998546343393
0.448426067693576,-1.52527740947198,0.343132305795503,-0.928802587135918,-0.286937342399112,0.19571434548727
0.439126181147554,-1.52811354677185,0.3450880179276,-0.931164130046576,-0.280286218089758,0.195427668073622
0.429802997305815,-1.53088305702143,0.347040850897592,-0.933462009343702,-0.273612050180238,0.19513851283494
0.420457153898721,-1.53358571332382,0.348990779919965,-0.935696007567517,-0.266915546878923,0.194846878286287
0.411089290790071,-1.53622129587539,0.350937780193363,-0.937865915449496,-0.260197418588213,0.194552762741475
0.40170004989512,-1.53878959198707,0.352881826898528,-0.939971532055671,-0.253458377837368,0.194256164307267
0.39229007509617,-1.54129039610557,0.354822895196287,-0.942012664840192,-0.246699139203772,0.193957080897481
0.382860012159733,-1.54372350983289,0.356760960225647,-0.943989129542731,-0.23992041917579,0.193655510229093
0.373410508653081,-1.54608874194506,0.358695997101741,-0.945900750259399,-0.23312293602035,0.193351449813101
0.363942213860655,-1.54838590840924,0.360627980913857,-0.947747359488108,-0.226307409722638,0.193044896972733
0.354455778699592,-1.55061483240078,0.362556886723584,-0.94952879818024,-0.219474561875416,0.192735848840012
0.344951855635581,-1.55277534431834,0.364482689562894,-0.951244915659364,-0.212625115571574,0.192424302369435
0.335431098599217,-1.55486728179878,0.36640536443246,-0.952895569641653,-0.205759795298781,0.192110254336533
0.32589416290161,-1.55689048973017,0.36832488629972,-0.95448062631273,-0.198879326839274,0.191793701323721
0.316341705149754,-1.55884482026483,0.370241230097092,-0.955999960294296,-0.191984437214234,0.191474639749608
0.306774383162283,-1.56073013283037,0.37215437072035,-0.957453454656589,-0.185075854414287,0.191153065858809
0.297192855884585,-1.56254629413917,0.374064283026821,-0.958841000979344,-0.17815430747288,0.190828975725916
0.287597783303854,-1.56429317819908,0.375970941833803,-0.960162499303949,-0.171220526347266,0.190502365265424
0.277989826364621,-1.56597066632086,0.377874321916852,-0.961417858143476,-0.164275241683606,0.190173230213818
0.268369646883734,-1.56757864712535,0.379774398008054,-0.962606994507978,-0.157319184830389,0.189841566146933
0.258737907465591,-1.56911701654968,0.381671144794535,-0.963729833883564,-0.15035308766821,0.18950736849585
0.249095271417297,-1.57058567785213,0.383564536916965,-0.964786310239414,-0.143377682552971,0.189170632535302
0.23944240266376,-1.57198454161659,0.385454548967957,-0.965776366058536,-0.136393702210282,0.188831353382072
0.229779965662509,-1.57331352575539,0.387341155490559,-0.966699952313123,-0.129401879597065,0.188489526007441
0.220108625319022,-1.57457255551122,0.389224330976809,-0.96755702846089,-0.122402947800159,0.188145145236675
0.210429046901632,-1.57576156345769,0.391104049866235,-0.968347562456614,-0.115397639898422,0.187798205741767
0.200741895956792,-1.57688048949911,0.392980286544379,-0.969071530731775,-0.108386688976241,0.187448702060603
0.191047838224256,-1.57792928087025,0.394853015341558,-0.969728918179218,-0.101370827962837,0.187096628605876
0.181347539552609,-1.57890789213331,0.396722210531498,-0.970319718155991,-0.0943507894246601,0.186741979644872
0.171641665814392,-1.57981628517452,0.398587846329925,-0.97084393250562,-0.0873273056082242,0.186384749318426
0.161930882821487,-1.58065442920054,0.400449896893361,-0.971301571507292,-0.0803011082939803,0.186024931633933
0.152215856240868,-1.58142230073252,0.402308336317639,-0.971692653871249,-0.0732729285957645,0.185662520453804
0.142497251510175,-1.58211988359967,0.404163138636692,-0.972017206750257,-0.0662434970385538,0.18529750954389
0.132775733753408,-1.58274716893299,0.406014277821582,-0.972275265713571,-0.0592135433630628,0.184929892547314
0.123051967696976,-1.58330415515577,0.407861727779071,-0.97246687470255,-0.052183796306963,0.184559662974883
0.113326617585932,-1.58379084797393,0.409705462350504,-0.972592086065823,-0.0451549836536355,0.18418681422413
0.103600347099936,-1.58420726036612,0.411545455310657,-0.972650960492276,-0.0381278321421158,0.183811339598585
0.0938738192701957,-1.58455341257238,0.413381680366828,-0.972643567031515,-0.0311030672666723,0.183433232272998
0.0841476963954476,-1.58482933208117,0.415214111157384,-0.972569983073219,-0.0240814132568796,0.183052485321987
0.0744226399592538,-1.58503505361674,0.417042721251138,-0.972430294301974,-0.0170635929619719,0.182669091726731
0.0646993105466848,-1.58517061912361,0.418867484145904,-0.972224594690549,-0.0100503275705483,0.18228304432183
0.0549783677620386,-1.5852360777504,0.420688373267455,-0.971952986442864,-0.00304233679061258,0.181894335875885
0.0452604701462437,-1.5852314858352,0.422505361968907,-0.971615580011655,0.00395966132241443,0.181502959070606
0.035546275094675,-1.58515690688732,0.424318423529576,-0.971212494059959,0.010954950496283,0.18110890647308
0.0258364387750712,-1.58501241156941,0.426127531153994,-0.970743855439036,0.0179428165039708,0.18071217055811
0.0161316160458942,-1.58479807767538,0.427932657970978,-0.970209799156516,0.0249225471483187,0.1803127437104
0.00643246037487569,-1.58451399011212,0.429733777032745,-0.969610468330594,0.0318934321725933,0.179910618221016
-0.0032603762418438,-1.58416024087745,0.431530861313983,-0.968946014178101,0.0388547636262348,0.179505786302306
-0.0129462433607176,-1.58373692903781,0.433323883711184,-0.968216595969577,0.0458058357057465,0.179098240097063
-0.0226244921708968,-1.58324416070605,0.435112817041796,-0.967422380992698,0.0527459450656836,0.178687971649074
-0.0322944755746118,-1.58268204901506,0.436897634043355,-0.966563544559862,0.0596743909554375,0.178274972953815
-0.0419555482670276,-1.58205071409264,0.438678307373021,-0.965640269937212,0.0665904752369385,0.177859235899054
-0.0516070668154898,-1.58135028303483,0.440454809606163,-0.964652748283875,0.0734935022733225,0.177440752288013
-0.0612483897382989,-1.58058088988087,0.442227113236114,-0.963601178635961,0.0803827793117423,0.177019513872961
-0.0708788775835027,-1.57974267558247,0.443995190673288,-0.962485767902826,0.0872576163005139,0.176595512354046
-0.0804978930074063,-1.57883578797821,0.445759014244827,-0.961306730808426,0.0941173264036307,0.17616873932076
-0.0901048008522133,-1.57786038175723,0.447518556193128,-0.960064289800003,0.100961225780312,0.175739186311057
-0.0996989682232116,-1.57681661843503,0.449273788676134,-0.958758675053853,0.1077886335542,0.175306844823647
-0.109279764565989,-1.57570466631639,0.451024683766232,-0.957390124436927,0.114598872384813,0.174871706321968
-0.118846561742838,-1.57452470046683,0.452771213450666,-0.955958883404775,0.12139126750112,0.174433762244834
-0.128398734108608,-1.57327690267955,0.454513349629624,-0.954465205043402,0.128165148801688,0.173993003712925
-0.13793565858708,-1.57196146142726,0.456251064114351,-0.952909350009399,0.134919849302186,0.173549422005728
-0.14745671474593,-1.57057857184384,0.457984328630009,-0.951291586427253,0.141654704849021,0.173103008376608
-0.156961284871294,-1.56912843567806,0.459713114812403,-0.949612189855371,0.148369056210823,0.172653753900528
-0.166448754041847,-1.5676112612577,0.461437394209327,-0.947871443236241,0.155062246301126,0.172201649813457
-0.175918510202035,-1.56602726346959,0.463157138280403,-0.946069636728335,0.16173362128144,0.171746687242616
-0.18536994423558,-1.56437666369954,0.464872318397042,-0.944207068268348,0.168382536181476,0.171288857527854
-0.194802450041935,-1.5626596897589,0.466582905841781,-0.942284042475037,0.175008347363293,0.170828151056688
-0.204215424598421,-1.56087657590877,0.468288871797145,-0.940300870982915,0.181610411765584,0.170364558273735
-0.213608268039372,-1.55902756279753,0.469990187357848,-0.938257873120598,0.188188094155793,0.169898070665892
-0.222980383726135,-1.55711289740046,0.471686823530097,-0.936155375142701,0.19474076427804,0.169428678945662
-0.232331178318217,-1.55513283298258,0.47337875122616,-0.933993710258847,0.201267793396007,0.168956374042544
-0.241660061841055,-1.55308762908202,0.475065941270363,-0.931773218586114,0.207768557851553,0.16848114696174
-0.250966447756744,-1.55097755143202,0.476748364393428,-0.929494247242965,0.214242440549556,0.168002988288647
-0.260249753032322,-1.54880287192352,0.478425991233136,-0.927157150107575,0.220688827687923,0.167521888713373
-0.269509398207464,-1.54656386855969,0.48009879233351,-0.924762287825848,0.227107110586744,0.167037838880477
-0.278744807461942,-1.54426082540729,0.481766738145729,-0.922310027756119,0.233496685027675,0.166550829540696
-0.287955408682613,-1.54189403255264,0.483429799028018,-0.919800743971956,0.239856951615814,0.166060851307295
-0.297140633530161,-1.53946378604875,0.485087945244234,-0.917234817097264,0.246187316270644,0.165567894779928
-0.306299917503793,-1.53697038786582,0.486741146964752,-0.914612634266325,0.252487189552455,0.165071950591351
-0.315432700006623,-1.5344141458443,0.488389374265744,-0.911934589046129,0.258755987064286,0.164573009305834
-0.32453842440908,-1.53179537364083,0.490032597129184,-0.909201081402668,0.264993129899329,0.164071061513461
-0.333616538113466,-1.52911439067518,0.491670785442903,-0.906412517661083,0.271198044285949,0.163566097786482
-0.342666492616373,-1.52637152207917,0.493303909000161,-0.903569310402845,0.277370161671806,0.163058108632072
-0.351687743571348,-1.52356709864262,0.494931937499144,-0.900671878351328,0.283508919015751,0.162547084556402
-0.360679750849456,-1.52070145675842,0.49655484054327,-0.89772064637298,0.289613758711555,0.162033016073914
-0.369641978601217,-1.51777493836842,0.498172587640898,-0.894716045371223,0.29568412862392,0.161515893672761
-0.37857389531558,-1.51478789090748,0.499785148205432,-0.891658512229892,0.301719482304947,0.160995707882536
-0.387474973880274,-1.51174066724654,0.501392491555638,-0.8885484896743,0.307719278949678,0.160472449218094
-0.396344691638936,-1.50863362563652,0.502994586915092,-0.885386426324166,0.313682983418421,0.159946108142129
-0.405182530451747,-1.50546712965052,0.50459140341199,-0.88217277671252,0.319610066420929,0.159416675118
-0.413987976751123,-1.50224154812528,0.506182910079294,-0.878908000720982,0.325500004509205,0.158884140645431
-0.42276052159425,-1.4989572551023,0.507769075855088,-0.875592563390596,0.331352280252282,0.15834849522878
-0.431499660717089,-1.49561462976705,0.509349869582268,-0.872226935738425,0.337166382198502,0.157809729331051
-0.440204894599838,-1.49221405638977,0.510925260008419,-0.868811595560099,0.342941804962661,0.157267833445773
-0.44887572852638,-1.48875592426349,0.512495215786277,-0.865347025035696,0.348678049266899,0.156722798088034
-0.457511672620646,-1.48524062764391,0.514059705473553,-0.86183371076231,0.354374621980531,0.156174613741779
-0.466112241903161,-1.48166856568594,0.515618697532845,-0.85827214516921,0.360031036333548,0.155623270914833
-0.474676956344176,-1.47804014238115,0.517172160332039,-0.854662825836197,0.365646811771072,0.155068760144424
-0.483205340915943,-1.47435576649507,0.518720062144399,-0.851006255533855,0.371221474103193,0.154511071973545
-0.491696925642931,-1.47061585150275,0.520262371148589,-0.847302941864821,0.376754555600317,0.153950196926233
-0.500151245649262,-1.46682081552414,0.521799055428537,-0.8435533972088,0.382245595040213,0.15338612556269
-0.508567841207721,-1.46297108125866,0.52333008297399,-0.839758138940066,0.387694137732136,0.152818848443414
-0.51694625778918,-1.45906707592018,0.524855421680207,-0.835917689206261,0.393099735488237,0.152248356164808
-0.525286046108515,-1.45510923117122,0.526375039348827,-0.832032574669461,0.398461946821848,0.151674639348427
-0.53358676216983,-1.45109798305525,0.527888903687427,-0.82810332650407,0.4037803369799,0.151097688607755
-0.541847967311614,-1.44703377193006,0.529396982310151,-0.824130480433308,0.40905447788196,0.150517494617917
-0.550069228251996,-1.44291704240034,0.530899242737843,-0.82011457659801,0.414283948243091,0.149934048045763
-0.55825011713159,-1.43874824324932,0.532395652398098,-0.816056159349686,0.419468333649434,0.14934733958379
-0.566390211555456,-1.43452782736984,0.53388617862569,-0.811955777220006,0.424607226592308,0.148757359973551
-0.574489094634936,-1.43025625169531,0.535370788662898,-0.807813982949374,0.429700226468192,0.148164099962495
-0.582546355029333,-1.42593397713043,0.536849449659434,-0.80363133331741,0.434746939645161,0.147567550300377
-0.590561586985163,-1.42156146848107,0.538322128672805,-0.799408389017128,0.439746979513792,0.146967701808978
-0.598534390375356,-1.41713919438389,0.539788792669084,-0.795145714585702,0.444699966554079,0.146364545359527
-0.606464370736951,-1.41266762723496,0.541249408523022,-0.790843878337207,0.44960552839547,0.14575807181888
-0.614351139308981,-1.40814724311853,0.542703943018138,-0.786503452309804,0.454463299766734,0.145148272082199
-0.62219431306862,-1.40357852173567,0.544152362847223,-0.782125012077439,0.459272922621827,0.144535137113682
-0.629993514766272,-1.39896194633155,0.545594634612896,-0.777709136717252,0.464034046138068,0.143918657891452
-0.637748372960363,-1.3942980036237,0.547030724827549,-0.773256408722396,0.468746326715784,0.143298825419243
-0.645458522050693,-1.38958718372877,0.548460599914017,-0.768767413861748,0.473409428132358,0.142675630769087
-0.653123602310925,-1.38482998008912,0.549884226206071,-0.764242741137848,0.478023021430538,0.14204906506244
-0.660743259920711,-1.38002688940008,0.551301569948838,-0.759682982726767,0.482586785057149,0.141419119428967
-0.668317146996759,-1.37517841153492,0.552712597298816,-0.755088733836093,0.487100404905552,0.14078578504696
-0.675844921622342,-1.37028504947129,0.554117274324813,-0.750460592545067,0.491563574262599,0.140149053177382
-0.683326247875694,-1.36534730921655,0.555515567008258,-0.745799159787255,0.495975993865615,0.13950891507766
-0.690760795858887,-1.36036569973339,0.556907441243413,-0.741105039388731,0.500337371957226,0.138865362093612
-0.698148241725764,-1.35534073286404,0.558292862838509,-0.736378837794307,0.504647424367188,0.13821838562485
-0.705488267706634,-1.3502729232549,0.559671797515691,-0.731621163869743,0.508905874430292,0.137567977092261
-0.71278056213323,-1.34516278828126,0.561044210911775,-0.726832629074311,0.513112453058603,0.136914127988159
-0.720024819464314,-1.34001084797114,0.562410068578606,-0.722013847241101,0.517266898778867,0.136256829831968
-0.727220740307714,-1.33481762492929,0.563769335983572,-0.717165434406265,0.521368957733209,0.135596074225162
-0.734368031443107,-1.32958364426068,0.565121978510493,-0.7122880088677,0.525418383743011,0.134931852835682
-0.741466405843816,-1.32430943349369,0.56646796146008,-0.707382191045465,0.529414938292537,0.134264157386873
-0.748515582697177,-1.31899552250364,0.567807250050502,-0.702448603259452,0.53335839051445,0.133592979621923
-0.755515287422909,-1.31364244343604,0.569139809417561,-0.697487869728678,0.537248517263955,0.132918311372252
-0.762465251692641,-1.30825073062896,0.570465604616111,-0.692500616545202,0.541085103154823,0.132240144574543
-0.769365213447372,-1.30282092053574,0.57178460062036,-0.687487471505589,0.544867940525723,0.131558471172025
-0.77621491691426,-1.29735355164754,0.57309676232431,-0.682449063990646,0.548596829489586,0.130873283199847
-0.783014112621419,-1.29184916441546,0.574402054542749,-0.677386024814493,0.552271577920732,0.13018457274828
-0.789762557412587,-1.28630830117317,0.575700442011546,-0.67229898631364,0.555892001459797,0.129492331980624
-0.796460014461907,-1.28073150605879,0.576991889388823,-0.667188582137432,0.559457923565746,0.128796553154545
-0.803106253285503,-1.27511932493676,0.57827636125546,-0.662055447067453,0.562969175522962,0.128097228578623
-0.809701049753372,-1.2694723053197,0.579553822115791,-0.656900217084577,0.566425596391562,0.127394350624586
-0.816244186100595,-1.26379099629068,0.580824236398195,-0.651723529170123,0.569827033060411,0.126687911747079
-0.822735450936507,-1.25807594842434,0.58208756845616,-0.646526021219909,0.573173340298937,0.125977904501159
-0.829174639253833,-1.25232771370864,0.583343782569014,-0.641308331962147,0.576464380679155,0.125264321497545
-0.835561552436174,-1.24654684546669,0.58459284294252,-0.636071100867742,0.579700024605601,0.124547155420508
-0.841895998265341,-1.24073389827832,0.585834713709775,-0.630814968051593,0.582880150321235,0.123826399052522
-0.848177790926745,-1.23488942790167,0.587069358932177,-0.625540574125288,0.586004643940236,0.123102045270197
-0.854406751014384,-1.22901399119443,0.588296742600281,-0.620248560184157,0.589073399409293,0.122374087022493
-0.860582705535003,-1.2231081460358,0.589516828634503,-0.614939567635901,0.592086318508902,0.12164251734195
-0.866705487910536,-1.2171724512478,0.590729580886035,-0.609614238134131,0.59504331087209,0.120907329339925
-0.872774937980484,-1.21120746651693,0.591934963137622,-0.604273213483989,0.597944293989066,0.120168516238173
-0.878790902002456,-1.20521375231539,0.593132939104823,-0.598917135514163,0.600789193219384,0.119426071348406
-0.884753232652237,-1.19919186982277,0.594323472436587,-0.593546645989587,0.603577941708008,0.118679988062257
-0.890661789022665,-1.19314238084817,0.595506526716376,-0.588162386590241,0.606310480437886,0.11793025987301
-0.896516436622601,-1.18706584775169,0.596682065462996,-0.582764998754727,0.608986758189987,0.117176880373103
-0.902317047373085,-1.18096283336673,0.597850052131832,-0.577355123509249,0.611606731561568,0.116419843276421
-0.908063499603666,-1.17483390092148,0.599010450115821,-0.571933401515964,0.6141703649519,0.115659142373758
-0.913755678047852,-1.16867961396141,0.600163222746229,-0.566500472840735,0.616677630549388,0.114894771552757
-0.919393473836351,-1.1625005362709,0.601308333293798,-0.561056976907087,0.619128508346006,0.114126724813748
-0.924976784491137,-1.15629723179581,0.602445744969788,-0.555603552493006,0.621522986068947,0.113354996265278
-0.930505513917646,-1.15007026456593,0.603575420927119,-0.550140837481687,0.62386105919258,0.112579580126835
-0.935979572395452,-1.14382019861766,0.604697324261404,-0.544669468843189,0.626142730927668,0.111800470717739
-0.941398876569093,-1.13754759791663,0.605811418012026,-0.539190082544086,0.628368012208139,0.111017662480015
-0.946763349437059,-1.13125302628067,0.606917665163458,-0.533703313422897,0.630536921657815,0.110231149984241
-0.952072920340477,-1.12493704730306,0.608016028646369,-0.528209795136234,0.632649485552347,0.109440927892062
-0.957327524950494,-1.11860022427609,0.609106471338572,-0.522710160015174,0.634705737824509,0.108646990987761
-0.962527105254637,-1.11224312011442,0.610188956066517,-0.517205038999864,0.636705720057963,0.107849334207539
-0.967671609542526,-1.10586629727879,0.61126344560648,-0.511695061540063,0.638649481451508,0.107047952561045
-0.972760992390359,-1.09947031769991,0.612329902685288,-0.506180855497283,0.640537078804375,0.106242841186116
-0.977795214644709,-1.09305574270281,0.613388289982138,-0.500663047062799,0.642368576442487,0.105433995398515
-0.98277424340515,-1.08662313293159,0.61443857012988,-0.495142260622393,0.644144046236652,0.104621410604176
-0.987698052005759,-1.08017304827394,0.615480705715967,-0.489619118692421,0.645863567584852,0.103805082340242
-0.992566619996248,-1.07370604778634,0.61651465928403,-0.484094241862595,0.647527227313031,0.102985006286767
-0.997379933122047,-1.06722268961976,0.617540393335122,-0.478568248665188,0.649135119725598,0.102161178266565
-1.00213798330312,-1.06072353094483,0.618557870329269,-0.473041755455684,0.650687346547307,0.101333594226041
-1.00684076861178,-1.05420912787812,0.619567052686436,-0.467515376347038,0.652184016885742,0.10050225023096
-1.01148829324993,-1.04768003540817,0.620567902788125,-0.46198972311048,0.6536252472146,0.0996671425145969
-1.01608056752535,-1.04113680732247,0.621560382978979,-0.456465405188996,0.655011161257408,0.0988282674813194
-1.02061760782815,-1.03457999613485,0.622544455568421,-0.450943029503512,0.656341890054703,0.0979856216569343
-1.0250994366039,-1.02801015301212,0.623520082831658,-0.445423200259314,0.657617571931681,0.0971392017028242
-1.02952608232698,-1.02142782770191,0.624487227011429,-0.439906519004053,0.658838352402607,0.0962890044426073
-1.03389757947386,-1.01483356846095,0.625445850319402,-0.434393584604631,0.660004384109605,0.0954350268583167
-1.03821396849553,-1.00822792198398,0.626395914937908,-0.428884993029075,0.661115826836625,0.0945772660761667
-1.04247529578719,-1.00161143333216,0.62733738302118,-0.423381337164624,0.66217284747897,0.0937157193793268
-1.04668161365814,-0.994984645862623,0.628270216697322,-0.417883206976063,0.663175619949891,0.0928503842397889
-1.05083298030234,-0.988348101158292,0.629194378069883,-0.412391189352394,0.664124325174344,0.0919812582813845
-1.05492945976576,-0.981702338957985,0.630109829219469,-0.40690586777577,0.665019151035549,0.0911083392881868
-1.05897112191276,-0.975047897087145,0.631016532205368,-0.401427822541991,0.665860292317801,0.0902316252209624
-1.06295804239464,-0.968385311389053,0.631914449067359,-0.39595763058691,0.666647950660571,0.0893511142044091
-1.06689030261388,-0.961715115656494,0.632803541827282,-0.390495865308605,0.667382334521564,0.0884668045453086
-1.07076798968981,-0.955037841563676,0.633683772491052,-0.385043096590551,0.668063659150528,0.0875786947323942
-1.07459119642207,-0.948354018598696,0.634555103050275,-0.379599890645411,0.668692146497705,0.0866867834332415
-1.07836002125429,-0.941664173996886,0.635417495484218,-0.374166810024456,0.669268025175713,0.0857910694947076
-1.08207456823651,-0.934968832674179,0.636270911761421,-0.368744413436905,0.669791530432722,0.0848915519422502
-1.08573494698616,-0.928268517161195,0.637115313841741,-0.363333255636338,0.670262904076801,0.0839882300039353
-1.08934127264837,-0.921563747537961,0.637950663678231,-0.357933887420432,0.670682394399395,0.0830811030957733
-1.09289366585658,-0.914855041369321,0.638776923219074,-0.352546855648682,0.671050256159592,0.0821701708239737
-1.09639225269224,-0.908142913640173,0.639594054409477,-0.347172702982109,0.671366750567874,0.0812554329933541
-1.09983716464198,-0.901427876691788,0.640402019193767,-0.341811967874494,0.671632145095884,0.0803368896220549
-1.10322853855607,-0.894710440159495,0.641200779517419,-0.336465184497118,0.671846713516617,0.0794145409128078
-1.10656651660416,-0.887991110909176,0.641990297328918,-0.331132882618261,0.672010735883935,0.078488387283724
-1.10985124623196,-0.881270392975724,0.642770534582167,-0.325815587621218,0.67212449833935,0.0775584293887097
-1.11308288011637,-0.87454878750205,0.643541453238595,-0.32051382038108,0.672188293154429,0.076624668076964
-1.11626157612036,-0.867826792677559,0.64430301526909,-0.315228097193848,0.67220241874761,0.0756871043929399
-1.11938749724626,-0.861104903677522,0.64505518265611,-0.309958929626529,0.672167179465846,0.0747457396183863
-1.12246081158826,-0.854383612604624,0.645797917396176,-0.304706824482295,0.672082885519832,0.0738005752722318
-1.12548169228482,-0.847663408429872,0.646531181502082,-0.299472283819253,0.671949852997603,0.0728516130974546
-1.12845031747093,-0.840944776934437,0.647254937005204,-0.29425580484494,0.671768403790471,0.0718988550596475
-1.13136687022866,-0.834228200651804,0.647969145957689,-0.289057879755731,0.671538865503443,0.0709423033598133
-1.13423153853683,-0.827514158811279,0.648673770434977,-0.283878995703032,0.671261571383078,0.0699819604470481
-1.13704451522046,-0.82080312728144,0.649368772538101,-0.278719634771449,0.670936860310565,0.0690178289894907
-1.1398059978998,-0.814095578514414,0.650054114395995,-0.273580273896674,0.670565076668343,0.0680499119145476
-1.14251618893813,-0.807391981491307,0.650729758168254,-0.268461384733041,0.670146570287411,0.0670782124127478
-1.14517529538888,-0.800692801667818,0.651395666047555,-0.263363433683708,0.669681696389135,0.0661027339173332
-1.147783528943,-0.793998500920863,0.652051800262141,-0.258286881779125,0.669170815514867,0.0651234800990845
-1.15034110587413,-0.787309537495623,0.652698123078236,-0.253232184558829,0.668614293432847,0.0641404549058213
-1.15284824698435,-0.780626365953884,0.653334596803044,-0.248199792170817,0.668012501067151,0.0631536625641216
-1.15530517754942,-0.773949437122484,0.653961183787178,-0.243190149123052,0.667365814456928,0.0621631075362496
-1.15771212726164,-0.767279198042808,0.654577846427296,-0.238203694301147,0.666674614641935,0.0611687945824876
-1.16006933017455,-0.760616091921069,0.655184547169144,-0.233240860984253,0.66593928761086,0.0601707287396762
-1.16237702464531,-0.753960558079109,0.65578124851009,-0.228302076632141,0.665160224232136,0.0591689153136911
-1.16463545327688,-0.74731303190608,0.656367913002083,-0.223387762954305,0.664337820161932,0.0581633599040034
-1.16684486285995,-0.740673944810942,0.656944503254433,-0.2184983357095,0.66347247577127,0.0571540683901096
-1.16900550431295,-0.734043724175725,0.657510981936757,-0.213634204791428,0.662564596057788,0.0561410469551136
-1.1711176326241,-0.727422793309594,0.658067311781978,-0.208795774130866,0.661614590597324,0.0551243020706151
-1.17318150679003,-0.720811571403433,0.658613455589193,-0.203983441569609,0.660622873432927,0.0541038405110422
-1.17519738975606,-0.714210473485806,0.659149376226862,-0.199197598935315,0.659589862995992,0.0530796693685541
-1.17716554835481,-0.707619910379156,0.659675036635885,-0.194438631876573,0.658515982051578,0.0520517960409738
-1.17908625324457,-0.701040288657075,0.660190399832695,-0.189706919863892,0.657401657599291,0.051020228235958
-1.18095977884709,-0.694472010602286,0.660695428912402,-0.185002836104765,0.656247320791077,0.0499849739891592
-1.18278640328451,-0.687915474165604,0.661190087052131,-0.180326747448633,0.655053406853454,0.0489460416577162
-1.18456640831582,-0.681371072925507,0.661674337514178,-0.175679014465828,0.653820355000974,0.0479034399323746
-1.18630007927418,-0.674839196048843,0.662148143649527,-0.171059991330745,0.652548608339204,0.046857177851174
-1.18798770500178,-0.66832022825217,0.662611468901151,-0.166470025740719,0.651238613808707,0.0458072647749655
-1.18962957778577,-0.661814549763842,0.663064276807319,-0.161909458925671,0.649890822088334,0.0447537104071825
-1.19122599329265,-0.655322536287149,0.6635065310051,-0.157378625557295,0.648505687502858,0.0436965248017509
-1.19277725050305,-0.648844558964233,0.663938195233889,-0.152877853765246,0.647083667937867,0.0426357183778767
-1.19428365164548,-0.642380984340958,0.664359233339129,-0.148407464965028,0.645625224754338,0.0415713019169361
-1.1957455021292,-0.635932174332555,0.664769609275827,-0.143967773952775,0.644130822695759,0.0405032865575385
-1.19716311047851,-0.629498486190293,0.665169287112271,-0.139559088862558,0.642600929806271,0.0394316838175732
-1.19853678826481,-0.623080272468738,0.665558231033807,-0.135181711011601,0.64103601736505,0.0383565055884961
-1.19986685003892,-0.616677880994005,0.665936405346571,-0.130835934943016,0.639436559756915,0.0372777641409904
-1.20115361326291,-0.610291654833223,0.666303774481346,-0.126522048371615,0.637803034395305,0.0361954721322414
-1.20239739824176,-0.603921932264442,0.666660302997422,-0.122240332149698,0.636135921660396,0.035109642608852
-1.20359852805443,-0.597569046747621,0.667005955586598,-0.117991060211918,0.634435704769956,0.0340202890318756
-1.20475732848446,-0.591233326896694,0.667340697077336,-0.113774499535378,0.632702869706658,0.0329274252621023
-1.20587412795048,-0.584915096452256,0.66766449243864,-0.109590910182644,0.63093790513172,0.0318310655566002
-1.20694925743702,-0.57861467425538,0.667977306784243,-0.10544054522286,0.629141302275494,0.0307312246082474
-1.20798305042382,-0.572332374222297,0.668279105376949,-0.101323650645905,0.627313554865019,0.029627917528163
-1.20897584281523,-0.566068505319866,0.66856985363271,-0.097240465372536,0.625455159026151,0.0285211598446454
-1.20992797286931,-0.55982337154213,0.668849517124986,-0.0931912212275254,0.623566613184212,0.0274109675303649
-1.21083978112703,-0.553597271887724,0.669118061589162,-0.0891761429737207,0.621648417979818,0.0262973569957154
-1.21171161034118,-0.547390500338199,0.669375452926935,-0.0851954481541601,0.619701076172025,0.0251803450979465
-1.2125438054037,-0.541203345837347,0.669621657210882,-0.0812493471236498,0.617725092537549,0.0240599491553952
-1.21333671327464,-0.535036092271476,0.669856640689049,-0.0773380431001674,0.615720973782805,0.0229361869421666
-1.21409068290993,-0.528889018450579,0.670080369789536,-0.0734617320556237,0.613689228446439,0.0218090766999411
-1.21480606518907,-0.522762398090479,0.670292811125249,-0.0696206027176612,0.611630366811532,0.0206786371460505
-1.21548321284241,-0.516656499795814,0.670493931498641,-0.0658148365276007,0.609544900813758,0.0195448874759401
-1.21612248037831,-0.510571587044095,0.670683697906557,-0.0620446076533191,0.607433343921946,0.0184078473715546
-1.21672422401021,-0.504507918170807,0.670862077545098,-0.0583100829105166,0.605296211069782,0.0172675370041443
-1.21728880158312,-0.498465746355146,0.671029037814625,-0.054611421856985,0.603134018549121,0.0161239770618796
-1.21781657250154,-0.492445319607103,0.671184546324956,-0.0509487767663199,0.600947283906541,0.0149771887359574
-1.21830789765521,-0.486446880755214,0.671328570900304,-0.0473222924097364,0.598736525861662,0.0138271937286745
-1.21876313934475,-0.480470667435442,0.671461079584599,-0.0437321062653364,0.596502264198513,0.0126740142732041
-1.21918266120931,-0.474516912080847,0.671582040646674,-0.0401783484654652,0.594245019704222,0.0115176731210148
-1.21956682815178,-0.468585841912196,0.6716914225856,-0.0366611416853742,0.59196531400439,0.0103581935749593
-1.21991600626506,-0.462677678930152,0.671789194136216,-0.0331806012227323,0.589663669528181,0.00919559947396758
-1.22023056275784,-0.456792639907254,0.671875324274415,-0.0297368349492115,0.587340609403489,0.00802991520613043
-1.22051086588044,-0.450930936382116,0.671949782222892,-0.0263299432985105,0.584996657302666,0.00686116573731377
-1.2207572848505,-0.44509277465395,0.672012537456799,-0.0229600193592859,0.58263233740727,0.00568937659343071
-1.22097018977941,-0.439278355778103,0.672063559709394,-0.0196271486605015,0.580248174298038,0.00451457387378812
-1.22114995159592,-0.433487875562516,0.672102818977863,-0.0163314093290204,0.577844692853362,0.00333678426496713
-1.2212969419744,-0.427721524565295,0.672130285529238,-0.0130728722259789,0.5754224181491,0.00215603505441351
-1.2214115332594,-0.421979488093262,0.672145929906446,-0.00985160051497744,0.572981875340137,0.000972354127741525
-1.22149409838975,-0.41626194620165,0.672149722934243,-0.00666765002181582,0.570523589594205,-0.000214230028076767
-1.22154501082638,-0.410569073694162,0.672141635725407,-0.00352106919543374,0.568048086019328,-0.0014036882905857
-1.22156464447648,-0.404901040124377,0.672121639687119,-0.000411898921559795,0.565555889513161,-0.0025959909097976
-1.22155337361923,-0.399258009798338,0.672089706527103,0.00265982732155125,0.563047524673626,-0.00379110752424652
-1.22151157283147,-0.393640141777966,0.672045808259945,0.00569408343458347,0.560523515710353,-0.00498900710763309
-1.22143961691399,-0.388047589885313,0.671989917213848,0.00869085080687498,0.557984386382787,-0.00618965798342194
-1.22133788081576,-0.382480502707595,0.671922006036927,0.0116501183453896,0.555430659856556,-0.00739302782526304
-1.22120673956051,-0.376939023603933,0.671842047704035,0.0145718821481412,0.552862858587868,-0.00859908362004277
-1.22104656817432,-0.371423290712502,0.671750015523551,0.0174561457878324,0.550281504298063,-0.00980779166767741
-1.22085774160928,-0.365933436958467,0.671645883144334,0.0203029203624536,0.54768711783453,-0.0110191175791392
-1.22064063467021,-0.360469590063388,0.671529624562532,0.0231122242873168,0.545080219069227,-0.0122330262806371
-1.2203956219405,-0.355031872555325,0.671401214128573,0.0258840834141462,0.54246132679836,-0.013449481985291
-1.22012307770854,-0.34962040178014,0.671260626554393,0.0286185308465264,0.539830958674917,-0.014668448177948
-1.21982337589533,-0.344235289913085,0.671107836920744,0.0313156070423545,0.537189631133262,-0.0158898876090656
-1.21949688997957,-0.33887664397199,0.670942820684539,0.0339753599655502,0.53453785919216,-0.0171137622991409
-1.21914399292417,-0.33354456583178,0.670765553686176,0.036597844731383,0.531876156441041,-0.0183400335213428
-1.2187650571048,-0.328239152238698,0.670576012157138,0.0391831238276904,0.529205034978561,-0.0195686617916119
-1.21836045423492,-0.322960494826235,0.670374172727568,0.0417312670207478,0.526525005252118,-0.0207996068498371
-1.21793055529538,-0.31770868013236,0.670160012434167,0.0442423512004083,0.523836575853591,-0.0220328276550127
-1.21747573046096,-0.312483789618006,0.669933508727914,0.0467164606494393,0.521140253739459,-0.0232682823805809
-1.21699634902757,-0.307285899684007,0.669694639482118,0.0491536868295303,0.518436543627922,-0.0245059283910497
-1.21649277934074,-0.302115081685193,0.669443383000445,0.0515541283876866,0.515725951509855,-0.025745722248863
-1.21596538872336,-0.296971401933281,0.66917971802504,0.0539178911539374,0.513008975494657,-0.0269876196896091
-1.21541454340478,-0.29185492180325,0.668903623744932,0.0562450880696372,0.510286111005866,-0.0282315755987685
-1.2148406084489,-0.286765697676442,0.668615079804525,0.0585358391847269,0.507557857449902,-0.029477544021189
-1.21424394768429,-0.281703780971238,0.668314066311921,0.060790271615732,0.504824708712951,-0.0307254781704321
-1.21362492363174,-0.276669218181493,0.668000563847329,0.0630085197770692,0.502087156091729,-0.0319753304057392
-1.21298389743368,-0.271662050898491,0.667674553471962,0.0651907247320659,0.499345688650454,-0.033227052143916
-1.21232122878827,-0.266682315836982,0.667336016737451,0.0673370346078815,0.496600792561933,-0.0344805939309156
-1.21163727587492,-0.261730044864537,0.666984935694046,0.0694476047373846,0.493852951186749,-0.0357359054553713
-1.21093239528642,-0.25680526502814,0.666621292899932,0.0715225972685616,0.491102645238396,-0.0369929354512388
-1.2102069419589,-0.251907998582332,0.666245071430555,0.0735621812618413,0.488350352412692,-0.0382516317341204
-1.20946126910457,-0.247038263020457,0.665856254887921,0.0755665325045943,0.485596547303497,-0.0395119411619252
-1.20869572814317,-0.242196071104925,0.665454827410226,0.0775358337056625,0.482841701479196,-0.0407738096626522
-1.20791066863311,-0.237381430898333,0.66504077368094,0.0794702743756824,0.480086283297626,-0.0420371822267542
-1.20710643820458,-0.232594345796298,0.664614078938664,0.0813700506308792,0.477330757795528,-0.0433020028434186
-1.206283382493,-0.227834814560949,0.664174728987034,0.0832353653955455,0.474575586608798,-0.044568214515207
-1.20544184507016,-0.223102831355315,0.663722710204698,0.0850664283702048,0.471821227934101,-0.0458357592286838
-1.20458216737844,-0.218398385777773,0.663258009555518,0.0868634557454546,0.469068136473941,-0.0471045779675306
-1.20370468866561,-0.213721462898003,0.662780614598499,0.0886266702676942,0.466316763226517,-0.048374610702475
-1.20280974591904,-0.209072043294568,0.662290513498247,0.0903563012560872,0.463567555441158,-0.0496457963448652
-1.20189767380036,-0.204450103092274,0.661787695035487,0.0920525845339285,0.460820956583989,-0.0509180727622891
-1.20096880458061,-0.199855614000729,0.661272148617488,0.0937157623876716,0.458077406227235,-0.0521913767737282
-1.20002346807608,-0.19528854335355,0.660743864288733,0.0953460834438244,0.455337339973756,-0.0534656441082822
-1.19906199158524,-0.190748854148565,0.660202832742001,0.0969438026928027,0.452601189373286,-0.0547408093774388
-1.19808469982479,-0.186236505088774,0.659649045329484,0.0985091814139932,0.449869381808713,-0.0560168060941885
-1.19709191486787,-0.181751450624415,0.659082494073727,0.10004248709981,0.447142340476427,-0.057293566665132
-1.19608395608131,-0.177293640994957,0.658503171678943,0.101543993468905,0.444420484267042,-0.0585710223437617
-1.19506114006415,-0.172863022273356,0.657911071542557,0.103013980375684,0.441704227606304,-0.0598491032465589
-1.19402378058594,-0.168459536410465,0.657306187766407,0.104452733869514,0.438993980484818,-0.0611277383658674
-1.19297218852522,-0.164083121279552,0.656688515168245,0.105860546057749,0.436290148422253,-0.0624068555177564
-1.19190667181036,-0.159733710721872,0.656058049293894,0.107237714800567,0.433593132228061,-0.0636863812501197
-1.19082753536189,-0.155411234594506,0.655414786429893,0.10858454396346,0.430903327999829,-0.0649662409200309
-1.18973508103098,-0.151115618816695,0.654758723614763,0.109901343384858,0.428221127143098,-0.0662463587411736
-1.18862960754173,-0.146846785417741,0.654089858651231,0.11118842876613,0.425546916271923,-0.0675266576449492
-1.18751141043309,-0.142604652585541,0.653408190119498,0.112446121133762,0.422881076927531,-0.068807059188978
-1.18638078200682,-0.138389134719133,0.652713717390691,0.113674747384795,0.420223985408199,-0.0700874836908535
-1.18523801124908,-0.134200142470906,0.65200644063041,0.114874644753377,0.41757601563295,-0.071367852707053
-1.18408338376144,-0.130037582786299,0.651286360802328,0.11604614740529,0.414937531718582,-0.0726480819101229
-1.18291718181811,-0.125901359020715,0.650553479743784,0.117189595134483,0.412308892346436,-0.0739280855717701
-1.18173968419755,-0.121791370929662,0.649807800117446,0.118305341426525,0.40969045568411,-0.0752077811939413
-1.1805511661474,-0.117707514729241,0.649049325433769,0.119393740573656,0.407082572153874,-0.0764870825831084
-1.17935189934387,-0.113649683158611,0.648278060071168,0.120455152581737,0.404485586807227,-0.077765902282161
-1.17814215183629,-0.10961776553312,0.64749400928987,0.121489942627313,0.401899839242631,-0.079044151382135
-1.1769221879973,-0.10561164780084,0.646697179246061,0.122498481073316,0.399325663339057,-0.0803217396452582
-1.17569226846874,-0.101631212599095,0.645887577004831,0.123481143533472,0.396763387392143,-0.0815985754713403
-1.17445265011171,-0.097676339310557,0.6450652105548,0.124438310656254,0.394213333957997,-0.0828745657696764
-1.17320358595563,-0.0937469041217292,0.644230088822733,0.125370367958067,0.391675819764449,-0.0841496160004846
-1.17194532515075,-0.0898427800801958,0.6433822216878,0.126277705980338,0.389151155868037,-0.085423630249055
-1.17067811291611,-0.0859638371523549,0.64252161999547,0.127160720152961,0.38663964734914,-0.0866965111017958
-1.16940219049445,-0.0821099422844629,0.641648295573283,0.12801981047334,0.384141593226211,-0.0879681596176414
-1.16811779510349,-0.0782809594620144,0.640762261245185,0.128855381910534,0.381657286616522,-0.0892384754312864
-1.16682515988753,-0.074476749769663,0.639863530846416,0.129667844128214,0.379187014513686,-0.0905073566348871
-1.16552451387198,-0.0706971714532912,0.638952119239125,0.130457611196643,0.376731057709328,-0.0917746997636747
-1.16421608191944,-0.0669420799816395,0.638028042327635,0.131225101673601,0.374289690817297,-0.0930403998601777
-1.16290008468406,-0.0632113281084638,0.637091317073527,0.131970738643713,0.371863182228925,-0.0943043503897886
-1.16157673856714,-0.0595047659351018,0.636141961511935,0.132694949597119,0.3694517939852,-0.095566443204726
-1.16024625567375,-0.0558222409747275,0.635179994767304,0.133398166211755,0.367055781705984,-0.0968265685716271
-1.1589088437717,-0.0521635982161902,0.634205437069512,0.134080824336014,0.364675394617105,-0.0980846151481995
-1.15756470624895,-0.0485286801886008,0.633218309769899,0.134743364030609,0.362310875414124,-0.0993404699688898
-1.15621404207256,-0.0449173270269112,0.632218635357751,0.135386229427041,0.359962460258641,-0.100594018415466
-1.15485704574805,-0.0413293765370875,0.631206437476782,0.13600986866925,0.357630378751744,-0.101845144214262
-1.15349390728002,-0.0377646642624721,0.630181740941804,0.136614733792395,0.355314853810409,-0.103093729420904
-1.15212481213358,-0.0342230235509778,0.629144571755647,0.137201280633144,0.353016101581906,-0.104339654351313
-1.15074994119679,-0.0307042856228325,0.62809495712666,0.137769968772876,0.350734331494759,-0.105582797624507
-1.14936947074348,-0.0272082796373567,0.627032925485413,0.138321261432973,0.348469746264191,-0.106823036127852
-1.14798357239696,-0.0237348327608673,0.625958506502475,0.138855625565615,0.346222541774891,-0.108060245025371
-1.14659241309295,-0.0202837702356167,0.62487173110522,0.139373531582229,0.343992906893712,-0.109294297733982
-1.14519615504664,-0.016854915450357,0.623772631496032,0.13987545331501,0.34178102353673,-0.11052506587597
-1.14379495571743,-0.0134480900090261,0.622661241170046,0.14036186792443,0.3395870666686,-0.111752419217879
-1.1423889677769,-0.0100631138011819,0.621537594933972,0.140833256015922,0.337411204270875,-0.11297622577333
-1.14097833907326,-0.00669980507156882,0.62040172892285,0.141290101367801,0.335253597214139,-0.114196351749916
-1.13956321260343,-0.00335798049260684,0.619253680619652,0.14173289065476,0.33311439917218,-0.115412661424014
-1.1381437264809,-3.74552349488022e-05,0.618093488873474,0.14216211381678,0.330993756808394,-0.116625017267156
-1.13672001390494,0.00326195696143862,0.616921193918258,0.14257826371851,0.328891809532015,-0.11783327982562
-1.13529220313261,0.00654044371389594,0.615736837392138,0.14298183588494,0.326808689440067,-0.119037307730013
-1.13386041745119,0.0097981939246347,0.614540462356047,0.143373328952064,0.324744521387195,-0.120236957815592
-1.13242477514657,0.0130353977078466,0.613332113312309,0.143753244201395,0.322699422916717,-0.121432084854178
-1.13098538948117,0.0162522463165549,0.612111836225831,0.144122085328459,0.320673504240183,-0.122622541728528
-1.1295423686652,0.0194489320690562,0.610879678541155,0.144480358972121,0.318666868202311,-0.123808179473766
-1.12809581583116,0.0226256482749549,0.609635689203745,0.144828573857671,0.316679610187273,-0.124988846897543
-1.12664582901316,0.0257825891600473,0.60837991868115,0.145167241275158,0.314711818060195,-0.126164390831876
-1.12519250111567,0.0289199497828744,0.607112418981413,0.145496875746317,0.312763569697328,-0.127334656366589
-1.12373591989356,0.0320379259530428,0.605833243672649,0.145817991697302,0.31083494069196,-0.128499486148105
-1.12227616795255,0.0351367142206689,0.604542447908068,0.146131106444119,0.308925998619112,-0.129658720934367
-1.12081332269797,0.0382165117340254,0.603240088439554,0.146436741256236,0.307036798836761,-0.130812199934097
-1.1193474563201,0.0412775161734245,0.601926223639031,0.146735418315773,0.305167391569491,-0.131959759931461
-1.11787863577924,0.0443199256832079,0.600600913522676,0.147027661147596,0.303317819349512,-0.133101235294066
-1.11640692279323,0.0473439387942539,0.599264219773499,0.147313995194061,0.301488116988373,-0.134236458440596
-1.11493237381317,0.0503497543474035,0.597916205759429,0.147594947935409,0.299678311662582,-0.135365259806241
-1.11345504000943,0.0533375714166525,0.596556936555801,0.147871048237994,0.297888422787061,-0.136487467531912
-1.11197496725484,0.0563075892313273,0.595186478967131,0.148142826640161,0.296118462071546,-0.137602907642577
-1.11049219610981,0.0592600070995365,0.593804901548329,0.148410815114048,0.294368433496278,-0.138711404025834
-1.10900676180773,0.0621950243297746,0.592412274626349,0.148675547058965,0.292638333181273,-0.139812778374691
-1.10751869424137,0.0651128401527241,0.591008670322229,0.14893755720277,0.290928149437753,-0.140906850190547
-1.10602801795044,0.06801365364329,0.589594162573239,0.149197381334685,0.289237862824807,-0.141993436681091
-1.10453475211162,0.0708976636428075,0.588168827156015,0.14945555639274,0.287567445989694,-0.143072352833254
-1.10303891052598,0.0737650686792403,0.586732741708012,0.149712620439079,0.285916863702789,-0.144143411437384
-1.10154050160971,0.0766160668895251,0.585285985750413,0.149969112427127,0.284286072915117,-0.145206422980451
-1.10003952838494,0.0794508559402003,0.583828640710867,0.150225572163216,0.282675022625056,-0.146261195666736
-1.09853598847198,0.0822696329483582,0.582360789946604,0.150482540236006,0.281083653934233,-0.147307535377323
-1.09702987408118,0.0850725944023347,0.580882518767507,0.150740558013244,0.279511899977619,-0.148345245713215
-1.09552117200676,0.0878599360822093,0.57939391445906,0.151000167266147,0.2779596860098,-0.149374127913964
-1.09400986362307,0.0906318529810795,0.577895066306284,0.151261910339785,0.276426929304941,-0.150393980877874
-1.09249592487744,0.0933885392244235,0.576386065616656,0.151526330150821,0.274913539132813,-0.15140460117566
-1.09097932628689,0.096130187990917,0.574867005744009,0.151793969885605,0.273419416812944,-0.152405782981388
-1.08946003293512,0.0988569914323835,0.573337982112295,0.152065372974436,0.271944455701229,-0.153397318085822
-1.08793800447097,0.101569140594465,0.571799092239596,0.152341082964358,0.270488541144033,-0.154378995877657
-1.08641319510722,0.104266825335943,0.570250435762192,0.152621643502603,0.269051550487715,-0.155350603312729
-1.08488555361989,0.10695023424922,0.568692114458955,0.15290759830793,0.26763335302871,-0.156311924941673
-1.08335502334809,0.10961955457908,0.567124232275266,0.153199490963337,0.266233810035965,-0.157262742875745
-1.08182154219642,0.112274972143502,0.565546895347936,0.153497864833336,0.264852774808619,-0.158202836737932
-1.08028504263673,0.114916671252876,0.563960212029798,0.153803263060753,0.263490092565015,-0.159131983689554
-1.07874545171137,0.117544834629904,0.562364292914528,0.154116228386613,0.262145600548828,-0.160049958402635
-1.07720269103737,0.120159643329651,0.56075925086148,0.154437303143201,0.260819127968763,-0.160956533071376
-1.07565667681085,0.122761276658877,0.55914520102058,0.15476702913483,0.259510495964905,-0.161851477372339
-1.07410731981315,0.125349912095565,0.557522260857717,0.155105947518569,0.258219517642724,-0.162734558444158
-1.07255452541743,0.12792572520866,0.555890550180024,0.155454598746148,0.256945998095961,-0.16360554089351
-1.07099819359632,0.130488889577931,0.554250191161312,0.155813522470366,0.255689734380308,-0.164464186778849
-1.06943821893027,0.133039576713567,0.552601308367633,0.156183257442164,0.254450515551928,-0.165310255583933
-1.06787449061722,0.135577955976413,0.550944028783164,0.156564341410411,0.253228122654017,-0.166143504205239
-1.06630689248261,0.138104194497222,0.549278481835918,0.156957311131116,0.2520223286262,-0.166963686984941
-1.06473530298996,0.140618457096067,0.547604799423461,0.157362702154742,0.25083289843502,-0.167770555641446
-1.06315959525391,0.143120906203139,0.545923115939397,0.157781048767707,0.249659589106508,-0.168563859281095
-1.06157963705251,0.145611701778766,0.54423356829919,0.158212883914188,0.24850214964703,-0.169343344390862
-1.05999529084173,0.148091001233196,0.542536295966825,0.158658739128752,0.247360321020883,-0.170108754802663
-1.0584064137694,0.150558959346279,0.540831440981098,0.15911914439723,0.246233836222369,-0.170859831702052
-1.05681285769201,0.153015728188478,0.539119147982302,0.159594628087536,0.245122420373357,-0.171596313621962
-1.05521446919048,0.155461457041774,0.537399564238718,0.160085716817583,0.244025790632263,-0.172317936400209
-1.0536110895891,0.157896292319609,0.53567283967386,0.160592935400907,0.2429436561367,-0.173024433186377
-1.05200255497254,0.160320377487131,0.533939126892935,0.161116806841928,0.241875718128574,-0.173715534466292
-1.05038869620589,0.162733852982768,0.532198581209985,0.161657852070648,0.24082166999742,-0.174390967988323
-1.04876933895511,0.165136856139242,0.530451360675131,0.162216589977138,0.239781197216059,-0.175050458799471
-1.0471443037081,0.167529521104623,0.528697626101617,0.16279353722731,0.23875397739665,-0.175693729202524
-1.04551340579776,0.169911978763887,0.526937541093535,0.163389208180816,0.23773968029319,-0.176320498747899
-1.04387645542519,0.172284356660576,0.525171272073131,0.16400411478314,0.236737967919166,-0.176930484231275
-1.0422332576844,0.174646778919589,0.523398988308561,0.164638766552192,0.23574849444375,-0.17752339969918
-1.04058361258657,0.176999366167785,0.521620861941255,0.165293670445626,0.234770906172107,-0.178098956415581
-1.03892731508724,0.179342235456959,0.519837068014159,0.165969330662717,0.233804841782865,-0.178656862841073
-1.03726415511321,0.181675500187102,0.518047784499272,0.166666248756108,0.232849932196229,-0.179196824697645
-1.03559391759011,0.183999270028621,0.516253192325443,0.167384923293816,0.231905800636663,-0.179718544866474
-1.03391638247367,0.186313650846224,0.514453475407077,0.168125849769926,0.230972062699803,-0.180221723379624
-1.03223132477917,0.188618744622037,0.512648820672118,0.168889520742415,0.230048326295314,-0.180706057498133
-1.03053851461219,0.190914649379339,0.510839418090003,0.16967642553557,0.229134191760999,-0.181171241636712
-1.02883771720188,0.193201459107148,0.509025460700425,0.170487050129097,0.228229251902019,-0.181616967350792
-1.02712869293435,0.195479263684881,0.50720714464163,0.171321877121758,0.227333092002148,-0.182042923361136
-1.02541119738728,0.197748148807297,0.505384669179003,0.172181385580355,0.226445289843385,-0.182448795522084
-1.02368498136592,0.200008195909683,0.503558236733753,0.173066050898571,0.225565415774908,-0.182834266805866
-1.02194979094002,0.202259482093889,0.50172805291171,0.173976344814704,0.224693032745135,-0.18319901733603
-1.02020536748065,0.204502080054191,0.499894326531671,0.174912735230041,0.223827696308403,-0.183542724370129
-1.01845144770043,0.206736058004068,0.49805726965454,0.175875685945586,0.222968954787133,-0.183865062231754
-1.01668776369405,0.208961479604052,0.496217097612455,0.176865656768755,0.222116349214209,-0.184165702366566
-1.01491404297833,0.211178403888085,0.494374029037323,0.177883103406182,0.221269413274647,-0.18444431336835
-1.01313000853478,0.213386885191363,0.492528285889627,0.178928477178459,0.220427673594699,-0.184700560911537
-1.01133537885406,0.215586973080227,0.490680093487839,0.180002224947485,0.21959064970395,-0.18493410773593
-1.00952986798097,0.217778712280569,0.488829680537629,0.181104788959639,0.218757854066859,-0.185144613651958
-1.00771318556109,0.219962142608144,0.486977279161069,0.182236606885567,0.217928792119879,-0.185331735597521
-1.00588503688646,0.222137298897699,0.485123124925173,0.183398111627504,0.217102962309897,-0.185495127607591
-1.0040451229454,0.224304210934376,0.483267456871446,0.184589731084493,0.216279856227919,-0.185634440774497
-1.00219314047188,0.226462903384632,0.481410517544859,0.185811888179951,0.215458958576612,-0.185749323307123
-1.0003287819965,0.228613395728211,0.4795525530228,0.18706500063358,0.214639747335216,-0.185839420512252
-0.998451735899358,0.230755702191166,0.477693812944311,0.188349480804018,0.213821693762584,-0.185904374732429
-0.996561686463915,0.232889831678619,0.475834550539658,0.189665735684171,0.213004262457172,-0.185943825428435
-0.994658313931096,0.235015787708815,0.473975022658677,0.191014166693645,0.212186911424278,-0.185957409175434
-0.992741294556385,0.237133568347092,0.472115489800078,0.192395169552423,0.211369092108957,-0.185944759678858
-0.990810300666729,0.239243166141171,0.470256216139614,0.193809134156005,0.210550249568991,-0.185905507766534
-0.98886500072047,0.241344568057558,0.468397469559606,0.195256444344085,0.209729822477181,-0.185839281339439
-0.986905059367779,0.243437755417502,0.466539521677456,0.196737477895045,0.208907243144246,-0.185745705470217
-0.984930137511929,0.245522703834121,0.464682647874036,0.1982526063772,0.208081937638311,-0.185624402401681
-0.982939892372496,0.247599383150377,0.462827127321893,0.199802194917477,0.207253325888618,-0.18547499154763
-0.98093397755039,0.249667757377966,0.460973243013573,0.201386602148107,0.206420821684423,-0.185297089507069
-0.978912043093098,0.251727784635837,0.459121281789521,0.203006180039772,0.205583832735895,-0.185090310101148
-0.976873735562818,0.253779417090435,0.457271534365802,0.204661273692179,0.204741760836656,-0.184854264390283
-0.974818698105329,0.255822600896609,0.455424295361439,0.206352221247268,0.203894001873421,-0.184588560738474
-0.972746570520581,0.257857276138788,0.45357986332542,0.208079353712269,0.203039945899722,-0.184292804752082
-0.970656989334519,0.259883376773109,0.451738540764381,0.209842994866664,0.202178977201472,-0.183966599358072
-0.968549587872147,0.261900830570011,0.449900634168515,0.211643461068989,0.20131047438506,-0.183609544880658
-0.966423996332679,0.263909559057818,0.448066454037906,0.213481061124692,0.200433810394613,-0.183221239062088
-0.964279841865348,0.265909477466089,0.446236314907648,0.215356096185489,0.199548352582741,-0.182801277137664
-0.962116748647294,0.267900494670811,0.444410535373325,0.217268859460489,0.198653462894417,-0.182349251774685
-0.9599343379638,0.269882513140199,0.442589438116212,0.219219636146623,0.197748497793903,-0.181864753214887
-0.957732228288324,0.271855428879669,0.440773349926923,0.221208703352278,0.196832808307651,-0.181347369314528
-0.955510035364817,0.273819131378432,0.438962601729509,0.223236329846307,0.195905740164589,-0.180796685573852
-0.953267372291804,0.275773503556497,0.437157528604273,0.225302775924721,0.194966633800385,-0.180212285228709
-0.951003849607538,0.27771842171186,0.435358469810309,0.227408293343529,0.194014824378439,-0.17959374932362
-0.948719075375853,0.279653755467948,0.433565768806482,0.229553125190827,0.193049641835479,-0.178940656874861
-0.946412655274354,0.281579367721894,0.431779773271726,0.231737505552011,0.192070411002341,-0.178252584821284
-0.944084192685447,0.283495114593686,0.43000083512588,0.233961659426652,0.19107645158673,-0.17752910809955
-0.941733288786598,0.285400845374241,0.428229310548536,0.236225802772416,0.190067078062334,-0.176769799825992
-0.939359542641852,0.287296402473527,0.426465559997487,0.238530142266815,0.189041599820628,-0.175974231212291
-0.936962551295748,0.289181621370294,0.424709948226881,0.24087487512067,0.187999321172773,-0.175141971930343
-0.934541909868729,0.291056330560715,0.422962844291504,0.243260188894399,0.186939541343159,-0.174272592990562
-0.932097211654038,0.292920351507896,0.421224621553544,0.245686261522767,0.185861554429475,-0.173365658217152
-0.929628048213608,0.294773498589495,0.419495657771496,0.248153261260616,0.184764649262932,-0.172420730295964
-0.927134009476472,0.296615579045488,0.417776335034878,0.250661346416956,0.18364810948192,-0.171437376350689
-0.92461468383862,0.298446392926263,0.416067039788388,0.253210665282552,0.182511213520381,-0.170415159398079
-0.922069658263667,0.300265733040223,0.414368162849574,0.255801356012747,0.181353234532082,-0.169353641825149
-0.9194985183847,0.302073384900361,0.4126800994153,0.258433546564344,0.180173440249716,-0.168252385417575
-0.916900848606374,0.30386912666964,0.411003249068904,0.261107354644053,0.178971092957123,-0.167110950906281
